campaign_id,platform,influencer_category,campaign_type,engagements,estimated_reach,product_sales,campaign_duration_days,true_engagement_rate,daily_engagement_velocity,reach_to_sales_conversion_rate,engagement_to_sales_ratio,sales_velocity,reach_velocity,benchmark_index_true_engagement_rate,benchmark_index_reach_to_sales_conversion_rate,is_viral_outlier
CAMP249066,TikTok,Tech,Seasonal Sale,41760.40983539762,788607.2300062152,3304.4521287792945,4.979043570402589,0.08169628772581154,8339.692352822172,0.0052072858901488,0.080300583509826,658.9406212325855,156593.0082244602,0.17441667462066862,0.321750915012993,False
CAMP179954,YouTube,Food,Product Launch,57428.0,183173.0,2606.0,11.0,0.313518,5220.73,0.014227,0.045379,236.91,16652.09,0.921,0.859,False
CAMP104639,Instagram,Food,Giveaway,81978.43909219863,666535.6318115582,4580.094856425272,18.047228489886102,0.1096525559918952,4640.804714404504,0.005871739878932055,0.05439568527781925,255.20258948289845,35795.58378778639,0.41767440547144996,0.4948308212801252,False
CAMP139884,YouTube,Fashion,Seasonal Sale,24106.705809565126,164990.1238099374,2298.8683517271743,9.12255073302089,0.16161282938192456,2806.354165237241,0.014287288074061948,0.08216068162793363,263.3806927788934,18736.317257981125,0.456801978577673,0.9073119532514518,False
CAMP155399,YouTube,Fashion,Brand Awareness,46048.0,513678.0,2975.0,24.0,0.089644,1918.67,0.005792,0.064606,123.96,21403.25,0.263,0.35,False
CAMP235049,YouTube,Travel,Product Launch,5650.0,568986.0,1737.0,10.0,0.00993,565.0,0.003053,0.307434,173.7,56898.6,0.029,0.184,False
CAMP142925,Instagram,Beauty,Event Promotion,37049.819265028,193821.86136197948,3816.5186047906896,11.900784819633712,0.19604233697811332,3039.166678996579,0.019530969835235636,0.10477755156919398,321.20338087490745,16425.334713430177,0.505024773265456,1.1193036809241692,False
CAMP158321,YouTube,Travel,Brand Awareness,39828.96310852404,161124.8770051739,2097.5954212250463,17.952089995302902,0.2840447179394838,2050.670079010423,0.014201494237535847,0.06558413234000526,122.07703011173878,9615.64313304325,0.7336178174651876,0.8028770583437936,False
CAMP151333,YouTube,Fitness,Giveaway,10711.0,949061.0,1785.0,19.0,0.011286,563.74,0.001881,0.166651,93.95,49950.58,0.033,0.114,False
CAMP124714,YouTube,Travel,Product Launch,63416.20801208794,588236.7938906761,722.1026662573246,24.090969260982536,0.12158521472154785,2765.1366695926667,0.0012197321069546217,0.023086307559429663,24.5152721658586,24808.112327184168,0.32792159573666696,0.09256004905172725,False
CAMP231326,Twitter,Fashion,Event Promotion,59267.6990747532,689635.9402868465,2190.737669860545,10.981150787598366,0.10350726577344288,5527.580583165591,0.0027662830890580227,0.029108054869940836,200.95774507051937,63458.49418131485,0.2248090382043899,0.16380532976587878,False
CAMP148887,YouTube,Fitness,Product Launch,46013.6942839028,833461.2481154635,1403.9737819884147,7.836784547284897,0.045082253999739724,5647.162804304819,0.0022745448003346483,0.038004822417771436,170.68438315017698,102438.92376115972,0.1651281978609244,0.13635004927612915,False
CAMP159082,TikTok,Travel,Product Launch,68921.58419990471,49137.924641516445,200.40261967213752,6.998569855392163,1.3787439284221539,9848.080129121532,0.004921794581073638,0.01006198211831719,27.57079296750286,6587.925052448743,3.9132187538582603,0.24512463265911552,True
CAMP151949,Twitter,Gaming,Product Launch,4424.515160167057,297406.05231747194,306.78786680971103,25.003082939752076,0.01106947237601793,-12.711531643700681,0.0012727867911713861,0.07614963842793324,11.247822891261219,11672.06606875819,-0.019431002928948476,0.20386636347336523,False
CAMP178441,Instagram,Tech,Seasonal Sale,4383.6943513444,158455.2072900616,4394.244824785028,27.989005318340144,0.028433981685680683,280.33994845062205,0.02656689533448139,1.012814090298143,156.97718994717073,2653.964875037429,0.03960900266367678,1.6507759340104606,False
CAMP221070,Twitter,Gaming,Giveaway,70306.66302521883,447214.20657498064,3586.106844632845,2.9913039681960867,0.13287947572732473,23428.33662970919,0.0077014927347704674,0.05262784486476807,1188.9123578341066,147503.35619808393,0.45647085662260944,0.38839071284006105,False
CAMP135032,YouTube,Beauty,Seasonal Sale,57019.0,255839.0,3968.0,1.0,0.222871,57019.0,0.01551,0.069591,3968.0,255839.0,0.655,0.937,False
CAMP211326,YouTube,Travel,Giveaway,5801.970796081725,897267.2830264762,3681.5365849863033,28.060835564042044,0.024705226763959122,336.0885146035657,0.00481159388149763,0.6522752163172576,141.5292489385599,31864.026388957558,0.05364085637157452,0.1763317771218269,False
CAMP218961,Instagram,Food,Giveaway,68835.395914727,872027.1182597593,4684.126263954912,12.969449002641566,0.10686359337273325,5248.076487116266,0.0052394755056336065,0.0735384939614776,360.34695134339205,70046.62971174899,0.18155990429798752,0.2105454991050202,False
CAMP248678,Instagram,Food,Giveaway,56333.882684670374,220450.03520625192,842.7239140889128,0.9601278815884081,0.26022616232646334,56500.4785893418,0.004938823245036884,0.014183093002005313,829.6639425107154,221058.9541976135,0.8207739925946486,0.2787307843408015,False
CAMP182141,TikTok,Fitness,Seasonal Sale,45170.99643862232,177664.77907208528,4668.597524243969,15.988645968488026,0.2648194760678927,3047.1671601887338,0.027020852857560923,0.10208929838826326,280.5647785620154,9582.054052766962,0.7430940125848498,1.6212147605298552,False
CAMP132604,Twitter,Tech,Event Promotion,12908.884606782882,55880.741088278926,3120.9303936897127,14.927191857240931,0.24716444084502825,645.9932224549377,0.05425533428893564,0.24156705387906877,208.82490120305994,5360.057577505644,0.6507002848949599,2.9233202613897715,False
CAMP114537,Twitter,Travel,Giveaway,59233.15322275491,438366.43681288895,2358.026185422824,9.873912448785907,0.15584480437830797,5984.895617517359,0.006003960047499593,0.03435561020898558,232.69720478388285,42742.65753050852,0.4275059230719957,0.25845287095980335,False
CAMP175809,TikTok,Beauty,Event Promotion,99299.49174130903,689157.8465824185,1808.203664128871,2.121342195141843,0.1400732275027825,49663.006761981436,0.0015235423876115166,0.010951843067049242,898.7948960069839,344395.68805212504,0.4144326721074031,0.17400060199061554,False
CAMP179736,YouTube,Fitness,Seasonal Sale,36192.6245143905,389553.5339332361,4499.575994855611,19.09331158963745,0.09449289624957735,2053.3879477615524,0.010671218033663468,0.12637369996395842,236.24895863429322,20374.59717681186,0.20549480404959244,0.6484307958687113,False
CAMP171733,Twitter,Gaming,Brand Awareness,2261.413497853719,423693.25184703333,3645.6477246288277,12.922145033926522,-0.031834932598554445,175.07517499264912,0.008775706006578279,1.5418067962675925,281.90382522471623,30769.402640636727,-0.016378542356384605,0.44523021899123855,False
CAMP107554,YouTube,Gaming,Seasonal Sale,49921.05635921247,781537.1839011016,411.77113044130954,1.0828326206554304,0.08860784065013982,49654.65335783067,-0.0002428128868061562,0.01800868139539605,404.29097306108633,782753.5213850295,0.15173867568260552,0.023437181384977666,False
CAMP171029,YouTube,Tech,Giveaway,97676.52356656018,785127.2961583618,2079.347445240851,12.896764975181995,0.1265075913456376,7419.173212834677,0.002768625876354038,0.0295025629330207,156.46944084856355,59727.748202351344,0.4123362207042539,0.2155670810208363,False
CAMP248731,YouTube,Food,Event Promotion,31583.477888336114,327376.03669612546,745.702278558313,21.183686987050663,0.08539435037438328,1698.7483737732312,0.0017469099873906914,0.035144499212275734,48.93391292992297,15267.24074364681,0.3272671828017649,0.13853310531097018,False
CAMP102615,YouTube,Fitness,Seasonal Sale,33442.3436252202,616665.4540012063,2453.7876596941865,22.026400302124376,0.07010734351149824,1530.94546758166,0.0037416470512843768,0.06996546097250617,109.4156228606373,26440.617602918162,0.11141343388350067,0.287645117696384,False
CAMP244025,YouTube,Beauty,Brand Awareness,24208.51335276001,59226.33088301932,3570.977698252543,15.969338972838711,0.40690139101905404,1481.2800636779255,0.06297117860906597,0.14499902683749114,229.49153584593623,1495.7487622029885,1.249152778014354,3.865910156819484,True
CAMP102085,Instagram,Fashion,Event Promotion,26404.0,469189.0,312.0,11.0,0.056276,2400.36,0.000665,0.011816,28.36,42653.55,0.169,0.04,False
CAMP150254,YouTube,Beauty,Giveaway,3653.4777900848935,402895.18269833305,2766.570701858861,20.008185018967787,-0.001721056771662479,329.98105112979044,0.0068454860171240995,0.7323202720459391,142.9283285191775,22782.94754759755,-0.06504627329792019,0.3375519830853632,False
CAMP189219,Instagram,Gaming,Giveaway,58015.850883771986,70641.04204102268,2000.467539282374,21.019049126250323,0.8015524294892441,2646.508427175942,0.027768779268439667,0.037548843736689715,92.01761365405739,2147.383189849772,2.4485008755076176,1.691477551093044,True
CAMP224069,Instagram,Gaming,Product Launch,50342.2816303355,446449.7969857903,2742.441674309589,10.886004328884354,0.12573204701641852,4471.604286321445,0.0057997690307647065,0.05090425014945193,255.1730317855978,40021.54811888871,0.40833807885814705,0.35646759448380966,False
CAMP117065,Instagram,Gaming,Event Promotion,96184.55298210321,239726.47259728445,4225.629156295819,28.93536374258016,0.39457027401488637,3287.9673537781327,0.016613018525058525,0.05513758896303453,152.07786923818657,10465.79827763604,1.1606169371503487,1.1091356010235283,False
CAMP169959,YouTube,Tech,Seasonal Sale,63121.34787326799,129359.45919813153,4955.885897005089,6.92306000258736,0.467200541599937,9029.946906897912,0.038394677351299485,0.0626189260994518,705.5837935667346,18066.3481723445,1.474602436507826,2.3014089871314996,True
CAMP166336,Instagram,Gaming,Brand Awareness,88837.0,874369.0,3756.0,2.0,0.101601,44418.5,0.004296,0.04228,1878.0,437184.5,0.306,0.258,False
CAMP201724,Twitter,Fitness,Product Launch,19284.14065076397,341636.1983911566,3154.4598572425084,6.0612587765940225,0.06695459547496785,3329.261032692951,0.00936116347742934,0.16685648549315799,522.0737732759192,55306.11629662688,0.21704398432687175,0.5667170379059142,False
CAMP117420,YouTube,Beauty,Seasonal Sale,31783.506389847298,931843.9162460063,4880.671236590933,22.13016075680272,0.0478149911594591,1473.8585076570332,0.005898967263852523,0.1551698788259647,221.8394366321059,41808.76752618423,0.1854274553669989,0.2181062349489548,False
CAMP188961,Instagram,Food,Event Promotion,44793.943830884455,684627.2738427733,4644.946081942117,22.94806621659855,0.044152530321451916,2086.4326058274587,0.007249656146120548,0.0969502268688185,198.66993666933175,29710.333029887668,0.2004770867286525,0.42472591840750884,False
CAMP138747,Instagram,Fitness,Product Launch,30060.0,865041.0,1907.0,1.0,0.03475,30060.0,0.002205,0.06344,1907.0,865041.0,0.105,0.132,False
CAMP144985,YouTube,Gaming,Seasonal Sale,32699.694990112508,614518.5470169808,4118.5103209208355,19.943486260788,0.060112809707457714,1401.5466962136006,0.007468489568540536,0.12232270418039934,201.22724029542067,29691.604275663634,0.1250550804639997,0.3912773605484207,False
CAMP172222,TikTok,Tech,Brand Awareness,83838.89684342474,979303.9132525263,92.26576440993507,7.0953460672567,0.062437933534655696,11809.050991319362,0.0014559737345950737,0.009670878461639986,9.866305641453858,139657.93416506483,0.34852595264285197,0.0031982205359779845,False
CAMP101215,YouTube,Gaming,Giveaway,81428.36835388206,17174.121942526606,2428.15659397051,16.965137167783002,7.291983302270259,4834.500044833038,0.21918284422436632,0.030936736241871782,149.20483056820547,109.54875635873009,21.399006618550565,13.17984647674419,True
CAMP207268,Instagram,Fashion,Seasonal Sale,40456.47515152377,137544.95519196347,1240.332632394666,22.917883420955892,0.3250194839656216,1722.7053892462743,0.0096161983643326,0.026267250203927405,70.31432599301637,7299.9227465592085,0.9533426496002236,0.5805248897196379,False
CAMP133810,Instagram,Tech,Giveaway,71219.87303779347,777336.58292996,4285.81159552613,9.004875378439275,0.11123457615958815,7897.022962572509,0.003836676074062872,0.050671107457560045,467.49568795142295,84341.01509535151,0.2635936560440354,0.31930085674696984,False
CAMP206580,Twitter,Food,Brand Awareness,26489.610604981015,485545.6075090289,3077.6773054243267,7.013686346901639,0.018000304638117408,3766.562064449032,0.006880401792778282,0.1119240957530098,438.9689824235758,69581.98489160583,0.18660463687352605,0.3350188915013868,False
CAMP234616,YouTube,Fashion,Seasonal Sale,22176.77128340649,296281.78225833375,1236.806472445493,19.03653940881619,0.05194736597081187,1140.5151140214982,0.0047061942975641724,0.0345386097069732,60.830680137528795,17120.802473853404,0.19664866426743777,0.22779857784571755,False
CAMP127015,Instagram,Fashion,Product Launch,41024.13422864797,267454.4689206932,1663.0184770133635,23.01112342766727,0.13596112000203522,1948.914551006767,0.005195443101230762,0.030421634150938466,86.20676608587206,12268.244456258664,0.45672270642851115,0.3397764983731021,False
CAMP135270,Instagram,Food,Event Promotion,26578.244214901828,166337.693330204,3098.900479653161,3.1170806198360412,0.13580602344568493,8753.801925638505,0.01862558083906417,0.11620820078763752,1041.8427290037882,55299.689719182075,0.5297237463810087,1.1122023430061347,False
CAMP140389,TikTok,Beauty,Seasonal Sale,72842.43870698566,408732.27922694467,4860.178743515127,19.150032621031944,0.1649709032699291,3797.126091584217,0.012132738438232213,0.06727208645391106,260.06398114977554,22064.042811540705,0.48561306948719496,0.7624508960374743,False
CAMP163468,TikTok,Beauty,Brand Awareness,55152.0,914392.0,1777.0,14.0,0.060315,3939.43,0.001943,0.03222,126.93,65313.71,0.176,0.114,False
CAMP216599,Twitter,Beauty,Event Promotion,78667.52594427615,214907.755439026,4529.295734989291,15.004471463099355,0.35816310546069524,5205.336546855045,0.02200122460178229,0.053853192435945496,302.64957027612894,14683.701110294613,0.9982727354654302,1.2256406506133346,False
CAMP181553,Instagram,Travel,Event Promotion,67692.91504226864,584945.6697077737,1421.7385575903556,8.936711522758499,0.12370452655143245,7657.996944878421,0.0013030901808725906,0.012143638417548376,160.64084726739185,68396.47485611754,0.32121935402148427,0.1997823357889974,False
CAMP178074,YouTube,Travel,Giveaway,3368.23532148084,477919.4969622786,3382.7612330186016,21.200713902113783,-0.007481689982206736,0.3043600274545497,0.008400240985910487,0.8812389137058662,154.42160126866847,22526.319846002178,0.07659004324437141,0.44223989329940905,False
CAMP245439,TikTok,Fitness,Seasonal Sale,59637.65891142754,607722.4863410083,1826.963100784546,2.950868167496793,0.11063024910329902,19919.39588131557,0.0038853171531136074,0.037425508973869114,616.1030676753529,204738.16099232365,0.3505012151725147,0.12491896226269994,False
CAMP138402,Instagram,Fashion,Seasonal Sale,43210.35862304836,673385.2686862205,2905.6194041154413,3.9035663623097823,0.07898421082015254,10807.429842548809,0.005051511794701294,0.05732261296453803,718.85174165455,165994.15449497168,0.3097825818586807,0.28048701041277513,False
CAMP157134,Instagram,Fitness,Seasonal Sale,69539.39173908136,80380.45272316172,104.69511250711787,19.93829466268428,0.862731013365848,3456.274844994912,0.00013682800367218026,0.00022102679147562054,4.9182593751609,1698.1981099929294,2.6937133449836077,-0.015692733693835767,True
CAMP105443,TikTok,Fashion,Giveaway,59487.18801798848,382710.87211473944,763.1623878643508,18.90450486406082,0.15757668798078223,3364.863592330105,0.0008491817890528481,0.029841170689698316,54.79712898801952,21556.44829688464,0.5150271636076273,0.15265355376551765,False
CAMP174426,Instagram,Beauty,Product Launch,23674.280151817737,904163.6321162934,4775.462223451703,1.9305251178104066,0.024940639976747576,11968.805201252124,0.0057191325383993945,0.20732895846032967,2379.7771440322476,451238.504314836,0.08084329670882605,0.34520310500187223,False
CAMP144792,TikTok,Beauty,Brand Awareness,2524.0,56760.0,371.0,2.0,0.044468,1262.0,0.006536,0.146989,185.5,28380.0,0.129,0.385,False
CAMP124020,Twitter,Beauty,Product Launch,52518.63562013453,998082.542726204,1332.1687693778713,13.067860173839545,0.06126746571234175,3926.273042338065,0.0024221526574999055,0.04009668523069546,96.77519018638282,76979.3295564058,0.12158132842200048,0.130582841210811,False
CAMP150313,Instagram,Beauty,Giveaway,80848.0,758762.0,4399.0,24.0,0.106553,3368.67,0.005798,0.054411,183.29,31615.08,0.321,0.348,False
CAMP111763,Instagram,Fashion,Product Launch,6493.284617004702,369457.49912335863,935.466172044946,3.925693801243333,0.001647143186443139,1270.8626062848157,0.002678522778208723,0.14308537705051302,247.39741542079238,93182.00771113677,0.042631721683108,0.15685211022113324,False
CAMP118958,YouTube,Food,Event Promotion,51918.0,647907.0,3534.0,4.0,0.080132,12979.5,0.005454,0.068069,883.5,161976.75,0.235,0.329,False
CAMP143668,Instagram,Fashion,Brand Awareness,23883.113487512383,632459.6792060824,3904.3882683518277,11.011468320361992,0.049787427228186916,2219.4226777940617,0.0069620355892020935,0.17272629255022548,353.8406813969495,58673.56926984932,0.14619896323046128,0.4116193762114574,False
CAMP108985,TikTok,Fashion,Brand Awareness,61340.0,539872.0,4009.0,24.0,0.11362,2555.83,0.007426,0.065357,167.04,22494.67,0.331,0.437,False
CAMP199901,YouTube,Fitness,Event Promotion,12873.0,89267.0,136.0,9.0,0.144208,1430.33,0.001524,0.010565,15.11,9918.56,0.424,0.092,False
CAMP190618,Instagram,Food,Brand Awareness,41505.339390364876,776818.120906884,2258.968892416874,26.039302031805445,0.06685392514992759,1748.400286569455,0.0026773013488525766,0.045450938535405605,74.50523042332156,31220.487256593227,0.13592726070456473,0.06725056607576085,False
CAMP232999,TikTok,Travel,Giveaway,35021.895252276176,520589.7532086149,3971.572148206345,12.000561462094149,0.086257104157546,2835.1335342713764,0.00712671267747082,0.11528566258432914,323.4148494872177,44644.24405604104,0.14915341097831936,0.4573769265609258,False
CAMP126117,Instagram,Tech,Giveaway,18970.782233868635,544454.8315219475,1614.1056816717175,5.928114536093378,0.03807952233695434,3071.368483257327,0.0023494584877399864,0.09687054723937287,259.8754822659926,93029.9007109904,0.1205457151871662,0.11816081898013596,False
CAMP167898,Instagram,Gaming,Product Launch,55118.0,767067.0,4020.0,16.0,0.071856,3444.88,0.005241,0.072934,251.25,47941.69,0.216,0.315,False
CAMP168878,Instagram,Beauty,Event Promotion,49184.0,825294.0,941.0,21.0,0.059596,2342.1,0.00114,0.019132,44.81,39299.71,0.179,0.068,False
CAMP142334,Instagram,Fashion,Product Launch,62699.08026301329,563860.6035260977,2587.637805952395,23.044169794598393,0.08902486685385348,2768.6500435030594,0.005750701841793728,0.0377912341396583,107.89885960540846,24926.33655310837,0.30624664736524,0.3001822142522034,False
CAMP101981,Instagram,Beauty,Product Launch,79239.91265858649,801473.3242458527,4471.062461934175,22.917760159010133,0.11342651821056537,3430.9300288372765,0.005717783890461674,0.055369667926415754,192.99179461258126,35163.79631584899,0.2802595643565972,0.2794252045639715,False
CAMP139822,Instagram,Tech,Event Promotion,8228.255301336663,945082.0810545852,1329.2315429376388,16.163424686746872,0.01852073582296211,469.19237789789236,0.0009998323240314657,0.14611880095821494,84.72791357317593,61564.82206748021,-0.0018131742889237433,0.10858350856439128,False
CAMP117308,TikTok,Food,Giveaway,98661.1373761464,137286.04423945185,2250.001304108825,20.901006424682816,0.6908823070524812,4741.42637441038,0.016412921244470604,0.036448428833801894,98.35749684474439,8645.828245863075,2.161700682117889,0.9883136327335733,True
CAMP153886,TikTok,Food,Giveaway,46098.496752562096,801307.8542545988,4960.794700540955,10.855041941458,0.08930545137211149,4292.133713201479,0.005407540688088456,0.10378602399963838,448.4554038703246,74527.48183552854,0.11735697228275865,0.32384903097010564,False
CAMP206326,Instagram,Beauty,Brand Awareness,58121.86809872211,25224.507643529483,4351.504379001018,5.0045452366990135,2.6277487218051143,11550.204585113735,0.19663444996339569,0.07284652851270171,864.4212918905148,1785.0515261731312,7.9607678739104,11.775615733328314,True
CAMP203999,Instagram,Gaming,Giveaway,72810.33134051702,487834.96406612487,2455.6459977787754,5.929900353044475,0.1483168783744605,12409.635194314007,0.006011667341282975,0.03511352028435897,402.5190279901803,82928.16220924379,0.46835003854398316,0.22530659108991802,False
CAMP149781,YouTube,Fitness,Event Promotion,81218.31849763822,41052.3965629461,2026.4931117562214,26.952975243348888,2.06839148324818,3143.604851386647,0.053131158652038685,0.022061730460951376,73.01222238616043,3755.4912304054287,6.148275529130624,3.0617091262635627,True
CAMP162192,Instagram,Fitness,Brand Awareness,29670.91499995609,246803.25034990965,1816.076321759064,12.87080360701893,0.11552243764616318,2059.0022710819085,0.007124171810240543,0.06499431723750945,139.32676023320093,18549.382426955897,0.3823140519653,0.4934555954521144,False
CAMP235537,YouTube,Fitness,Giveaway,83118.43162592941,367769.52027128474,3731.6849981535534,2.907857690505294,0.20768971053869556,27642.958147888465,0.008592023615136595,0.04439085312319589,1243.0714816205736,121285.87066786435,0.6844337802541858,0.4891279152028485,False
CAMP249855,Instagram,Gaming,Giveaway,64532.51666281934,574260.5344711816,204.62789452889916,18.945493108144987,0.10226905212409723,3249.336206246363,-0.0006485133836241245,0.008989911814687269,8.85393228852215,30201.46140408046,0.3724009878033936,0.06442140726536909,False
CAMP193598,YouTube,Fitness,Product Launch,73670.00115591747,810156.1220013151,392.208802602469,14.08133318465613,0.09441290274486423,5379.889185489469,0.00016738460557366583,0.003910058283182776,36.31408979240712,58417.47337683058,0.2653586398758216,0.06339550573963953,False
CAMP143007,TikTok,Fitness,Brand Awareness,76680.72759043124,399347.7486152139,3642.8743713138083,4.948385327288681,0.19729943669333763,15484.825106698949,0.01055438656111114,0.04963157759837944,727.7002142598419,81335.62944153138,0.5961552090008808,0.5901358020563807,False
CAMP236111,Instagram,Food,Giveaway,5088.705266061253,735751.6070373403,4088.6880734050837,20.91941940980248,0.014262945185486545,420.6677067160971,0.005890044556686719,0.8260275243293145,196.808130390037,35915.31825964181,0.07357859362872375,0.39064491563405873,False
CAMP123738,Instagram,Beauty,Product Launch,87677.68490000772,963641.5193080385,1862.591025795098,15.042155216749173,0.10601121040309741,5821.347593685523,0.0010623056859516739,0.01683485528950632,133.09234724362054,62924.330349796226,0.3589227355500568,0.13949103057981116,False
CAMP128120,TikTok,Travel,Brand Awareness,54458.720027877476,216647.54235308885,3256.024240044038,18.863394865897014,0.2354118441201153,2867.628628969528,0.015122637107949529,0.04855835150002398,179.27682914495978,12237.293901905634,0.7718651252916011,0.8430685590132462,False
CAMP181871,YouTube,Fitness,Product Launch,27521.08536470378,99969.32863105941,3224.546706875755,20.06633513981165,0.2975332654803514,1092.1252228302415,0.030508934657084125,0.11615977816217456,158.93552598470876,7534.671345128128,0.778766993814737,1.9158640643272087,False
CAMP159448,YouTube,Fashion,Seasonal Sale,62984.52740025789,836762.0311142543,2894.5407993325057,24.975227196376085,0.07645352812729905,2432.2934121208905,0.0037741450495901397,0.036211422543647766,126.65965927716881,32733.268731334894,0.14757172500657498,0.15182184672994545,False
CAMP172461,YouTube,Tech,Giveaway,18038.817921047288,304440.39129190525,3343.7218858363,3.9629315582808555,0.0423438673407939,4345.872178194187,0.011152774561071043,0.1657719049650015,835.9010926780834,76412.06668068965,0.16527695842288992,0.6543096435439913,False
CAMP151662,Twitter,Fitness,Seasonal Sale,34752.0,648134.0,3237.0,29.0,0.053619,1198.34,0.004994,0.093146,111.62,22349.45,0.149,0.28,False
CAMP114324,YouTube,Gaming,Giveaway,39436.70833872114,806445.4466859552,3173.8099111822585,9.00026118661155,0.042540659906284334,4499.748929248221,0.003407647523076989,0.07520336748722013,350.57048620826623,89966.95745621396,0.14587100673276254,0.2033155339169188,False
CAMP241930,Twitter,Fashion,Event Promotion,7603.512168123579,899767.2179601601,114.79744265826167,26.152698614022928,-0.007559385156649017,389.5171071803319,-0.0003724823461125551,0.013692919893621563,19.38511256268585,34101.96017941806,0.052937314884476845,-0.008093432269728789,False
CAMP177018,Instagram,Tech,Event Promotion,48402.83658070223,133071.59328512585,4451.365486976373,9.923888119401996,0.3376934323889538,4683.7668069148,0.03325059712228771,0.09601986057982916,446.10964063590677,11872.019939614996,1.0797068208471605,2.019148792830381,False
CAMP129248,TikTok,Fitness,Brand Awareness,28805.03487031976,515054.1665364655,317.33279491540975,18.040140056300373,0.02297294684539076,1498.22051436441,-0.0012009057142477286,-0.0015399030108155989,19.667186438541453,29267.752868668293,0.09976912813645582,-0.038858506732152166,False
CAMP224562,Twitter,Fitness,Seasonal Sale,49633.43803002384,215377.8012857562,441.33954619440846,10.029386314896286,0.1972475861091124,5038.424943698126,0.003014544074156062,0.0005740172390052457,45.88777050346505,21560.448692689715,0.6177580982521629,0.10806161149452617,False
CAMP117624,Twitter,Tech,Product Launch,82890.61807296082,668075.3094841205,3867.0556816686517,16.949362346157095,0.149723471735128,4806.428992732232,0.006167085899918965,0.04677792581453674,227.30202253599703,39442.970562334136,0.41315556824026833,0.42263527974847737,False
CAMP133319,Instagram,Beauty,Event Promotion,27146.0,583273.0,1173.0,14.0,0.046541,1939.0,0.002011,0.043211,83.79,41662.36,0.14,0.121,False
CAMP225619,TikTok,Food,Brand Awareness,65370.230302168304,696.088923659845,1520.2625556173416,13.976895574770348,30.488906640081073,4716.206714414636,0.7071016962379116,0.021190164924718334,114.9763153509449,-2604.233183952477,88.69880658293464,41.68115407245053,True
CAMP226314,TikTok,Travel,Event Promotion,98688.0,35868.0,4647.0,23.0,2.751422,4290.78,0.129558,0.047088,202.04,1559.48,8.007,7.633,True
CAMP236220,Twitter,Gaming,Giveaway,11826.992169318697,197405.87182849756,2400.3409179443374,3.0718098510378318,0.071490156438399,4023.3185652482052,0.011448515747167584,0.19466019204602492,788.2264096698718,64500.599866776036,0.15739135019986172,0.6885552725225875,False
CAMP197956,Instagram,Travel,Event Promotion,27973.331952160228,34055.58854554053,4323.150981515889,29.075811175403015,0.8023005700774392,1034.7083705294215,0.12405026682229489,0.1719457244602459,161.0192995779046,1945.668118948946,2.423419493268307,7.4725892045328886,True
CAMP163224,YouTube,Beauty,Product Launch,8036.0,12270.0,3733.0,2.0,0.654931,4018.0,0.304238,0.464535,1866.5,6135.0,1.924,18.377,True
CAMP147226,Twitter,Travel,Seasonal Sale,64097.954425758835,423556.18853495404,598.004380552637,11.988675413923206,0.1339795218968314,5476.3091310187665,0.0008049097830011355,0.012945154869268775,48.665851876647444,35435.962549393116,0.4326805956277163,0.12938823526017612,False
CAMP174902,YouTube,Tech,Product Launch,52069.886585518034,27736.701103222662,4908.993913431532,9.06757155360852,2.3801829905563636,5724.935445244227,0.2240241514718097,0.09515982506816016,545.9853966183753,2933.8155477365385,7.1413777689365965,13.63530784728472,True
CAMP120887,Instagram,Fitness,Brand Awareness,49358.44002360663,631718.4264952627,769.0304104255159,7.026450889562217,0.08259973578501995,6927.412001954036,0.0015966440669008886,0.0027119077595886745,95.20226491914184,90602.69320148582,0.245639875481867,0.08770834378279825,False
CAMP244474,TikTok,Fashion,Brand Awareness,59108.93941214208,83508.9734187432,4050.139897596004,19.975413556737738,0.7730437482551917,2781.4646811296743,0.05084974410027953,0.07334298608964772,204.04290699012492,1286.7568636679648,2.032316000628614,3.0627003506634196,True
CAMP227526,YouTube,Fitness,Event Promotion,30732.03351918466,810213.6428364672,4301.257741084454,14.875043906988944,0.03802151221695474,2132.208901259259,0.005411070935229156,0.14339475174697827,284.09791704281474,51488.81648905531,0.14271616282843638,0.3401853286185404,False
CAMP185795,Twitter,Travel,Event Promotion,68326.3397628492,745603.3156680694,4544.060188391293,20.115983384562348,0.1093783069988498,3461.1541884738026,0.005639925194918218,0.07841482397106395,228.6887180041605,35842.50696031954,0.22741593838237328,0.32447720150990983,False
CAMP160695,Instagram,Travel,Seasonal Sale,92123.0575321926,254977.39962087845,3140.6615294782637,11.024954930415651,0.3683987078249289,8496.26469327699,0.012852945515047206,0.03641131262037383,276.5939525100606,21167.619344857267,1.0739018168056,0.8116722676102822,False
CAMP248951,TikTok,Tech,Seasonal Sale,67769.10908081682,869600.3253543833,2427.6078576824357,8.010242601408114,0.06490309646209283,8416.614673688973,0.0030812827533529094,0.036507302032449104,311.53126427353294,109891.99180059196,0.1628665719549235,0.18478831609948682,False
CAMP106640,Instagram,Fitness,Seasonal Sale,21066.703851557355,678393.0343742142,2654.06779047725,14.936100072821255,0.04231539530339817,1308.0657215115639,0.004729571339449425,0.1379878021950912,182.20112108644489,46484.279135501965,0.036637974387818205,0.21127885913100758,False
CAMP197836,Instagram,Travel,Product Launch,82034.0520568337,533180.0370433942,3202.061347513531,9.01324973266682,0.1241173678003041,9078.836856336342,0.00529846800009254,0.045390244487885485,364.12398823225686,60435.14722291219,0.5131558087513296,0.42424527403184964,False
CAMP223002,YouTube,Gaming,Event Promotion,68763.01776519505,841721.4749565757,1311.5130077187816,6.935950905261699,0.08468754285767614,9920.067213559993,0.001401390882015634,0.0026751660833069096,193.01239776302674,119347.94034878143,0.251299700196442,0.12716103418405583,False
CAMP118959,Instagram,Travel,Seasonal Sale,58262.04136036225,213756.83500325683,54.82550697802348,20.092862578789724,0.28511235316638717,2663.215939078687,0.0009611465000901376,-0.001270929876295685,-3.5540226399245496,11540.208292811767,0.7952730233042135,0.0201120513051224,False
CAMP169254,YouTube,Travel,Giveaway,22413.0,457299.0,3832.0,13.0,0.049012,1724.08,0.00838,0.170972,294.77,35176.85,0.144,0.506,False
CAMP158170,Instagram,Gaming,Giveaway,90477.68081955914,577520.1027150988,1512.3715521870806,22.923631710705653,0.14090375565689578,4005.26044292999,0.0009295259131788696,0.02345971024920253,66.8866653557006,27248.020378349604,0.499604427872933,0.272330975534099,False
CAMP117527,TikTok,Fashion,Seasonal Sale,75881.05000303392,65079.05205786285,2222.9217853526443,15.896852247411584,1.2411835791038826,4917.445745745697,0.03680633255108946,0.038945054127584415,141.19448407703857,5233.518243829159,3.631568260464421,2.2092719890123846,True
CAMP125636,YouTube,Food,Event Promotion,10136.001798980615,479322.28484670987,4493.588360763052,26.92899760038757,0.028480369943255313,594.0269747772343,0.009631506552485455,0.4283984704001246,171.96194383171292,17719.988711060596,0.07955019420580568,0.6507044270572605,False
CAMP249135,YouTube,Gaming,Product Launch,47530.89789085014,626232.1351856668,3978.257080165323,8.008619162136874,0.09382459181577228,5875.959566943835,0.0064309919103354915,0.07747966566755152,493.41137028998696,76594.03255127544,0.21660115889456752,0.37056337532813827,False
CAMP178676,YouTube,Gaming,Brand Awareness,39434.54748392062,881283.2830511313,3995.7111078126477,18.029500444799044,0.038330251500636216,2051.1272477403127,0.0029828699497861186,0.11167113708961517,216.38265826437905,50988.95776032265,0.15635783403403009,0.2065738668769331,False
CAMP115674,Instagram,Travel,Event Promotion,2597.6613367326954,525514.4000198727,3817.060991007272,23.086385740001887,0.026214939881093705,63.17050792458934,0.006136746177554525,1.3488059039631226,159.25826504716284,23277.7881547492,0.0046373671639917385,0.4228901113871053,False
CAMP215771,Instagram,Food,Product Launch,47165.0,176573.0,96.0,9.0,0.267113,5240.56,0.000544,0.002035,10.67,19619.22,0.804,0.033,False
CAMP197845,YouTube,Beauty,Brand Awareness,19956.421474488096,385595.00114694826,2758.429641346671,23.002060728652218,0.036747926623216305,805.0714234304544,0.00766444738774442,0.1372456660230133,118.48674731926522,15065.168115004084,0.0479261175294107,0.4696178961865076,False
CAMP233192,TikTok,Gaming,Product Launch,33271.79392642635,723633.3000690684,1261.8687335890722,14.016995277810828,0.04478514090141974,2434.985163240285,0.0016434555895932276,0.03962430024753655,89.70097619991031,49546.45557286785,0.22748470463319592,0.13996273570256032,False
CAMP179693,Instagram,Gaming,Brand Awareness,94225.29741297552,353313.7565467364,4960.799391779806,17.01649295085436,0.2411270534124285,5791.959274760547,0.014345575230098825,0.05168301618668664,290.00914384130306,21644.2979552307,0.7992093922977259,0.884691206452724,False
CAMP166036,Instagram,Beauty,Brand Awareness,97806.67288068582,945142.5299004471,2812.231937322716,1.9372664219980704,0.07990338283207135,49011.391130034266,0.00212994367331343,0.02231711523078566,1406.2278733960986,474513.19003481616,0.3389571603191979,0.22457831395379077,False
CAMP204623,YouTube,Fashion,Event Promotion,52549.96893789185,440443.7144089582,350.49763320131524,16.894987908577562,0.10655673314982333,3044.457720998584,3.170556670413255e-05,0.025390547373213022,20.938559247541217,27316.476255168094,0.30725266746427543,0.11643310861474691,False
CAMP200075,YouTube,Gaming,Product Launch,97922.0,997344.0,1775.0,2.0,0.098183,48961.0,0.00178,0.018127,887.5,498672.0,0.288,0.108,False
CAMP170283,TikTok,Food,Brand Awareness,58969.38890003639,640465.5629975761,3059.6082117308474,25.938246119072502,0.1213194416402911,2154.8638981271474,0.005587358701060424,0.043091569117072154,115.05469669276157,24558.423425931902,0.28596598757083214,0.34544808981904396,False
CAMP203660,Instagram,Gaming,Giveaway,56972.0,102745.0,1409.0,24.0,0.554499,2373.83,0.013714,0.024731,58.71,4281.04,1.67,0.824,True
CAMP132208,Instagram,Food,Brand Awareness,97010.05346314798,361293.8593835329,2235.4968743041636,12.880975517540557,0.2801549865030554,7668.896330080507,0.006110468573093519,0.006551063852026997,172.8305838853437,27342.15751841606,0.8915895464388481,0.4090963531252899,False
CAMP103572,Instagram,Fashion,Seasonal Sale,55240.82008341221,122656.72911995192,1097.90657861164,9.953397961129976,0.47061731647635174,5343.4255855410265,0.008716036884802027,0.01954089955517257,122.639510049943,12413.606967171205,1.3947196141091578,0.5232141977424873,True
CAMP151655,Twitter,Tech,Product Launch,81617.06014317065,311459.36694466416,2045.6306047417304,2.0072150633716372,0.2721076717523225,41023.27679879351,0.006851245876824839,0.021565392287240703,1020.5649726338902,155732.73933502677,0.7136497615975665,0.3981714846574895,False
CAMP180603,Instagram,Gaming,Product Launch,94250.0838940837,93510.94436893107,4194.756807756848,8.957945940221299,1.0268951996633537,10288.499764387214,0.04585110653505453,0.052836483671158035,464.6823709535133,11547.125566823639,3.1339629871253605,2.846204071960049,True
CAMP147124,YouTube,Tech,Product Launch,39434.686436689044,69742.96272252875,4104.564668662607,25.065840547172005,0.54888876017895,1532.2514821286395,0.05519827151186174,0.10574789574045751,168.81753502615524,4239.001529625079,1.5838520714091762,3.343727808914691,True
CAMP100971,Instagram,Beauty,Seasonal Sale,13932.993087468021,349523.6588894205,593.1315806292658,16.01542296031475,0.052588243311096114,965.4370042545764,0.0017846429674299913,0.04506913725576719,38.86575745727709,22189.529303180254,0.1640875058704826,0.10534695307182396,False
CAMP164555,TikTok,Tech,Product Launch,57766.27149113934,662429.4923370124,1305.6029304403696,4.841971804759623,0.10407948578985893,11298.6776218539,-0.0003394528975026417,0.03617767968033338,265.58249543249144,130846.02111141669,0.244767784660092,0.0864596017310872,False
CAMP185116,YouTube,Fashion,Giveaway,67657.3626748845,555173.372355164,4243.171694297891,16.948472345456103,0.12507394891946758,3775.3068462609035,0.0065438096298941345,0.06970329776015113,248.53784306601938,30369.968333586054,0.24781899081406394,0.4112349121713156,False
CAMP180349,YouTube,Fitness,Product Launch,11484.202357822089,423071.3677953403,774.0265659163524,2.0288841732334824,0.020565458069127438,5594.452801426829,0.0023162704483956093,0.07743860316072235,386.9173364033928,210332.217763024,0.0652940828467062,0.2000125390286357,False
CAMP216602,Instagram,Gaming,Event Promotion,31909.443281783868,734155.9597636525,3124.1721475769336,6.919970694875535,0.07121679190114902,4772.775823612478,0.003634351437294129,0.08989411414059179,439.3221942680131,106740.84358532005,0.1841293521524125,0.19705023082102494,False
CAMP140810,Instagram,Tech,Seasonal Sale,53863.0,2683.0,4436.0,17.0,20.075662,3168.41,1.653373,0.082357,260.94,157.82,60.461,99.336,True
CAMP228185,Instagram,Gaming,Giveaway,86068.99660495369,217172.71285224883,2261.2635717313265,1.9089886901604747,0.4016016346531974,42834.731494775486,0.00970016321075592,0.019683699615785942,1126.7298007367908,112138.37132158461,1.048540604574731,0.6682490808294016,False
CAMP120473,Twitter,Beauty,Event Promotion,58077.0,466679.0,899.0,23.0,0.124447,2525.09,0.001926,0.015479,39.09,20290.39,0.345,0.108,False
CAMP117410,TikTok,Gaming,Event Promotion,42126.13621254143,127049.73727535321,1350.2021081620903,6.8300871297316945,0.35393229723276476,5926.014287533447,0.010940283418478785,0.04027493636780375,194.1794865711573,15683.958232349016,0.942390009196623,0.6801121698424866,False
CAMP106351,Twitter,Fashion,Event Promotion,83168.23279860421,465792.1293389964,3118.05216645261,16.887938616708716,0.18441127277932973,4800.736147125458,0.006866540211591459,0.044914266604902754,178.53176905696282,27339.020076791403,0.49058413363748704,0.39292843997104154,False
CAMP168391,Instagram,Gaming,Product Launch,47006.73705819503,29845.430623139913,364.677744520403,17.939203434301525,1.777208932611753,2707.507136373267,0.013263588013613103,0.008989708144082299,18.137495102351345,1523.6786241634868,5.457861229995058,0.7462442127944979,True
CAMP122740,YouTube,Tech,Giveaway,82650.4605208634,125517.78322943008,4692.439759808363,9.85777369136501,0.6517879448816235,8187.708048482354,0.03866767936926635,0.05955324790314748,473.29163863532324,13114.13932620702,1.8795390155220948,2.3005938003271837,True
CAMP169102,Instagram,Food,Seasonal Sale,18157.785361674898,321746.3644400572,2697.8314576049765,20.04896728854769,0.06154447755945204,715.6534319625559,0.006315148169606323,0.144317263680176,134.98018669928706,13961.72532649005,0.27744773296248876,0.5387199485185199,False
CAMP215030,TikTok,Beauty,Brand Awareness,32556.886312283797,873207.1503692113,2152.0908214046212,3.176508102922963,0.03964171765849869,10841.495862696544,0.0032518276247183726,0.0663484513196799,719.35144063582,290354.04094608343,0.07535878466647115,0.18899659764008625,False
CAMP106752,TikTok,Fashion,Brand Awareness,90996.42800775198,344477.20511262264,467.7963141546855,7.064813152604421,0.26122518510342635,12953.045212705665,0.0007024225260200428,0.0006239213027756148,62.62173851077066,49215.56141424954,0.7849680648385347,0.11867231825241055,False
CAMP236450,Instagram,Beauty,Giveaway,78342.18270490199,625436.5681458943,4594.956925057216,6.834607192896118,0.12223939147027872,11052.172945607346,0.006711960534206653,0.06919440748765429,666.3114332694723,89713.31195341978,0.40677769143508663,0.48599849821504515,False
CAMP171137,TikTok,Travel,Brand Awareness,60634.63774218297,68160.39566423265,1192.2042251054195,4.02660342298013,0.9103980060434758,15303.054525438387,0.015665167356480127,0.014414220592848241,298.88825854735495,15642.85112226582,2.6389633595345785,1.0562479406334926,True
CAMP112473,Instagram,Fashion,Product Launch,28917.049170609094,644951.0536016482,4901.439852705495,2.0517321781245883,0.036595738559081985,14411.626229654934,0.008927156202418856,0.17375655643075177,2443.2751764892996,323891.1094020054,0.162879017150147,0.4725498061068937,False
CAMP106298,Instagram,Fitness,Brand Awareness,41695.0,858157.0,3841.0,12.0,0.048587,3474.58,0.004476,0.092121,320.08,71513.08,0.146,0.269,False
CAMP231960,YouTube,Food,Event Promotion,34814.710346811844,94283.8891882056,2158.045085073585,3.992996650300404,0.3670824229333156,8642.224730576369,0.022276392676810787,0.061189445512348714,540.55087379738,26605.2507853646,1.0851039775360583,1.325032000325706,False
CAMP169927,YouTube,Fashion,Product Launch,79759.25155836588,283609.4434700093,2353.050598501197,23.98776760991238,0.2699529692893332,3230.7365017485718,0.007668254673306278,0.038332620531178786,102.11764552348937,12177.260697776674,0.8340818694079125,0.47115897661751427,False
CAMP228858,Instagram,Tech,Seasonal Sale,85433.0305671449,788618.7205047185,2896.0927992363295,27.965861903737057,0.12028546012789149,2890.257648541874,0.0034481764755293818,0.04315671870995845,100.20027122396186,27492.58116630472,0.31605940997864934,0.3180396254054581,False
CAMP155070,YouTube,Food,Seasonal Sale,85368.0,181565.0,25.0,11.0,0.470179,7760.73,0.000138,0.000293,2.27,16505.91,1.381,0.008,True
CAMP121219,YouTube,Fashion,Event Promotion,99746.0,477946.0,1672.0,23.0,0.208697,4336.78,0.003498,0.016763,72.7,20780.26,0.613,0.211,False
CAMP123393,Instagram,Beauty,Event Promotion,15170.737701535749,218425.2532197975,1019.4700355303531,5.046645768847392,0.0547870571531998,3060.5583035332315,0.003654272857366834,0.06623511976521239,198.071696222353,43918.44080012029,0.21605568794996977,0.3063359274579179,False
CAMP212861,Instagram,Food,Brand Awareness,59802.43490157324,654912.0933466906,858.474937795105,19.065123020317426,0.09596053605558011,3002.743982540137,0.0029853336881181716,0.005066696603009211,51.55981961360171,32234.663391924496,0.28413179481122985,-0.006301171793150609,False
CAMP223551,Instagram,Food,Giveaway,21411.0,196487.0,3383.0,9.0,0.108969,2379.0,0.017217,0.158003,375.89,21831.89,0.328,1.034,False
CAMP136391,YouTube,Tech,Product Launch,23733.14710599639,520715.5646175006,648.5559817213518,8.03996824810417,0.023742914321919214,2989.823764050262,0.0006263959213940549,0.029429936731753894,81.8198734766965,66323.20869005639,0.18819530115436878,0.08833809336970397,False
CAMP125486,TikTok,Fashion,Seasonal Sale,17474.018978514247,985249.317180939,2269.182043454079,25.981770317294686,0.006682541703845253,638.0589305920181,0.0031908478770243665,0.12750421857504537,85.63462406611808,37597.27774935868,0.08752123643356674,0.18552534052509917,False
CAMP215138,Instagram,Food,Seasonal Sale,74160.0,590477.0,1585.0,23.0,0.125593,3224.35,0.002684,0.021373,68.91,25672.91,0.378,0.161,False
CAMP121563,Instagram,Fitness,Product Launch,97326.39947978342,335507.96621229954,1789.162433881791,13.047458188319741,0.2835001705834171,7575.801359934806,0.0051515253938350675,0.02304735166786285,134.91647584775453,25757.960628204513,0.9237386041442611,0.28683981434028116,False
CAMP192660,Instagram,Tech,Giveaway,74468.0,994525.0,3729.0,16.0,0.074878,4654.25,0.00375,0.050075,233.06,62157.81,0.226,0.225,False
CAMP216134,Twitter,Fashion,Brand Awareness,61425.273772690896,647361.7354850646,1010.8977443708161,7.908250350561293,0.08764120203976791,7809.180211067624,0.0010287792228093613,0.014080270840774714,121.3959495017608,79651.9715808247,0.21959914460666466,0.05712762340431696,False
CAMP203621,YouTube,Tech,Seasonal Sale,49742.294799100775,18329.554562964884,2762.44510945429,20.016241375779487,2.367045571544139,2603.8252795739063,0.13023640651437707,0.06468354348841626,139.91305943466162,171.20869723953388,6.97904041419293,7.823288461782325,True
CAMP239900,YouTube,Beauty,Brand Awareness,11733.493220910183,59647.61964352339,2819.0689062131196,28.929273232621636,0.20327422853488983,482.7548999407544,0.05037258200607426,0.2475540753549401,97.29093889809086,961.5984093774217,0.6241314934565223,2.9970046938777313,False
CAMP247877,YouTube,Tech,Seasonal Sale,31819.6222913097,564600.6232977144,1634.9163464426265,25.14061745545382,0.06971049230397798,1244.4205295609534,0.001979267169164381,0.048378840147928516,79.30932872005266,21736.20296289065,0.14301301738118088,0.13869057135990648,False
CAMP138062,Instagram,Tech,Product Launch,57533.09540240442,932511.0894555105,1336.1095375992095,16.9624883665367,0.07117853745990003,3399.9121384362543,0.0009802774425869637,0.015768404069171654,77.40980219153016,53998.08236225908,0.17440436459716058,0.06567048425783185,False
CAMP227417,YouTube,Beauty,Seasonal Sale,80801.2639320021,325932.23281876085,4282.672135768826,5.21105653839022,0.24256829451181502,16090.253695435867,0.014558771197739927,0.0400070358288791,855.8114970713993,65395.090830875655,0.7697751195002456,0.8743273312078206,False
CAMP121760,Instagram,Gaming,Brand Awareness,44365.61723662073,249012.48501882405,1205.5276508646405,27.148771334242376,0.17377694175228564,1535.604195794285,0.004913713391089132,0.027275050818059695,51.938260219862755,9117.305308447074,0.49498335348692163,0.28620982362700187,False
CAMP110862,Instagram,Travel,Event Promotion,6971.24887005317,130912.82628884021,2082.843156211554,28.97434542546796,0.07016481835698424,122.23269587733387,0.01683627518075753,0.30053369251295303,63.17795864610129,4307.212888329097,0.1743792397693093,0.9341122012878279,False
CAMP114936,YouTube,Travel,Brand Awareness,16417.344705662843,886.7463961329729,2697.9490311459294,10.135834710492334,9.801395625092773,1639.5118275129296,1.552850915152384,0.17606879333493436,275.62391609880876,-2220.752850880335,28.8398712604523,93.7910398572842,True
CAMP241579,YouTube,Travel,Brand Awareness,84875.81923754959,396552.89969092415,161.6293758794023,4.957550623246312,0.24364311876321754,16858.5231862564,-0.0005787783786998901,0.009001568911801688,36.46579808320884,78548.2219017557,0.5658364898659456,0.02729631464736574,False
CAMP109138,Instagram,Fitness,Product Launch,26037.196672751477,672173.6489958698,4472.913022623221,18.04676185015461,0.020258652320753832,1274.310057147301,0.007818966974583896,0.18520302170880015,241.57799613503775,38742.83281008821,0.15191147964009216,0.36317988504158755,False
CAMP125768,Twitter,Travel,Event Promotion,57739.0,489487.0,2788.0,28.0,0.117958,2062.11,0.005696,0.048286,99.57,17481.68,0.327,0.319,False
CAMP225933,Twitter,Travel,Product Launch,72437.10811015782,567695.4157730524,171.21067148278482,18.956150425429094,0.1159744811754663,3914.454742452069,0.0012044388024232589,-0.004194059551551173,15.880991052636528,29518.49978954022,0.3292654770209294,-0.03495962875591052,False
CAMP249992,Twitter,Fitness,Event Promotion,13656.924161855864,259507.95575486007,139.82702352856694,15.02242227699712,0.061312981020533654,978.2442294641028,0.001807434317805094,0.00799068658418636,12.407265283897566,18963.249149672112,0.13444251468616153,-0.017127751499744107,False
CAMP115096,TikTok,Beauty,Event Promotion,19897.136819009935,286517.7017500409,517.1805390132652,23.981861543790565,0.05455745233930221,823.0823696939203,0.0030320597347986296,0.015471604287942812,15.057616564565958,12394.115871061982,0.2802952962031267,0.1327949096418211,False
CAMP151005,Instagram,Tech,Brand Awareness,8034.655684568587,353328.7764120175,3934.129267655885,27.06628144366826,0.028277799490985224,354.4970571702914,0.010301918980422833,0.4860453426121613,146.50329353991725,13373.650462818316,0.011627098778445082,0.7308204201242606,False
CAMP146619,Instagram,Fitness,Brand Awareness,13062.883822629778,254872.52921122342,637.2330978832626,1.0195810538191281,0.04347959900052419,13212.539624800429,0.0020924143375512737,0.020815400089399166,631.9557963148583,254758.24897208318,0.09997134448379177,0.25726037365116017,False
CAMP190985,TikTok,Tech,Brand Awareness,71285.27409632994,579990.0495609251,2027.2877542795613,9.077519303298416,0.10135676219110823,7994.657793554582,0.003986054580247114,0.025998103701136286,231.66481675207805,64701.82680055002,0.32888728832172176,0.22767475185652894,False
CAMP219854,Instagram,Gaming,Seasonal Sale,26798.911175254103,299682.15534897055,3110.5108102836034,26.84738591176823,0.10619676318054043,1066.7575466206376,0.011860268736125147,0.11261930201441406,116.24839551203459,11459.987765496342,0.2852703939258183,0.560364946522121,False
CAMP198605,Twitter,Beauty,Brand Awareness,76621.0,254242.0,3596.0,21.0,0.30137,3648.62,0.014144,0.046932,171.24,12106.76,0.836,0.793,False
CAMP157217,YouTube,Gaming,Seasonal Sale,93222.10951856602,365932.7541650883,1298.110191129985,17.001922103429706,0.27862010668641285,5483.057061723106,0.0038052355693953075,0.00372694870465287,80.68762556385298,20420.959003042895,0.7569951187312826,0.20485101189226018,False
CAMP176926,Twitter,Fashion,Event Promotion,97683.56315449282,512958.48582289804,840.6098040158018,12.977277902814448,0.18926966226949424,7430.5682585623945,0.0018156882856926286,0.005233747229202049,56.2893980076555,39507.718231656414,0.4778984490613345,0.11927499709509345,False
CAMP155762,YouTube,Food,Giveaway,47931.99731780198,638705.9697852834,4686.66112168999,27.96861233333524,0.03105466925050354,1800.768394851888,0.006096918189456775,0.11489712399769877,160.5129914433913,21616.26365312447,0.2745819312770009,0.38774324085918,False
CAMP214335,Instagram,Travel,Event Promotion,51985.42039142354,23699.18892254392,1290.8789423692917,11.07064839622796,2.0436493552277786,4866.978261524388,0.05065842576878573,0.025440204172463985,122.5424688496475,1564.2853935387525,6.1469513046035855,3.055621730700699,True
CAMP116125,TikTok,Beauty,Seasonal Sale,8773.057212767235,509272.13976721955,428.8113103561705,7.038095990036524,-0.018457821873221526,1221.7964705286718,-0.0003205331541384853,0.05634127060607826,68.19353886569594,73329.31591219328,0.025629316495036976,0.041379195095139425,False
CAMP134025,Instagram,Beauty,Brand Awareness,19360.52575883828,338211.00208016555,715.4446672463864,21.000226578761225,0.06627362717978545,1036.5136013349324,0.003916709898912451,0.032659545719446625,32.72726911243885,18021.044608152934,0.10754418637212679,0.09484507844608805,False
CAMP184231,Instagram,Fashion,Brand Awareness,77193.15752875873,682652.5556741168,2115.8317867394417,4.158602235042041,0.11392921135604574,19246.321118852207,0.0036884793910661614,0.05011446231505634,513.1384381813363,169725.47460500404,0.3394743201481322,0.21902119727589037,False
CAMP139080,Instagram,Food,Giveaway,41808.21421249735,651304.5402952102,3155.0435296609494,13.100301981764758,0.053515941572692495,3148.346566796173,0.004420556464420426,0.08019914461059363,245.33404296711177,49710.139328180165,0.21396265939118675,0.23813467637014285,False
CAMP162036,YouTube,Beauty,Brand Awareness,36279.0,579686.0,2371.0,15.0,0.062584,2418.6,0.00409,0.065355,158.07,38645.73,0.184,0.247,False
CAMP126706,YouTube,Travel,Event Promotion,51870.0,128664.0,983.0,20.0,0.403143,2593.5,0.00764,0.018951,49.15,6433.2,1.184,0.461,False
CAMP244394,YouTube,Beauty,Giveaway,31149.96292829049,746260.567789479,242.57203267133627,18.062850006399817,0.016290560747759114,1739.0004652035652,0.000573648156007397,0.020750670028782385,11.462606487227692,42448.10799375892,0.16131765098694462,-0.0014595808349050846,False
CAMP182805,TikTok,Food,Event Promotion,62977.9594717285,808762.5754339556,2235.967396298126,20.073724794123233,0.08805389328762797,3304.7778347690405,0.003394119234381951,0.040295473375048796,114.47112902542534,39697.75690454726,0.2175385668628389,0.13367511508808486,False
CAMP224858,Instagram,Beauty,Product Launch,66132.67886129043,289161.6539555707,4548.296972474059,10.085492970548565,0.22091696102125372,6601.364114640786,0.015393635654043695,0.05591760031102991,446.40925535188404,26571.68616604293,0.7104017161815515,0.8475850151368717,False
CAMP213839,Twitter,Gaming,Product Launch,5288.346614381281,507099.032234393,390.33017192439956,29.050391095129633,0.021980219748349135,165.42012023023247,0.0014333316501061281,0.06958245316176694,9.616689008715262,16511.991935555463,0.04789711387471644,0.017722117081435576,False
CAMP247987,TikTok,Gaming,Seasonal Sale,74553.37451800342,246280.44275500093,1089.6654032190982,18.916689096953505,0.3055932555813391,4078.0271912189696,0.003530971225364616,0.004354291457162285,46.374891909575666,14588.41737113474,0.8589698325196876,0.1883175503080078,False
CAMP222202,YouTube,Tech,Product Launch,74621.28195546745,490516.6573516569,2344.019833069102,29.09223300781454,0.1363848639679468,2543.4873284955465,0.005367199297837398,0.03327249394055068,75.94559132132557,17360.9133631667,0.5276060135357582,0.37472708242175845,False
CAMP171972,YouTube,Fashion,Event Promotion,40348.0,84770.0,1886.0,17.0,0.47597,2373.41,0.022248,0.046743,110.94,4986.47,1.398,1.344,True
CAMP213677,TikTok,Food,Seasonal Sale,5633.453500374581,915505.9781792198,1208.111941283768,28.015701150820668,0.008651809215326147,284.29165661435087,-4.7866383560752094e-05,0.1875754974362292,37.40232384933773,32421.02124167541,0.061671009617815645,0.06051326474473038,False
CAMP145678,TikTok,Travel,Product Launch,78311.0,112809.0,2812.0,29.0,0.694191,2700.38,0.024927,0.035908,96.97,3889.97,2.02,1.469,True
CAMP218136,Instagram,Beauty,Brand Awareness,75354.68420920812,874232.4161186733,4552.690366348954,24.229957062430053,0.08751782942872269,3125.366223077845,0.005872718146996468,0.08236297603857284,195.05403218874977,36585.983369699425,0.2703972686729276,0.37500759586801535,False
CAMP219896,Twitter,Tech,Product Launch,91395.31663952935,891550.9758116851,3848.4144175835468,12.816293135168399,0.10878070218594371,7232.903609999258,0.004722686693606202,0.025550389758466414,288.26539398902185,68180.747225496,0.30181732880872614,0.23860039365304953,False
CAMP139030,Instagram,Fashion,Giveaway,37867.69187073786,655758.9897707871,744.113270981504,13.029744661256366,0.07803706815970163,3006.222816472156,-0.0004172268718616223,0.016977221223658027,56.06259979128749,49352.8545618353,0.1506034843666703,0.07519411961626787,False
CAMP122808,Instagram,Fitness,Seasonal Sale,54562.484314121044,973996.2754299141,4668.185999536712,8.049275055302862,0.04052610141476391,6759.031361373147,0.0045758213119335605,0.10127858974765869,582.9745905276937,121118.32311203284,0.10981046288863794,0.3419947812722758,False
CAMP165966,Instagram,Tech,Brand Awareness,30304.764763429495,28666.246988508963,1982.7716651764547,14.945473445229796,0.991543157553599,2116.9095476893167,0.06523588619550326,0.05154616383420577,127.24758879359291,2763.675820771976,2.9615635108574265,3.9288768619272143,True
CAMP172255,TikTok,Fitness,Product Launch,9518.68736671415,432944.0501864322,413.047121662974,8.08835518251719,0.03095849775230684,1361.159423910126,0.0003350416723453931,0.020033157877973887,50.65152420765099,55596.78429181874,0.026094828657918255,0.061648377000300354,False
CAMP157518,TikTok,Beauty,Seasonal Sale,84052.40170059659,293127.9816147056,2581.515105013863,23.046696157914425,0.30207484292386894,3496.6204560527135,0.00900102680379154,0.02582138005356487,111.75844037571615,11985.48938235849,0.8152414342191824,0.5004654640605327,False
CAMP217995,Instagram,Fitness,Giveaway,2287.5117463399074,467838.22279609414,2081.813924385477,12.017191323893318,0.011720840019658342,250.87048806658845,0.004324469142535887,0.9529316277320228,169.07522906736259,38058.296688558396,-0.08075465413817805,0.34138378633661315,False
CAMP148394,Instagram,Fitness,Product Launch,14383.258089785875,889246.3706474896,554.2356247398758,15.015601447940137,0.04694056275510576,822.4278217293031,0.0004735845647146615,0.03697300688103011,29.943087436143898,60943.16673334054,0.11306385504447575,0.007157359480570228,False
CAMP245898,TikTok,Fitness,Giveaway,14045.968365918143,481031.7626453348,35.43148846802261,13.993946773909489,0.05705536067697836,1268.799724866944,0.0005350001384825521,0.009010306695025855,0.8964216196549062,31693.81778016353,0.15303164689154158,0.033698793597703475,False
CAMP185810,TikTok,Travel,Giveaway,81195.78035328108,327744.47328185564,2078.1011218575636,27.002361616657534,0.28156102263994687,3164.960344592131,0.005823052507825595,0.024857619256425188,72.04394877290056,11012.361487878543,0.754142909096385,0.4696917937310657,False
CAMP198501,TikTok,Fashion,Event Promotion,99285.49633272689,649852.8214697039,3235.679844620464,11.015868194939197,0.17524495808030485,8864.982519147597,0.0052319012257116635,0.03328635022111252,294.5960841599647,56496.96931307254,0.39397778969750175,0.31388079876200414,False
CAMP242837,YouTube,Travel,Event Promotion,9142.640976814959,423177.66518066276,4492.063968791934,11.057421155831467,0.017704285710732168,724.45563051756,0.011057326164745123,0.5113498855165416,415.7842657048614,38069.36759114795,0.07488862059443989,0.6446500989225519,False
CAMP183267,YouTube,Beauty,Event Promotion,90147.25495737906,270486.2048011687,2808.183448612666,19.999362057296867,0.33689593628748526,4393.009701280313,0.01005003869400834,0.030502173295649367,141.02341337106188,11175.97102044441,1.0032780737793574,0.5769429234646604,False
CAMP178066,TikTok,Fitness,Brand Awareness,88467.71855476052,667423.3684063118,709.4116742493301,28.090804796841336,0.11750869060646682,3190.7961674397493,0.00021632843456414325,0.014626869664334224,24.971478045060167,25342.79390953192,0.35018894444777093,-0.018260359943399848,False
CAMP102771,TikTok,Fitness,Giveaway,77688.8004467843,488637.0058320521,1888.7321839949536,28.117866422881388,0.14389318606922774,2871.120724992581,0.004658312158431704,0.019565804504385238,61.622940998397674,16694.171748526933,0.4537358688196627,0.271200867406736,False
CAMP139492,Instagram,Beauty,Product Launch,32428.840444053974,506672.6425010308,1397.8087232714902,25.05689827881914,0.08787392543325317,1354.1020239039638,0.002644969701808294,0.03653932634276265,58.741250103799636,20917.74465777902,0.194504038519576,0.21817998073981884,False
CAMP134160,YouTube,Fitness,Event Promotion,93442.44138677092,952199.1884493011,312.0588040786465,8.112241279290512,0.11045354305140057,11500.35108621328,0.001888201548603288,0.01059723015876068,42.97955488943634,116196.81513722049,0.3445817589562753,-0.025530733312873772,False
CAMP195973,Instagram,Fashion,Brand Awareness,53019.97936100901,765069.8002293538,3763.9115413285085,26.986696845280516,0.03670009338406095,1806.623753683195,0.004516973679483498,0.0746907546498107,145.86404210873772,27115.849095706148,0.14563597481962495,0.29774786703228934,False
CAMP164086,Instagram,Food,Brand Awareness,8922.100586192906,355653.59169027244,2775.4381935214806,25.9416684254696,0.02594196074476928,433.34961658612957,0.008002192424886326,0.301980674709775,112.33702209944568,14421.430808572582,0.18267809641707017,0.31437276631737754,False
CAMP180139,YouTube,Beauty,Event Promotion,84859.26333706296,301548.1425143988,2322.791292808138,27.894643765690926,0.25323352532998517,2963.3211572459145,0.007626841937987408,0.030062433088370866,79.18843697249119,10485.253094358817,0.8627564757476017,0.4742219041904406,False
CAMP231342,Twitter,Tech,Event Promotion,38838.6332389041,626212.5720418895,3674.6283977410617,20.940494904562,0.03342829809103015,1805.9505542355637,0.004856469469230211,0.08071812647477027,175.5255469464461,31127.614090947834,0.16664154270623793,0.40677698438297416,False
CAMP116012,TikTok,Food,Giveaway,57661.37290236602,362790.568382359,151.79886127114838,20.89143325869796,0.15040686398896808,2916.6528100341034,0.00035750406842787895,0.013753983799876818,8.371393159272069,17811.946635255354,0.5338088332787122,0.047458193896788514,False
CAMP165721,YouTube,Travel,Giveaway,40193.12215733266,306372.47725937975,4669.740991860348,12.154228601400012,0.14058904290565463,3162.3720077767975,0.015427007800467582,0.11539827590707874,395.283828703562,26241.281067149845,0.4490354401526786,0.9088935178988269,False
CAMP212622,Instagram,Food,Seasonal Sale,4359.136477515389,684158.5976936785,357.4504251633793,1.051491112647658,-0.03274587490972618,4074.3186697749547,-0.0004857030576411041,0.09414386616797826,354.02231981601426,684457.5659458925,-0.05783506347237424,0.05473832347448884,False
CAMP237396,YouTube,Tech,Brand Awareness,86567.02151590871,915918.9614705637,761.8991943111265,3.9903833901510217,0.08034557932557335,21663.43904185849,0.001184240659278061,-0.005946166137306566,189.66647154874443,228906.97094936683,0.2739184400177381,-0.0042129080676759426,False
CAMP198755,YouTube,Tech,Giveaway,51778.40615682347,605494.7809530536,1911.346870092432,13.979262226872134,0.07206800309289921,3580.410561728188,0.0024522850335214554,0.023771983227214678,137.87751194599673,42864.439680382355,0.3496442627095427,0.2012767889150579,False
CAMP152412,YouTube,Travel,Product Launch,95838.57775596729,170853.28675158092,1325.9410728951775,29.05065594441687,0.5579616449201587,3449.606196323751,0.006096509445339206,0.018971892152939818,44.74371869085987,3661.562209953903,1.6632061632610284,0.5183681236364297,True
CAMP193542,Instagram,Fashion,Product Launch,57534.52544691236,8784.663556925985,2979.002074609192,5.961127872126659,9.104652638029433,9560.885687053,0.4755397867235313,0.05729426173602918,498.1228771129589,193.58805397116078,27.254771979935384,28.685780886887553,True
CAMP119515,Instagram,Gaming,Event Promotion,66260.21364322258,823133.1164428877,3637.537133478385,14.110092870553514,0.05837548898836986,4884.2651327646745,0.004746421867354124,0.047833789777505985,269.1829124509789,58640.77162621658,0.18425495568886563,0.17899535719950493,False
CAMP227913,Instagram,Tech,Seasonal Sale,8623.933247024677,604643.1089051592,3613.1840679934294,5.096445507593241,0.026090058669072335,1790.7048515932045,0.006002982471370441,0.4110045026010641,712.652385292759,120237.47359470226,0.06655842728959453,0.2815011375266969,False
CAMP154909,YouTube,Fashion,Seasonal Sale,48894.04790232876,871265.4289290371,606.8978910397706,4.022484593575507,0.07082593708203641,12442.853727133594,0.0003931413899233539,0.00450501980451117,146.853450623794,217072.28803352805,0.13372931571877042,0.08507278651168954,False
CAMP245055,Instagram,Food,Event Promotion,78807.76044857736,821229.9998545971,3075.736790145848,19.9906048592825,0.07758373872335933,3991.2226135007018,0.00294863722300801,0.013457908391826378,158.24212853563984,39589.93997557063,0.33156120469809547,0.225196258504612,False
CAMP240108,TikTok,Fitness,Brand Awareness,16175.900106953412,825899.9820060976,3715.594247111913,18.03661864284729,0.013634301411722312,1054.521533892348,0.004227600062844308,0.22703632875645247,206.11283202137437,45863.63772803283,0.049606811154614426,0.30730268638082914,False
CAMP220646,TikTok,Tech,Giveaway,12509.0,264759.0,2536.0,13.0,0.047247,962.23,0.009579,0.202734,195.08,20366.08,0.137,0.564,False
CAMP198150,YouTube,Tech,Seasonal Sale,20303.0,80380.0,2124.0,3.0,0.252588,6767.67,0.026424,0.104615,708.0,26793.33,0.742,1.596,False
CAMP105397,Instagram,Food,Brand Awareness,9192.610720600322,891503.2974928863,4783.930292734834,3.0272703111907133,-0.00037933341590520343,3203.130864492424,0.005300873416689985,0.49799531418973936,1586.3973593096405,298719.64284042607,0.01246255121794521,0.3544067343561549,False
CAMP130441,YouTube,Food,Brand Awareness,38704.40952797569,180696.64303837606,758.7076768149774,4.987503712853847,0.25508732239871673,7905.942456283015,0.004821036750585139,0.010669864969957876,149.8160421975647,35555.4990685215,0.6411332566731037,0.19398791724690376,False
CAMP138806,Instagram,Fitness,Giveaway,55266.38130559628,325398.2107477567,2556.380780395727,9.940322137945746,0.12889978932187887,5582.559041465888,0.007893973749045803,0.029747664154705422,259.3955016395216,32527.137896117216,0.4217566629329419,0.4192062667679932,False
CAMP154740,Instagram,Travel,Giveaway,800.6453771372173,509328.5102831936,1903.6207970273076,5.043723583091645,0.016967172817243786,272.7273865163591,0.0047977768361831185,2.333006657756246,373.7857002978686,100532.76058982342,-0.0026557498051605066,0.13905012570170638,False
CAMP130320,YouTube,Travel,Brand Awareness,26885.0,151796.0,4090.0,22.0,0.177113,1222.05,0.026944,0.152129,185.91,6899.82,0.52,1.627,False
CAMP174309,TikTok,Fitness,Event Promotion,15312.652611739766,520780.48520570766,1498.9618481629252,27.85110520575614,0.025375763535353434,387.76152560881627,0.0012328925026833372,0.0806460356403291,52.602205251248705,19942.846754560214,0.13984619027525755,0.09140030647038955,False
CAMP127963,Instagram,Fitness,Brand Awareness,5389.0,699674.0,2738.0,3.0,0.007702,1796.33,0.003913,0.508072,912.67,233224.67,0.023,0.235,False
CAMP210166,Instagram,Food,Brand Awareness,75557.08205452544,590370.2000504242,4225.598820705213,6.139301155477532,0.1415440577635086,12500.03459246206,0.007689062742375367,0.053310692168502524,702.6844970457994,98025.57132097892,0.3251554749833197,0.41652270718792545,False
CAMP245045,TikTok,Food,Product Launch,36642.59324314727,163165.4029314347,812.5725413994801,2.9483697334676693,0.2266509411016827,12180.240866922662,0.00600658516855453,0.0317113559449863,280.1947574315476,59452.81923553942,0.6404236665209712,0.23276170860836615,False
CAMP191197,Instagram,Fitness,Brand Awareness,71958.0,565238.0,3797.0,9.0,0.127306,7995.33,0.006718,0.052767,421.89,62804.22,0.383,0.404,False
CAMP189576,YouTube,Travel,Brand Awareness,10939.442998560864,625198.2245998392,2489.7982020408963,12.160953875593105,-0.005740369713197729,959.3268312251546,0.004901447512682548,0.22857432321720675,205.84391116145395,51570.92401167875,0.10200575084877525,0.23697105129876062,False
CAMP214744,YouTube,Gaming,Event Promotion,40833.23185499839,994565.7424910292,781.4033709054021,6.04661736048057,0.017961850455051408,6640.393750935215,0.0011836423198786396,0.023272383510324866,130.4768252682093,165549.0019235568,0.08233450529236025,0.02838746607515849,False
CAMP234668,YouTube,Travel,Seasonal Sale,94579.80165378925,766002.0837736978,3923.646220500367,20.103789739924498,0.13494893357892385,4837.238118250765,0.006528819471675673,0.05191857857454886,188.57585413437295,35955.527867761884,0.4003954850524682,0.38887778039712717,False
CAMP211346,Instagram,Tech,Brand Awareness,40748.50641943901,721241.0888872701,4294.711673111959,3.7965210620121566,0.04685511299369548,10209.975068359625,0.006282730525677799,0.09995061936563923,1055.3279933259073,181646.71355187593,0.18320994981159114,0.25780749099122113,False
CAMP115920,Instagram,Tech,Giveaway,66121.0,580446.0,1062.0,15.0,0.113914,4408.07,0.00183,0.016061,70.8,38696.4,0.343,0.11,False
CAMP224139,TikTok,Food,Product Launch,31649.222238012608,380212.80372661084,4938.360270799833,21.863615159834634,0.09302032797159883,1585.2886396227561,0.014625639232326893,0.15601573220014545,220.14964901955577,16863.358743078566,0.2869539579271404,0.6738517513863164,False
CAMP223974,Instagram,Beauty,Brand Awareness,26936.559382247255,261875.23365600253,1881.4307092261934,28.923731400670608,0.07127617196957783,1118.1646504301912,0.006465663812553622,0.07587442216062898,71.94537014976089,6794.681071721045,0.3431670587483531,0.4293925825158956,False
CAMP116198,Instagram,Fitness,Brand Awareness,29872.663071829717,984222.7737761623,868.4370191433255,7.896191914829538,0.03299611925511986,3886.249616170916,0.0003067157038688541,0.025639355443709246,113.65175162278206,120877.51903500828,0.21581662008008923,0.020505003631931175,False
CAMP185777,TikTok,Tech,Product Launch,15778.349805257058,596734.151264205,1438.2683728563659,20.967479180633447,0.035451500747583714,711.4161715365183,0.0008535899958799374,0.09256388423051833,72.11573045873948,29985.33287190328,0.08594424062500158,0.14580170209940727,False
CAMP170223,Instagram,Tech,Giveaway,21923.39495971135,506176.82560758357,1647.938150386224,22.97133548481391,0.046345978500265235,1031.9637151862576,0.0015793240901551292,0.059144933910932104,76.97526401194078,21603.77976357726,0.1808024123141054,0.17330671145684343,False
CAMP216044,TikTok,Gaming,Seasonal Sale,66386.94161032377,635375.799402802,3630.0741828212417,14.096370080960629,0.09689140424528497,4849.676765698193,0.0036876434647976418,0.05282239224312577,256.4862938445852,45657.94168976118,0.3216141839124578,0.3001582373450392,False
CAMP152089,Instagram,Fitness,Event Promotion,32354.254395486736,376436.4293173698,4968.636612991169,28.91489144245135,0.0808360209087197,1035.5915921517678,0.01359406148217571,0.16631571698614087,178.95956169834903,14074.856333815997,0.28603407617330573,0.7819134795060145,False
CAMP134552,YouTube,Beauty,Event Promotion,52134.94732646366,41543.14342514004,3946.726790059372,19.961755460068996,1.4657416366421911,2717.41289753565,0.10981430132172444,0.06614811520497552,191.87703860959624,1804.9628883174098,4.320447071532809,6.656960382606793,True
CAMP101270,Twitter,Beauty,Event Promotion,45055.39903586854,202833.32046825,3318.706223180321,1.1477496711293746,0.2199389956780615,44953.49789891872,0.016408930187581647,0.0769733520909835,3323.096262053964,201383.5686152405,0.5950105086957166,0.8677346276686836,False
CAMP170007,Instagram,Fitness,Brand Awareness,73747.03007727933,629494.8336678478,4290.317089162515,9.163373744430938,0.1031557926964094,8336.203611121025,0.005957072420734476,0.06213892941156568,471.8721343399348,69265.59120572623,0.3583591288507973,0.3928463122573047,False
CAMP241887,Twitter,Tech,Event Promotion,28524.0,359086.0,47.0,10.0,0.079435,2852.4,0.000131,0.001648,4.7,35908.6,0.22,0.007,False
CAMP168163,YouTube,Gaming,Seasonal Sale,85367.21405566375,456618.7431883034,957.9081285468876,15.879092738929806,0.20245618656411848,5200.406840593349,0.0011260070208821433,0.009349994894713934,52.59029096804148,28843.927286983777,0.5719373167463151,0.14500068727535564,False
CAMP239853,Instagram,Food,Product Launch,37387.490475108585,619515.3977365532,135.37394166627894,7.004038318163946,0.077161023050792,4972.314076257209,-0.00029748225365250325,0.012269210045076898,20.293541865001398,89613.5719784618,0.15233460407263452,-0.013682850374585413,False
CAMP243248,Instagram,Fashion,Product Launch,73156.0,682139.0,627.0,18.0,0.107245,4064.22,0.000919,0.008571,34.83,37896.61,0.323,0.055,False
CAMP240948,YouTube,Beauty,Seasonal Sale,98715.9391991877,408838.7388244282,483.53454760108025,9.006266424829917,0.22243845885209718,11030.422246126443,0.00012493634874526376,-0.0053086493460791475,61.43915305505254,44823.5505028851,0.8171772848465205,0.08116597896093573,False
CAMP222338,Twitter,Travel,Event Promotion,75095.0,158834.0,3183.0,1.0,0.472789,75095.0,0.02004,0.042386,3183.0,158834.0,1.311,1.123,True
CAMP198572,Instagram,Gaming,Product Launch,30075.76717298869,522794.69446876785,206.27385244714196,2.130673009706412,0.05812319450635728,15192.120584094639,-0.00016543311224905054,-0.003300167366342464,118.07694304860387,264237.4773220472,0.17919943806828625,-0.016227389375725782,False
CAMP174592,Twitter,Tech,Seasonal Sale,50938.096442497976,618433.0630399635,1164.481218691307,15.00376259702516,0.07314171296166636,3394.5092107908054,0.0021841054931589754,0.015497356676723372,79.53230019936184,41402.38692990213,0.15095639513111514,0.1191007070242344,False
CAMP137729,YouTube,Gaming,Seasonal Sale,20850.155759692898,710315.2876639004,2176.924520864936,1.797728303416497,0.012549048807989727,9880.870353212678,0.0031487343911143794,0.09508768269055183,1080.6313140378954,355237.98147791746,0.07208841859542646,0.16117859768084367,False
CAMP181984,YouTube,Gaming,Brand Awareness,6456.760993381675,152503.06024436717,4490.941712866127,28.070654319466595,0.036512557607497005,171.92965210681427,0.02954115704038952,0.6754760900515512,158.9705512662585,5412.165831075971,0.1671580162213107,1.8446318001210635,False
CAMP101694,YouTube,Beauty,Seasonal Sale,13588.40573443496,239330.2904480372,3787.281287980701,27.997736552937294,0.06942425753988148,414.9031967997007,0.015906534574946906,0.2913983792426029,136.91570901956848,9058.883166023901,0.17236998412245585,0.9491896834412782,False
CAMP215914,YouTube,Tech,Giveaway,84427.67401102178,497665.95136071905,2706.9600156334786,13.05453037499979,0.16795375571336332,6513.260979249377,0.004807713879543802,0.04005493985501367,212.03717845449475,36786.76149178008,0.5055493662128293,0.20360414268317878,False
CAMP228019,Instagram,Gaming,Giveaway,90001.96815098445,672748.239557062,1370.341996786837,24.974791936374604,0.1552179735322857,3727.4684375441284,0.003290552685703208,0.019867439343828036,59.31172188545243,27816.330317518972,0.46687169218128927,0.11229056007157678,False
CAMP170680,YouTube,Tech,Seasonal Sale,9718.673963455942,88866.11811821553,1579.4267060483676,19.881061010946016,0.10563095696747601,429.50157358620106,0.016747620490920538,0.16451079749436265,82.62699756999888,6962.038606637792,0.39456949387178475,1.1148704833171068,False
CAMP110171,Instagram,Gaming,Product Launch,34888.79320877387,646672.2282650367,2257.2033534923467,20.088986624324196,0.03824077129757397,1836.4410384831133,0.0020431478943871446,0.0645544823656353,126.68099782589154,30929.425381500183,0.10962518497987943,0.2642359692327543,False
CAMP184744,YouTube,Tech,Brand Awareness,36972.7147238134,816281.260237343,2367.4131247741,20.061581877857588,0.02753920344693186,1832.0820911165724,0.003224579306256462,0.057265458441719895,118.45029971265235,42564.66483196111,0.04390518096844977,0.19129642148275652,False
CAMP219619,YouTube,Fitness,Product Launch,47945.0,4566.0,4904.0,11.0,10.500438,4358.64,1.074025,0.102284,445.82,415.09,30.848,64.874,True
CAMP117082,YouTube,Travel,Brand Awareness,84655.26750531617,177258.62598712157,2272.7298442539472,28.938152011573393,0.4664688126167607,2797.1428072701797,0.011447766097262127,0.04465126828117303,80.97170645478897,6131.025093159718,1.4342876552946737,0.797612680586593,True
CAMP221505,Instagram,Fashion,Brand Awareness,40137.73364082702,549817.6164637669,2431.1835399348242,23.914705892022436,0.053210441834138915,1634.0980863863904,0.004616944824519266,0.05925333461541815,95.84555925026473,24608.175302409716,0.23588543008323037,0.22058975054141725,False
CAMP162395,Instagram,Beauty,Product Launch,38684.15730817309,501267.9648871917,3424.221159949123,9.952105887576854,0.07294889895419177,3741.6214289516847,0.0073113507802586445,0.08793416519665577,336.3555975432502,49824.85297426202,0.24700184607109377,0.42147511870030413,False
CAMP142970,Instagram,Fitness,Giveaway,36468.087274679376,676073.9435217055,1332.1060686923465,13.88725990093103,0.04577247841302658,2636.343624331688,0.002410225562165334,0.03660314124172713,86.03171121605911,47081.96866678479,0.17869877002131374,0.16051471692583127,False
CAMP134906,YouTube,Gaming,Giveaway,5473.896568709084,-1250.6044634121122,316.52084976371185,29.003834899588348,4.37281630934201,167.35583251436995,0.24908171880309066,0.0622076459802469,9.145103060043713,885.9590670520556,12.85993642238959,15.1129603582444,True
CAMP127889,Instagram,Food,Event Promotion,45773.463645360374,886888.0250494323,415.1721128528512,16.07390645111993,0.036187080058131774,2918.605259642777,0.0006231312322595092,-0.0033579754936476115,28.567792059040027,54249.847778305426,0.15456410134960188,0.019464606546205278,False
CAMP121592,Instagram,Travel,Product Launch,70128.0870451001,365797.5435888847,4057.4452842437577,12.036206929048676,0.1979317634224641,5958.413744212677,0.01104719885391972,0.07248120057040165,339.96332283100685,31586.754103785912,0.629959436725986,0.6907149309780954,False
CAMP219723,Twitter,Tech,Product Launch,40292.32483661245,488467.42839724413,3477.2248107835953,5.908786993598493,0.07184594419578484,6685.958963985086,0.007716445169197738,0.0718971856079047,579.8087712429672,81406.29890982654,0.2775936620477921,0.4412880737473716,False
CAMP123205,YouTube,Food,Giveaway,27706.133997848687,445764.10113091866,2595.5019840143477,2.9122317611776287,0.07049964871343976,8945.931918571549,0.006231419549405024,0.09708501389519401,865.3673757635722,149278.9564174822,0.08446594776770903,0.37600574932003933,False
CAMP105255,TikTok,Gaming,Seasonal Sale,74824.77708337463,950560.5005776118,3847.7851854758596,23.066179095208696,0.08651289766617776,3204.677311480421,0.0037423929450267368,0.04739243994689669,168.52185282563863,41949.09858586617,0.16037296170696141,0.22689216437281012,False
CAMP177000,YouTube,Tech,Giveaway,38205.26949860331,855223.2752406033,492.2230133718961,17.113547119969326,0.035960482148772316,2278.238597101994,0.00017149543192526234,-0.0010001404322678865,43.87089402491533,50823.65373849386,0.12542685797328354,-0.024510767005385042,False
CAMP240956,TikTok,Food,Seasonal Sale,95442.88338019856,32884.36693841093,2768.931264219205,19.87634375096969,3.3515298945117036,4919.023928124216,0.09605488062099636,0.04134560977297068,129.0675078887302,2291.0803070499715,9.689791225103217,5.684909136400315,True
CAMP164869,YouTube,Tech,Product Launch,70353.96547618844,678863.0983985459,3363.826856481316,19.026563394742375,0.11559898681433628,3636.033370888737,0.004547121079652622,0.03322347118199819,192.50676821611864,35154.78085514024,0.30205719943055565,0.24018009508679783,False
CAMP149623,YouTube,Beauty,Product Launch,36574.0,353303.0,3102.0,3.0,0.10352,12191.33,0.00878,0.084814,1034.0,117767.67,0.304,0.53,False
CAMP209506,YouTube,Beauty,Brand Awareness,3349.6602018383337,320126.36695428524,2909.9835845906623,1.1081042783959236,0.031124269537722897,3378.0184610720557,0.008789682334955388,0.8505075487707653,2904.774775893456,316102.34099223564,0.05674258701276932,0.5908765105258273,False
CAMP176355,YouTube,Beauty,Seasonal Sale,26789.39225233902,147766.5545713612,1731.7853970725002,15.921331698435704,0.1709694910542865,1688.6630783482701,0.012388151106252212,0.07750375606133897,105.80015386046158,8297.23154558652,0.5484100470910789,0.7174938605369965,False
CAMP248484,TikTok,Beauty,Seasonal Sale,1173.0,310370.0,532.0,24.0,0.003779,48.88,0.001714,0.453538,22.17,12932.08,0.011,0.101,False
CAMP236436,Instagram,Beauty,Event Promotion,64275.33930136615,904417.7693672266,4364.723249495867,26.098788483958224,0.07276879784091357,2395.058754809627,0.0042575584378606365,0.05105388747450815,166.33596320693442,34346.381563760566,0.215371251984907,0.28871568537910386,False
CAMP216436,Twitter,Beauty,Seasonal Sale,63729.36103223267,553435.0156479672,4896.001346652698,27.90116529129589,0.0823782396201359,2383.616396795223,0.009576747866237075,0.07145145982158996,180.26720632861546,19383.538160411885,0.3766230502938932,0.44775956507924697,False
CAMP119014,Instagram,Tech,Product Launch,35250.13123261726,945083.1845599846,4466.990629272747,25.000586034478292,0.03263735685680118,1388.799240052653,0.005644795842090586,0.12694649838844446,185.66918681413136,37625.88293420753,0.05861049690191038,0.27388498974500297,False
CAMP188208,TikTok,Tech,Seasonal Sale,65257.032277451435,575726.9645937677,3019.1860984656214,27.938456872361893,0.1104712974947683,2405.125457391996,0.005144895099761369,0.06593271449312321,116.45153653504998,21079.190269756455,0.39172120724381654,0.30379838328736447,False
CAMP229504,TikTok,Fashion,Seasonal Sale,65711.00956600753,771849.2640223484,3444.1901026317178,15.09668542726484,0.09981750786488083,4563.566747678632,0.004155616364931549,0.050914920900504444,228.79407690314687,49430.10617544518,0.3432069867257612,0.3227125185610989,False
CAMP143274,TikTok,Food,Brand Awareness,91070.0,205118.0,3301.0,17.0,0.443988,5357.06,0.016093,0.036247,194.18,12065.76,1.292,0.948,True
CAMP153291,Instagram,Fashion,Seasonal Sale,92514.59954839022,624590.8238618671,1682.740133600303,6.050057502262663,0.12725832972835624,15426.79900792107,0.0021892881022286385,0.010932928596870015,281.8817570549149,104978.92298469262,0.44484824742537754,0.20412813862852774,False
CAMP102732,YouTube,Fashion,Giveaway,21854.59065524122,160725.0754586595,1059.2316416317967,12.036287895729291,0.13367294575972727,1703.903212999995,0.005820355140287401,0.04347486226012903,87.07754404903389,12234.662860113123,0.38141304997107117,0.3542634449642284,False
CAMP225145,Instagram,Fitness,Brand Awareness,24086.0,187799.0,141.0,10.0,0.128254,2408.6,0.000751,0.005854,14.1,18779.9,0.386,0.045,False
CAMP176677,TikTok,Fashion,Event Promotion,24465.154117560494,836000.6621063984,2822.0923246584807,9.0727308474844,0.04545723568212477,2656.6320394184095,0.0029326265630065665,0.10349531127925495,313.83260355393804,93646.4746075926,0.11772869446373475,0.2130497266400238,False
CAMP239445,YouTube,Food,Event Promotion,66933.16057424058,699786.8671141714,4539.151999791655,4.083495109768884,0.10175946089729045,16817.675118400555,0.006277591802916897,0.08230082324643309,1134.7382346757813,173036.25810956038,0.17261852372975736,0.4097729794498045,False
CAMP224214,Instagram,Food,Brand Awareness,28060.595830646736,458222.8123351418,2521.4416393280453,5.130352080635478,0.05256259103994498,5758.089992977214,0.005579104284761634,0.08920074995750528,509.6569143342458,92936.44761679358,0.2804530128516739,0.2866644027412295,False
CAMP213387,TikTok,Food,Event Promotion,51731.0,785229.0,146.0,25.0,0.06588,2069.24,0.000186,0.002822,5.84,31409.16,0.192,0.011,False
CAMP217654,Instagram,Tech,Event Promotion,58652.168255398705,875686.8461189375,1052.1645592405443,14.033192967132697,0.0719461668709309,4001.044728223991,0.001954766122632011,0.018902348514576072,80.14941312185051,60999.44169312725,0.18152476034745627,0.005202847593597459,False
CAMP163824,TikTok,Beauty,Seasonal Sale,61658.76487170047,665214.7555242729,2232.341567950425,7.9088613087741635,0.10976491979867292,7749.622283338563,0.0028491390271450263,0.045270463436380325,287.51848552857365,81004.2073367373,0.30134435812345545,0.2594243625417778,False
CAMP228177,Instagram,Food,Event Promotion,26505.45936266079,345859.9439651334,3113.240898028277,17.863857182574087,0.06552488177421563,1475.8320747210814,0.007513241423095235,0.1122897250336853,178.78934938488442,18028.930564674338,0.2260831685299002,0.5282817037546119,False
CAMP206726,Instagram,Beauty,Giveaway,63774.627089031346,454676.10076343257,4214.836225046815,19.926521986081912,0.13950947613410342,3144.2598468707965,0.00853112944296749,0.0739246312920967,219.51388494373836,22442.45776201224,0.41292483837645466,0.6164913391505559,False
CAMP179702,Instagram,Fashion,Product Launch,25176.6513675139,398989.173356048,4336.783149717332,17.84125390691186,0.06045524206852808,1298.0270677359924,0.011102120675085982,0.1806121773881195,243.5602275358161,20871.689863720625,0.09879425428563247,0.7739334065761061,False
CAMP181094,Instagram,Travel,Giveaway,85100.72425435789,478441.5976956668,3381.277580077219,9.000561883536287,0.16731984498081237,9501.576786447198,0.009034102897497908,0.046125138793377464,375.5583279440828,54131.50553335802,0.4791939999856296,0.4339116567962274,False
CAMP116143,Twitter,Gaming,Seasonal Sale,50966.68300268461,146617.76276300233,1880.189590156216,18.04646274993883,0.3367016621715382,2736.337687363612,0.012065899405532406,0.030299320548965357,100.83005414005797,6507.7803520206235,0.9772542522917786,0.6965375657190229,False
CAMP119653,Twitter,Fitness,Giveaway,51124.28514835928,489327.80947813875,1305.8872150557713,17.90000555143409,0.10047369464739626,2540.570655130443,0.0015622861975387356,0.018025009528731713,72.25041478247539,27283.284232995713,0.4327329365709263,0.1512879486042378,False
CAMP105881,Instagram,Fitness,Event Promotion,81356.54232557451,961014.7457634441,125.1021077401331,2.0032661407473413,0.05663574029656853,40759.03483823629,-0.0008646718779569554,0.009482707494228538,70.07356993225343,484263.45007783524,0.28418517092689244,0.05096623994603726,False
CAMP185933,Instagram,Gaming,Giveaway,19897.629152180372,671378.8274130531,4965.181659772474,26.987981750088274,0.013720038472805379,686.5698038654579,0.007560956031809394,0.2385762134452169,189.34989099363534,26550.28641671689,0.004352890681666277,0.400645528598899,False
CAMP148578,Instagram,Fitness,Giveaway,50652.725857095225,254976.60094393248,2395.324292014738,5.944041480634136,0.21120967949350178,8521.462913618263,0.008144978883197077,0.03992891446238819,411.54693066273717,43392.30266296802,0.5743201720977209,0.655514540574557,False
CAMP222561,YouTube,Beauty,Giveaway,60180.80928833941,344974.1594550582,995.612586442762,15.892649692202438,0.18728967433209046,3780.374093188892,0.0032403410791823598,0.010370359408186175,56.514141603181166,21771.849422106883,0.5102057158902248,0.20622206885235694,False
CAMP186790,YouTube,Fashion,Seasonal Sale,6173.710648250721,449300.2261026996,1221.9872707686875,22.051768933530372,0.001432044280880047,129.40097540209663,0.002531373653489695,0.19363818736828578,54.007277149342386,20688.508733806848,0.02667339287686645,0.21615621285248562,False
CAMP113373,YouTube,Beauty,Event Promotion,41183.0,28959.0,3833.0,28.0,1.422114,1470.82,0.13236,0.093072,136.89,1034.25,4.178,7.995,True
CAMP166146,YouTube,Travel,Event Promotion,41618.513340011705,238452.25067720842,2270.4516810765926,22.039900663573714,0.17288192917938133,1964.9759956230207,0.010343899282451038,0.05624175830823494,106.12927850980465,10353.025237510465,0.45512845478907193,0.6072691866980076,False
CAMP193849,TikTok,Food,Brand Awareness,62388.744309860864,618910.6040126717,369.6501381253482,4.012478588976024,0.12810137613680278,15759.948868850008,0.00258339200256445,0.017640411199636184,86.7680529106329,156277.27979925644,0.2854817257825362,0.05329061592487508,False
CAMP203701,Instagram,Fitness,Brand Awareness,69935.92658080494,327021.59973973373,2182.9205679233055,4.9368827389196985,0.21854573586936696,13964.351579723101,0.007422803879777038,0.04035505528445482,443.664408080409,65112.02318350219,0.6299607076546804,0.4597589622272316,False
CAMP117837,YouTube,Gaming,Product Launch,93380.10465501368,853003.8608731208,3786.1399164900504,12.948327473210936,0.13675105247629282,6999.104264464582,0.004213943268708438,0.0401483379950456,287.99529394419295,65242.7306204046,0.3510917819026982,0.23964938553236784,False
CAMP195100,TikTok,Fitness,Product Launch,51864.765346271895,942582.2531532618,224.34959190401756,16.88757403315616,0.054586776218205006,3057.8355238368376,8.246041595588011e-05,0.012985450549868893,-4.791105270770748,56414.39374813318,0.16252135281429853,0.006835462867128409,False
CAMP228161,TikTok,Gaming,Seasonal Sale,20527.349383369503,663817.8138407336,1070.7569294815514,9.001504617229605,0.03613090250684167,2126.7578940181265,0.002413921182286032,0.06608129367113044,110.76712280236244,71998.61021607352,0.12292620071242027,0.141075916333314,False
CAMP226032,TikTok,Travel,Seasonal Sale,56349.718208087885,664665.5320340156,704.9875864832823,6.129975386586411,0.0485996324719245,9459.60201330484,0.0017868932034456443,0.013701833505363376,120.20124415438227,110560.36172462614,0.3180538912693134,0.0763776665671735,False
CAMP177317,YouTube,Fashion,Brand Awareness,41795.872796822994,726107.5623576537,1133.7549043185388,17.853203931358124,0.04510197864107794,2296.8721876293766,0.0016788370019155305,0.021648860233183832,66.83093881916474,38743.35822130941,0.2081273577573286,0.07273507751338384,False
CAMP234216,YouTube,Gaming,Event Promotion,7534.0,830999.0,3556.0,19.0,0.009066,396.53,0.004279,0.471994,187.16,43736.79,0.027,0.258,False
CAMP245154,YouTube,Gaming,Product Launch,94402.0,12026.0,3539.0,20.0,7.849825,4720.1,0.294279,0.037489,176.95,601.3,23.061,17.775,True
CAMP128495,Instagram,Gaming,Brand Awareness,23869.55931169788,657032.2524841707,4146.352174066397,5.098892276567689,0.026430892549632608,4704.74166928686,0.006139339689888406,0.17693200547688678,825.231705711537,132988.30307106554,0.15021059500964293,0.3579295784362853,False
CAMP247863,Instagram,Gaming,Brand Awareness,96506.6364987918,291635.9279744249,1425.9346032117328,27.929441538155775,0.3637152168922497,3476.536586943517,0.0034743669495494135,0.01852147248019419,50.74852674742508,10049.807612281702,1.0704071585283552,0.31213683479638304,False
CAMP115089,YouTube,Food,Giveaway,98392.8127735886,874533.5181686503,3309.838360125589,25.951097183719437,0.10920389329682069,3716.0973063878305,0.004069733504155435,0.03716798065091649,126.36057535033638,33742.76577086998,0.3569902675537078,0.21495051050528743,False
CAMP187716,YouTube,Travel,Brand Awareness,92204.40903951257,21210.71623654975,3326.1976796127556,9.977524486700295,4.694787768604827,9161.301846670729,0.17032690107745158,0.030275803236423357,336.7701952400956,2050.8159137078524,13.795909645613254,10.301742671284602,True
CAMP145750,Instagram,Tech,Seasonal Sale,53501.057806389115,277147.68977151165,4831.413010051041,12.907175459139502,0.2116687605929428,4133.701022608704,0.017340162806002344,0.08677064384327875,370.2628864917291,19936.724997700516,0.5413332198738033,0.948493465105383,False
CAMP192865,Instagram,Food,Brand Awareness,96373.48123619937,444824.1473841103,2543.4146437633995,1.0972707882662593,0.22955495391659086,95991.04641749046,0.005293023849089095,0.026554168061572986,2538.169418349291,444930.76779945096,0.6241668753042692,0.2728357713734718,False
CAMP164334,Instagram,Food,Seasonal Sale,4121.914233068352,325369.44852748996,617.7139660837698,5.060413595794866,0.02059346749298241,944.4194164278701,0.001316628596604452,0.14062713539949953,105.88440511609053,64521.63188675981,0.060639104904731754,0.04394766853929792,False
CAMP155822,Instagram,Gaming,Product Launch,10660.167892872783,631180.6776807114,3038.946012921607,17.148272096448284,-0.0026188885993164573,664.1825554477178,0.004936651295588581,0.29434509736070297,176.90436872124604,37049.379119380326,0.01621295682415217,0.38606889256178745,False
CAMP175047,YouTube,Beauty,Giveaway,39861.275829528175,166124.8761159697,1737.300010094967,14.029700868235999,0.21985001816720207,2935.3317715104945,0.009914999315201296,0.04739885390853018,124.53635712121199,10580.56868382414,0.7471535367160649,0.5596458024118032,False
CAMP230925,TikTok,Fitness,Brand Awareness,20679.862176306582,515277.0912559082,167.46211851978475,20.11427959982464,0.05654775047460529,1129.4637505783712,0.001464748928419263,0.015032775434010107,11.157095972089994,23854.156795821837,0.16442884889655068,0.07008918305579158,False
CAMP172927,YouTube,Beauty,Seasonal Sale,56477.28828570791,573156.3103060111,2985.958814384546,16.837942248853714,0.12202604746202178,3093.6065995513013,0.00643004167967731,0.048927708828586276,173.1166221453717,34114.05444534998,0.3925543151640709,0.3644889191194385,False
CAMP237968,YouTube,Travel,Event Promotion,84060.3540095625,324454.4848501996,1042.901200329977,25.03352220996275,0.23522587781524015,3305.902818032676,0.003680656363166741,0.013684309455065902,45.33954369716378,15019.613710003632,0.7585171927837834,0.309994676414421,False
CAMP207568,TikTok,Food,Giveaway,51201.688066790965,408395.3227813628,2120.9147171641725,25.047430156756555,0.1315928293131503,2127.872074405832,0.006501179196070142,0.03072334887645113,82.16274950675277,16685.29202792813,0.4325405865705563,0.34059987072011133,False
CAMP143510,YouTube,Tech,Seasonal Sale,60596.896796658795,332016.91235386964,2071.4469952021454,1.0894069580116392,0.19736439182494722,59801.00366604569,0.006320192463015985,0.030429648161377564,2073.47883170792,325327.58329634514,0.5370277928100047,0.4116635519451844,False
CAMP183259,TikTok,Food,Brand Awareness,41501.037724986294,206866.94891970034,4755.114838460527,18.096199317428173,0.18705706293094446,2142.6134460679023,0.0219233283639149,0.12030870521850465,277.55377709258596,11857.21105833904,0.6538377020134503,1.4913207993545636,False
CAMP143004,Instagram,Fashion,Product Launch,20489.23619912186,894290.4136059034,4859.639020628048,16.142467859619032,0.012216888138628808,1381.787387398756,0.004337457857313454,0.22747592103103317,315.6288138983718,55937.20157758499,0.10401180844920055,0.3338675085878255,False
CAMP222457,Instagram,Travel,Event Promotion,33893.94592550817,846577.4840804716,2415.0543971652105,15.935535577777996,0.05678580289160606,2160.3856806474696,0.003945082663072126,0.07156696833584716,145.40684215051098,54679.87197568027,0.025844048278036463,0.27194873829463156,False
CAMP105895,TikTok,Fitness,Seasonal Sale,20833.254671590385,216220.4987650432,850.8218158135738,13.159334048924027,0.09505648737972422,1663.2758548780398,0.0028655752177511665,0.03196997205674907,71.26014423296192,14328.185536667403,0.27901893126690025,0.2743369034019352,False
CAMP159042,Instagram,Tech,Event Promotion,9134.63502718019,713554.5003432705,3392.6963595992006,1.0461556721408565,0.02119514449519906,9478.069847466992,0.005676754482333042,0.34634273548858396,3393.713863237224,715939.3530776654,-0.015037746365614474,0.2760286715803106,False
CAMP210068,Instagram,Gaming,Seasonal Sale,94357.26947705426,310348.7099009968,3099.4368250053626,3.9946282903877317,0.29756461755251606,23665.87441930664,0.010884017285224269,0.02334696246072384,787.854709633127,78054.98790130691,1.0056402530213533,0.5790918531186519,False
CAMP207092,TikTok,Fashion,Giveaway,86962.71287049944,435202.883669792,1510.362617440101,3.0473787298397466,0.18759607087485064,28977.742804833702,0.0024592692385735824,0.031026676780758395,502.9199991222441,145906.27523175787,0.6089818367827384,0.1384242816641179,False
CAMP132274,TikTok,Beauty,Seasonal Sale,76830.57687309562,19713.194884204248,59.937748429270954,22.876569422994336,3.1857326653272033,3130.7393303619756,0.001535083523656186,-0.001616815621833784,-0.02929621322486753,25.788557115389267,9.356532837594784,0.11622162905713648,True
CAMP186259,YouTube,Food,Giveaway,88991.3041298422,872336.2569361358,513.5797682320479,27.901091300045373,0.12064824458870646,3291.917380533986,0.0005791553197346119,0.002162747287406601,16.143073006398154,32877.78998239813,0.2387742643988719,-0.04821364985031469,False
CAMP109006,Instagram,Fashion,Event Promotion,56446.1744754234,992441.3635999047,1725.0358647162464,9.02716176979188,0.05569971111440554,6285.585249286186,0.001759678321968543,0.034268109205975734,197.05452016099818,109457.89825001775,0.21405282650388885,0.054755341908575644,False
CAMP113996,Instagram,Travel,Seasonal Sale,87689.0,844822.0,3617.0,2.0,0.103796,43844.5,0.004281,0.041248,1808.5,422411.0,0.313,0.257,False
CAMP233981,YouTube,Fashion,Giveaway,46367.58314561555,844745.0646371609,1994.460075459106,9.09656437628048,0.06521230810433114,5399.445954083716,0.002385542115126249,0.023387057722548055,219.5687705548686,92376.21150439307,0.13133457523005254,0.16977025266943724,False
CAMP118042,YouTube,Fashion,Event Promotion,15431.0,340699.0,704.0,9.0,0.045292,1714.56,0.002066,0.045622,78.22,37855.44,0.133,0.125,False
CAMP240382,Instagram,Fashion,Event Promotion,82889.51989774955,911608.9964964768,1547.0743505791986,12.948043274572289,0.09590300092311735,6176.30146046716,0.0014747045104360516,0.02032753597521466,122.68477299078015,68852.73734948656,0.3049714926266894,-0.0016235708297038937,False
CAMP103918,YouTube,Food,Seasonal Sale,9054.0,698949.0,2536.0,2.0,0.012954,4527.0,0.003628,0.280097,1268.0,349474.5,0.038,0.219,False
CAMP114062,TikTok,Gaming,Seasonal Sale,56018.0,109593.0,2581.0,28.0,0.511146,2000.64,0.023551,0.046074,92.18,3914.04,1.487,1.387,True
CAMP207171,Instagram,Gaming,Product Launch,9722.864308362601,796991.32138917,728.5203385301181,4.125098928725705,0.02607670700367734,2410.4997974666912,0.0011858035492014276,0.06727276975865758,182.81155915221746,197685.62037038626,-0.004689126399567679,0.07108348827057544,False
CAMP192045,TikTok,Gaming,Seasonal Sale,16088.719602137195,729974.6875805577,222.95940412043345,23.899944960075896,0.040432194711495825,581.3398625592905,5.8244156020263054e-05,0.02093791709550777,4.522661456181078,27789.087579425446,0.08562930425157685,0.009420297527557893,False
CAMP178323,Instagram,Food,Brand Awareness,95562.95383814485,80447.4415396699,2847.824023728974,7.032510362535549,1.2333728134853168,13606.182737354155,0.03603841773393728,0.029667100045031584,406.8586181066233,10463.760975757332,3.6996357788792253,2.149015093441285,True
CAMP162116,YouTube,Fashion,Brand Awareness,89050.33603568653,280951.8961957996,1958.083538405772,4.044397521162786,0.3175975078598934,22330.602743730517,0.0067568418018054245,0.020607764014570356,485.07153816648616,70387.48417453785,0.9452436329992498,0.35584445712854773,False
CAMP148043,YouTube,Food,Event Promotion,10976.382278623934,358933.66334027675,1441.7824127881313,7.109272245520051,0.02118581525898237,1567.872163074397,0.005264279178514984,0.1375294510296614,209.4524316243981,52595.58631501763,0.09190651462333468,0.1766466416589299,False
CAMP140585,TikTok,Beauty,Event Promotion,67056.35698187024,663894.0938290316,4709.216360603248,16.080629633990327,0.11897124960504257,4369.1979862292055,0.0072513039867182095,0.08374531261383222,292.7208904450453,38996.71448668368,0.2659782127605956,0.49511406669085556,False
CAMP167298,YouTube,Fashion,Product Launch,17157.0,996812.0,296.0,5.0,0.017212,3431.4,0.000297,0.017252,59.2,199362.4,0.051,0.018,False
CAMP183227,Instagram,Gaming,Seasonal Sale,88387.1339140045,893355.144089406,2484.1881139598613,9.993028675823265,0.11290703809709758,8906.056529918835,0.0025905027917053703,0.039205615483702896,239.98511159598056,87939.69327342964,0.2577872468441216,0.23266394864395631,False
CAMP109242,Instagram,Gaming,Product Launch,5593.5072974613095,400946.6065177755,2888.714310307715,23.08083882160204,0.012656918430323252,211.02736237481395,0.0074433642147605,0.5585095033516562,125.7969772480944,16610.47444053492,-0.06797673328958026,0.3290210032884232,False
CAMP198382,YouTube,Travel,Event Promotion,75179.20809525899,991280.7711450561,3095.4660150316413,26.980834964699,0.10646342506457096,2732.5583132213637,0.0037387324089331055,0.04556121830427726,115.81544792788222,34872.13172554937,0.25235160216675834,0.2531228124044182,False
CAMP122329,YouTube,Tech,Brand Awareness,23292.348861722006,133223.83341356914,3582.523218664433,15.034240764505958,0.21500146566588657,1486.297951202249,0.027237206428185487,0.15131402524565218,247.0456555984311,8545.6899049942,0.514447511164338,1.6379309148319547,False
CAMP203605,YouTube,Food,Giveaway,28667.217466722715,34556.69185734635,4781.899292400113,9.01781057358316,0.8820620072539184,2975.0358042137077,0.14678677635948664,0.17856975516184823,526.7557097958029,3257.723411220624,2.55146317220585,8.841593525564498,True
CAMP181095,YouTube,Travel,Event Promotion,48808.0,416666.0,2334.0,21.0,0.117139,2324.19,0.005602,0.04782,111.14,19841.24,0.344,0.338,False
CAMP182748,TikTok,Tech,Giveaway,69600.0,338938.0,2873.0,7.0,0.205347,9942.86,0.008476,0.041279,410.43,48419.71,0.598,0.499,False
CAMP239686,YouTube,Fitness,Seasonal Sale,77036.0,850969.0,2007.0,26.0,0.090527,2962.92,0.002358,0.026053,77.19,32729.58,0.266,0.142,False
CAMP201334,YouTube,Fashion,Giveaway,75487.03336766109,653714.6961412964,1230.5529117773476,19.015252869882445,0.11246130648884528,3853.5424320942443,0.001733249529058707,0.006827200871871143,53.477311390668106,31892.345845996686,0.2346874750526045,0.13039348324382838,False
CAMP223937,Twitter,Food,Giveaway,78979.90615085544,479204.0758774755,1995.240841663898,10.025650271072555,0.16719507877990294,7842.3660608349965,0.0034804739648393096,0.016441013812677152,198.85785548443053,47651.88426594032,0.383490073909657,0.23207276369717578,False
CAMP121840,TikTok,Fitness,Event Promotion,85847.53270933624,552199.9149385223,1333.1876089603873,13.056230932741894,0.16716390820801294,6423.665915054872,0.0013189032382413296,0.011488424695875063,99.57391720259876,41426.19311301691,0.41545115247745035,0.0884269001928844,False
CAMP219325,Twitter,Travel,Seasonal Sale,97040.17727779673,809270.4053092223,2144.599655351815,7.017241038056637,0.1381191210170101,13748.946934960895,0.0035894502951213493,0.037164033724188424,312.5459162464948,114049.49076220956,0.32608868239340305,0.12039982098089405,False
CAMP222221,YouTube,Tech,Giveaway,17925.269249885234,441833.1629040085,336.90136699253634,25.071454512658377,0.04209744600247408,802.4150158825256,0.0004386435621746934,0.030031655793636404,2.8152557303690475,17254.03002923802,0.0801831482505585,0.08434094793702025,False
CAMP164320,Instagram,Tech,Brand Awareness,14821.774436981334,596432.8962009201,598.1795430551576,0.9873899127903705,0.021414964232806546,15456.706557513307,0.0029979716097305285,0.03701282056007051,583.007779905307,600032.0217274537,0.09919059233588702,0.04794785068685855,False
CAMP133224,YouTube,Beauty,Seasonal Sale,81101.0,690701.0,812.0,18.0,0.117418,4505.61,0.001176,0.010012,45.11,38372.28,0.345,0.071,False
CAMP218373,TikTok,Gaming,Product Launch,66612.78431785003,828939.5263176388,4472.016455231208,26.879340532187715,0.07137789124175817,2604.67312191317,0.004738656989288814,0.05682503203931109,171.54003073709072,31425.85184080055,0.1998084139165597,0.25916171696824014,False
CAMP239199,YouTube,Tech,Product Launch,14267.648650430943,37449.203364597706,175.87947119278886,5.881217113316335,0.36444562255776486,2444.7105400041987,0.005595711850264436,0.03454182319414155,30.73904330852537,7042.036754890038,1.0722405436191853,0.34549563183954296,False
CAMP133642,TikTok,Fashion,Seasonal Sale,96980.31046277602,603764.9499203,230.26888146643185,21.09470520735357,0.14542322346220618,4501.554478067037,0.0001167488557708516,-0.00801153125895488,18.585805755458917,29398.225028046876,0.40342792520905346,0.06683134385066739,False
CAMP154100,TikTok,Gaming,Giveaway,33270.61386302594,859164.9270211426,1131.9356392852408,17.044218810604743,0.06243514027961271,2140.744743712102,0.0011212731857726812,0.038525373693299766,74.85045653868166,48643.39208331343,0.04669055820419983,0.054663671836671424,False
CAMP152402,YouTube,Fashion,Event Promotion,64413.0,512300.0,779.0,20.0,0.125733,3220.65,0.001521,0.012094,38.95,25615.0,0.369,0.092,False
CAMP225755,Instagram,Travel,Brand Awareness,8217.063775489867,190319.28471730722,1158.2128022352379,9.017598966474843,0.04004979492796685,863.1704958427147,0.0067764637933796085,0.15107957559100468,123.13897018655594,19050.18000794299,0.09284898197051741,0.34142523325346535,False
CAMP246817,Instagram,Gaming,Seasonal Sale,88597.06895334987,278751.47573583573,4040.2415862880734,29.076900025679333,0.30459211579920964,2988.1770469505364,0.013269608840295335,0.04348304404719434,132.8748195442348,12848.929489161164,0.918603574930377,0.9281639618206661,False
CAMP227888,TikTok,Travel,Seasonal Sale,69727.0,6976.0,1699.0,15.0,9.995269,4648.47,0.243549,0.024366,113.27,465.07,29.088,14.348,True
CAMP184894,Instagram,Tech,Seasonal Sale,25453.0,799276.0,1906.0,2.0,0.031845,12726.5,0.002385,0.074883,953.0,399638.0,0.096,0.143,False
CAMP158835,Twitter,Beauty,Seasonal Sale,36063.0,707368.0,2098.0,2.0,0.050982,18031.5,0.002966,0.058176,1049.0,353684.0,0.141,0.166,False
CAMP129711,Twitter,Fitness,Seasonal Sale,91523.67600090156,825606.7268340703,1355.8365966101037,0.9689065411775011,0.10100132770267893,91465.30795461462,0.0015360357468385208,0.01672338116438841,1358.1409248440787,826855.9731046994,0.3078968274341273,0.10805140901199836,False
CAMP122611,Instagram,Fashion,Brand Awareness,66353.44968724759,563171.4087977416,853.6042538830058,23.956614194751108,0.1202895074491214,2634.59814332643,0.0005702142436220159,0.01389753538881454,39.984129255718386,24230.333891539107,0.34459508713946674,0.13006256425446394,False
CAMP241094,YouTube,Travel,Brand Awareness,13289.095458951853,678026.509729881,3061.3557020345943,24.99502466213391,0.01107536156815904,645.8527249399447,0.003934320003723479,0.22068906396897262,114.85962978078152,25875.910383876388,0.029768810948162153,0.24834261779544323,False
CAMP204033,TikTok,Tech,Event Promotion,16653.48241941462,877564.9303693423,2830.6791393681697,12.811236183249818,0.03449976422269916,1380.2025512530022,0.002920382538753133,0.16906102235667286,218.95490734562458,68293.60492621816,0.10354049577012259,0.19473201146387142,False
CAMP156430,Instagram,Fashion,Seasonal Sale,30585.456411813004,337980.18264027074,3707.5900264398792,20.000522797522454,0.08351359130209303,1407.2924958541064,0.00993088626602074,0.1120368814036273,183.79572291400967,15106.885316326196,0.22435835583617936,0.6292642599854131,False
CAMP107109,Instagram,Food,Product Launch,93351.36139777396,761476.8762208809,1038.3853660421398,27.07538238801845,0.11325585600740426,3302.8898779643355,0.0017562111554134626,0.019873703086177936,37.71697323440068,27649.91131709533,0.482818206075919,0.12641137725975526,False
CAMP246038,YouTube,Tech,Seasonal Sale,80538.6982801416,877606.254438489,4247.239182892679,20.91229974626728,0.09759221914300682,3972.4883087986573,0.005476337028404703,0.04261302109181811,216.688690630902,40681.64487890486,0.20638821664829943,0.27863119568479666,False
CAMP221829,TikTok,Travel,Product Launch,65659.13146542611,246343.3548824259,749.3528056053732,15.985382146055946,0.2634206638116582,4227.4283160605455,0.0033511272393170026,0.023138983569162917,58.06297800255466,15400.225624326129,0.8213277931847431,0.21325567803135562,False
CAMP210158,TikTok,Beauty,Giveaway,31518.418780307387,51832.90887779605,3825.2769242061313,16.921781605886046,0.6874098067485876,1741.1912139345475,0.08281907495693341,0.12000929335755059,235.93610665953497,2278.3298313780533,1.9565302351303884,4.91443341842796,True
CAMP205292,TikTok,Fashion,Product Launch,53330.82683471362,340280.5395404598,2183.0981575841543,12.891256558857695,0.18902430661299885,4047.099806710537,0.00654560722189521,0.03642403130221951,166.0653529827382,26644.429144269972,0.4205625631780871,0.348723370546679,False
CAMP150303,YouTube,Beauty,Giveaway,82721.83581181087,30978.545259667917,718.5253664731576,15.895204057898557,2.6013870248412347,5165.866915242291,0.023108404338226987,-0.0023574074733149365,48.00267979957566,165.93299325442035,7.74550663654203,1.263940525362416,True
CAMP236063,YouTube,Travel,Brand Awareness,71140.61458502607,645635.5671249757,2662.422102403824,6.9236665395016175,0.09680970219802207,10121.055764573528,0.0035617402399912234,0.04106404982832546,380.7105834697743,92009.8688487484,0.28664638932629644,0.3239775848902963,False
CAMP163910,Instagram,Fitness,Giveaway,18642.170523524695,290122.0077280345,407.34010003612656,24.017391315467616,0.050956160778860365,812.539799919664,0.0005954934971642669,0.008965933877688903,7.252470440460499,11874.46819623237,0.1868562993496081,0.15769955024318344,False
CAMP159847,YouTube,Food,Seasonal Sale,80163.6743433357,321337.6926673567,1943.902559973475,25.08223340788202,0.22129955256293637,3127.492492907905,0.007087731489791397,0.008868781586758124,82.90685382198517,12851.354023187547,0.750647495064261,0.395366066645994,False
CAMP196436,YouTube,Food,Event Promotion,12792.0,521986.0,37.0,5.0,0.024506,2558.4,7.1e-05,0.002892,7.4,104397.2,0.072,0.004,False
CAMP118190,Twitter,Fitness,Giveaway,75573.11687461074,774048.5886191638,2913.3097512253016,23.938280058411245,0.09366594519087942,3273.8701748923436,0.004298652037351834,0.04393226471919896,123.6672575150362,34945.86040086014,0.2542028225782081,0.1711137791063325,False
CAMP102312,Instagram,Fashion,Brand Awareness,61210.066829187155,50577.05272580718,4221.917267913249,24.105686752213316,1.2700711753677667,2410.2028491849533,0.0852152465988812,0.06004345918677348,179.35782532028327,2999.4204414781157,3.7153283379355924,5.202149833826641,True
CAMP238801,YouTube,Tech,Seasonal Sale,44632.0,1650.0,80.0,6.0,27.049697,7438.67,0.048485,0.001792,13.33,275.0,79.466,2.929,True
CAMP199412,Twitter,Food,Seasonal Sale,99943.88823518947,845778.2824269928,2705.487448743851,3.0723591440007043,0.11353178104272336,33353.26865174298,0.004372760884968161,0.0003783010540510702,898.6477857658017,284958.2666214824,0.34347066359307454,0.26372531715724645,False
CAMP208509,Instagram,Fashion,Seasonal Sale,58849.93394046798,353418.1603907189,2447.014079308203,24.082501558809856,0.17080092769372257,2453.486543036747,0.007698443275370732,0.03642896845413943,108.08919212259113,15968.81610306007,0.5433178523212889,0.4964641117568791,False
CAMP235581,Twitter,Food,Giveaway,99653.73036738315,321690.6378948625,3049.656853342104,27.06139240737989,0.32910546703018156,3644.4514870638286,0.008559846888322297,0.03580727134160521,121.5289422653967,10642.88798375022,0.9055389203767465,0.41688620872230564,False
CAMP161970,Instagram,Gaming,Brand Awareness,3890.537397002941,786455.5059391053,3157.1052875588807,24.1273872139994,-0.01636005730899885,331.48371175436887,0.004664523012323159,0.7355109144167172,133.59733056777387,33970.21029001065,0.03473208947309234,0.19236640475964284,False
CAMP246422,Twitter,Food,Event Promotion,19011.845684720614,312343.7099134486,2704.5662707363017,14.010218532597738,0.04412074231913897,1343.949220215722,0.009321629897946552,0.15227595141840408,201.384164218315,21059.145248590066,0.05972483290692919,0.44639714315896784,False
CAMP119321,YouTube,Travel,Event Promotion,16806.573627676134,125181.46627510655,42.652632585867394,21.001494273150566,0.13364929694775185,875.1567738195145,0.001259699621955961,0.006182040748097394,2.2452575460541295,4806.77403872994,0.2815688356908287,0.08380417488319396,False
CAMP195966,TikTok,Tech,Seasonal Sale,88976.44916145656,841498.0042655324,2917.0938889642334,0.9601096339856652,0.10039199823324707,89046.33612429818,0.002217040857005189,0.03140761149999928,2914.476324853706,838756.4154130463,0.22691206443549855,0.17135349149295925,False
CAMP136742,TikTok,Fitness,Giveaway,10321.793582358985,225624.1498129602,4609.991824620605,12.937229305425964,0.044781240514407294,841.9279969209817,0.02026358328280169,0.42366791359903133,363.08038754702255,16677.999859728694,0.06918189317596071,1.148538253949643,False
CAMP236059,YouTube,Tech,Giveaway,56812.0,75686.0,3787.0,17.0,0.750628,3341.88,0.050036,0.066658,222.76,4452.12,2.205,3.022,True
CAMP151564,Instagram,Tech,Giveaway,80682.0,175855.0,2902.0,2.0,0.458798,40341.0,0.016502,0.035968,1451.0,87927.5,1.382,0.991,True
CAMP108717,Instagram,Food,Event Promotion,29199.0,886634.0,429.0,26.0,0.032932,1123.04,0.000484,0.014692,16.5,34101.31,0.099,0.029,False
CAMP168599,TikTok,Tech,Brand Awareness,63498.0933429968,616320.7228343772,3485.099948883876,0.9047330877247364,0.08661576612035127,63287.188113145836,0.005861667796233239,0.0645940433769474,3509.605553724924,610136.6439365419,0.28298492430180816,0.1999819740887061,False
CAMP173883,TikTok,Tech,Giveaway,31172.363819384307,583245.8278886661,505.8542120698629,4.964956655289413,0.055165331575769486,6297.919742091623,0.0016607867218259688,0.025310740730706223,98.28273749071731,116504.04050108863,0.052060609089126436,0.01784263233546892,False
CAMP184401,YouTube,Travel,Brand Awareness,68016.81084285391,453746.6113652968,2968.939414588122,1.0595363125641393,0.16446772014071698,67927.86147361938,0.005917637219460648,0.046319106678425245,2944.6477521247575,457950.4068818095,0.4599021239164943,0.4311448106670677,False
CAMP223118,TikTok,Food,Brand Awareness,67593.86980966179,185611.66356977855,1276.6680572772561,18.957935242043582,0.3738838084327638,3800.8851385785083,0.007448897994149553,0.027451047719925705,62.33732114115222,10425.695786382672,1.0969935918853888,0.4969572098675322,False
CAMP186459,YouTube,Gaming,Event Promotion,59204.0,248172.0,3873.0,18.0,0.23856,3289.11,0.015606,0.065418,215.17,13787.33,0.701,0.943,False
CAMP104614,Instagram,Food,Product Launch,29634.28789561244,900368.0434063765,2069.1375494471035,6.9768182930653,0.054569733741810955,4221.37327098816,0.002214914661938018,0.07015537687323613,307.53049959069443,128740.38146809461,0.07114387779641085,0.15041054906643503,False
CAMP230277,Twitter,Fashion,Brand Awareness,10428.0,816526.0,1814.0,4.0,0.012771,2607.0,0.002222,0.173955,453.5,204131.5,0.035,0.125,False
CAMP174623,Instagram,Gaming,Giveaway,95971.22779000396,527161.1775184273,4941.653195069604,18.99052910380316,0.19750047085642253,4981.6837279702,0.009542789492861699,0.05556380568868435,254.10646496787774,27821.989320153734,0.5283899664013687,0.4939325633954417,False
CAMP124869,Instagram,Gaming,Product Launch,55720.38047063725,544748.292857191,4541.594639662608,24.98090284900369,0.13984046076460616,2132.5027267654646,0.008558629577441482,0.09026898951162443,181.94241323828754,22322.531953234316,0.22699076397359108,0.4846864401151765,False
CAMP192376,TikTok,Travel,Giveaway,13260.0,510479.0,567.0,21.0,0.025976,631.43,0.001111,0.04276,27.0,24308.52,0.076,0.065,False
CAMP208316,Instagram,Fashion,Seasonal Sale,85214.40812691244,111781.21494108398,2621.354072374758,15.09019176353498,0.7467321250853605,5741.999925430772,0.02419934985833006,0.02775907689657252,181.15276524260324,8160.073955583387,2.2570825496779885,1.3907250121895245,True
CAMP121234,YouTube,Fitness,Brand Awareness,46031.10504909834,295757.01361426484,2187.245806179578,24.916966113845707,0.1618454590850147,1759.7958299631096,0.007818551406863003,0.039940656402140874,81.05438013894249,13192.49658867042,0.4524502824679005,0.46875877603511934,False
CAMP205758,Twitter,Fitness,Giveaway,31912.0,113181.0,356.0,18.0,0.281955,1772.89,0.003145,0.011156,19.78,6287.83,0.782,0.176,False
CAMP224188,TikTok,Fitness,Event Promotion,56817.030066387044,763589.7353070821,2722.7897602089024,13.219414252698071,0.08120148292024516,4387.943329660716,0.003821116801183585,0.04511317553197288,212.45976007825362,58615.99753681949,0.18559801615200927,0.22655596876192424,False
CAMP144946,Instagram,Travel,Seasonal Sale,14556.278834023798,624165.97447524,3590.866945127321,28.875342305365553,0.038219687831850244,509.12699225232063,0.00542984284771567,0.2517382208814093,124.70127213127182,22750.081913164333,0.05405469845645638,0.33903575931720803,False
CAMP197272,Instagram,Fashion,Product Launch,56744.12506609486,623309.4642951583,2604.4476106135767,20.84906482698497,0.08157045629093196,2643.3697564304703,0.004930589083896367,0.02799571036634752,129.87112483142914,28814.635355786937,0.34812098496664706,0.203569319190452,False
CAMP216592,TikTok,Travel,Brand Awareness,48462.0,150963.0,2976.0,29.0,0.321019,1671.1,0.019713,0.061409,102.62,5205.62,0.934,1.161,False
CAMP222128,Instagram,Tech,Brand Awareness,41369.87763459032,976861.9287143577,3224.3026325348337,15.065745490258385,0.028121034505566245,2876.192199512304,0.003322800539878023,0.06348566987810679,214.83430105747374,65149.86620726365,0.12605759232685707,0.2580737363288592,False
CAMP236082,YouTube,Fashion,Giveaway,77802.3027694675,328340.6500994299,1528.3709958592442,17.126180476467926,0.24596192573696282,4503.104163611135,0.005504899851263904,0.013785890113351056,93.84297871303339,19392.0107008048,0.7629359948091892,0.242242656670628,False
CAMP157393,Instagram,Tech,Seasonal Sale,66991.0,916814.0,789.0,29.0,0.073069,2310.03,0.000861,0.011778,27.21,31614.28,0.22,0.052,False
CAMP217913,Instagram,Fitness,Giveaway,8630.24378857712,164368.65659228765,3639.846679248225,3.0296829805289986,0.031363587458172276,2586.6291047920813,0.02210570082694557,0.4567743950074234,1216.7434840490723,54134.679731365024,0.09659578538552199,1.331398325255479,False
CAMP110868,YouTube,Fashion,Product Launch,60114.99883564351,690832.2284561906,1578.16480908182,27.141891744315153,0.07412553489615784,2301.7711797322163,0.001948842154944604,0.027073650332933692,59.27054092539197,26134.29551420425,0.19955352661890663,0.020234334784407018,False
CAMP176381,Instagram,Beauty,Seasonal Sale,8970.527526255475,185938.97181205734,1904.5695631731637,7.0303995566291535,0.04366621463491707,1291.467991644786,0.010857129480350138,0.20441391554161564,280.53274519040167,25946.918190939712,0.21529905644832203,0.6140792803297005,False
CAMP162914,YouTube,Fashion,Event Promotion,36707.29263223872,746889.9313534258,3002.012774595556,25.945389432215,0.053414532073027134,1347.5192403007295,0.0040363382716900285,0.08215589864250364,122.24165937908099,29873.38150904058,0.10903120203608972,0.2827489566925292,False
CAMP137915,TikTok,Travel,Event Promotion,14696.0,431708.0,823.0,29.0,0.034042,506.76,0.001906,0.056002,28.38,14886.48,0.099,0.112,False
CAMP233102,Instagram,Gaming,Event Promotion,79985.59023145182,666927.6274206525,2603.020524214437,10.922930844710534,0.12179816333586695,7288.019184160281,0.0031365637085110963,0.031515545145635177,229.40219134302626,60788.071845786195,0.4018286304738129,0.029937191567862842,False
CAMP193580,Instagram,Tech,Product Launch,41009.68229710245,491912.5675098558,4201.121732531651,1.0240533469590476,0.07381662729429612,40992.448576982344,0.008522664601842547,0.10917957806952934,4216.6752942026205,492131.69964384893,0.22411200523512537,0.5337882702771884,False
CAMP170967,YouTube,Travel,Giveaway,67365.76153933478,655150.9026730228,3647.7059873737817,28.000176660492365,0.0730255156355092,2608.8120532647235,0.005972396253591733,0.044311154273055875,132.14656278844214,23132.953971576946,0.3224596443444381,0.26033055201010363,False
CAMP169396,Twitter,Gaming,Seasonal Sale,34933.0557668048,171554.58897977276,895.1249789871644,5.909362324541773,0.1921313994898796,5786.299163440375,0.006503319718083666,0.030180521400121667,149.94953616480592,29601.02535845245,0.6239502115809354,0.2739104084819953,False
CAMP150458,TikTok,Gaming,Giveaway,46962.895986955686,435336.3979835856,96.74247432120367,18.9189641351623,0.12241636401391578,2819.2151841553264,0.00047838927108610394,-0.002289840617199834,7.690186890546171,23158.826702493378,0.2172840307380448,-0.06631890946459044,False
CAMP233736,YouTube,Fitness,Giveaway,91939.31607230974,664426.1249851678,4091.1388931178694,13.977840953226462,0.17877980578276476,6534.883320178739,0.005883421544591217,0.039466477365976124,290.57108398340523,45705.69332470151,0.3717273192061915,0.4427899046316206,False
CAMP148665,Instagram,Fitness,Product Launch,94143.93645066649,86655.70113111107,1359.8306855210628,28.91303602429896,1.1099346437927422,3226.0103670544563,0.015144767955845411,0.01891961325982307,43.25634530620306,2731.531729028881,3.218408599127927,0.8679511363468237,True
CAMP233783,Instagram,Fitness,Giveaway,86412.62653492903,568472.6419685814,4294.5712469685295,10.056375555007145,0.15026814535665048,8644.729455228948,0.007377436194941139,0.04740133342467961,425.83060863554374,53643.01990955927,0.43607738414195024,0.5373483800451312,False
CAMP234877,TikTok,Beauty,Product Launch,67082.37521514358,398571.50187510153,51.86205916341472,18.81842856533621,0.14392913577200028,3602.3618073763355,-0.00043958130601025943,-0.013454730838998235,-4.331812370285255,19223.646442301622,0.4572309987339353,0.034125816635921874,False
CAMP208609,TikTok,Food,Product Launch,23628.8679385496,623942.4974695083,242.78628961882882,22.11098709753196,0.040056759042965254,887.982147618694,-0.0007351835873041732,0.012205529904437018,6.26792607656823,25675.224512234796,0.10611610439393895,-0.011900518474382487,False
CAMP130375,Instagram,Gaming,Giveaway,91530.0,54478.0,2587.0,22.0,1.680128,4160.45,0.047487,0.028264,117.59,2476.27,5.06,2.853,True
CAMP164290,YouTube,Gaming,Giveaway,8992.0,237970.0,1004.0,22.0,0.037786,408.73,0.004219,0.111655,45.64,10816.82,0.111,0.255,False
CAMP240337,TikTok,Fitness,Product Launch,6807.23555515839,793096.3593060729,1651.1468692831393,3.0290617555791575,0.04197623232591322,2339.7991464516945,0.0018790622069013384,0.2555244594524348,554.1539103505704,266038.4692780167,0.019375528219306982,0.1417682490073004,False
CAMP239427,YouTube,Food,Brand Awareness,61177.0,616829.0,1661.0,20.0,0.09918,3058.85,0.002693,0.027151,83.05,30841.45,0.291,0.163,False
CAMP247239,Instagram,Gaming,Seasonal Sale,21330.280508780485,400752.29543860024,740.9589406287133,22.0970849163869,0.04169086409395191,959.6061822490408,0.002144516318445724,0.01384304866049851,25.503159744789166,19778.98121165867,0.21903149742100803,0.1253738393721541,False
CAMP232693,Twitter,Fitness,Giveaway,82035.0,519272.0,373.0,18.0,0.157981,4557.5,0.000718,0.004547,20.72,28848.44,0.438,0.04,False
CAMP248569,Instagram,Travel,Brand Awareness,81569.02471933511,978395.1762221287,1648.2290391008153,2.070758067533069,0.07653792742640739,40935.413473633365,0.0010845232968383794,0.010855696338052695,822.3908517401097,490351.3104428824,0.26889109046710646,0.14441613367274825,False
CAMP209218,YouTube,Food,Product Launch,26847.382140409383,930676.1240650369,1091.3859027921026,1.9156922944056838,0.027060285013688234,13329.707336865462,0.0018637949232112809,0.047804667013286284,556.7756487312987,467909.69018880767,0.05435238761730847,0.027533967863938247,False
CAMP239011,Instagram,Gaming,Giveaway,52269.42201134434,921577.7980406036,3549.383032905172,22.101991111775178,0.05742248991860768,2301.7201128253505,0.0029884648195849534,0.06762709007454086,153.19229067520445,42416.516407441,0.14784312078798204,0.24995230485351383,False
CAMP125269,YouTube,Food,Giveaway,51815.17878400187,704005.0264497341,3363.1805917751935,29.150536947095507,0.09046542161293863,1754.2213959754547,0.004643953351316632,0.06237896918738466,119.5162341537456,22450.967710711004,0.14726378552413177,0.2779422129783167,False
CAMP120747,Instagram,Fashion,Seasonal Sale,17069.463947648343,858269.709650239,4753.6433871011295,23.162279607939702,0.042246285628265615,838.342717885272,0.005449705413277456,0.2772458667565174,200.90300504934996,37654.09987564623,0.08101354498846555,0.35511021710455815,False
CAMP165402,Instagram,Tech,Event Promotion,37422.65576982923,65504.81533893815,2841.675397512476,10.80402352506675,0.5784558598279887,3340.704812450299,0.045443827016108905,0.08122654204716281,270.21051537849644,4677.515108559944,1.6694113760783955,2.657083578115433,True
CAMP123285,Instagram,Travel,Seasonal Sale,48309.0,765700.0,353.0,10.0,0.063091,4830.9,0.000461,0.007307,35.3,76570.0,0.19,0.028,False
CAMP104664,YouTube,Gaming,Event Promotion,18710.730997508574,610998.7821844926,1395.2825582731016,1.9427013721910695,-0.001515706911096832,9113.837669730756,0.0025888101178472784,0.082703293411895,710.7325170361164,306362.41973375133,0.1971667350296109,0.03358820707262175,False
CAMP223477,Instagram,Beauty,Event Promotion,44071.59419201844,608769.243427757,1665.5281908256695,26.154411094628536,0.09768391613671398,1754.6358445861893,0.0018381709984641587,0.04001908006752088,65.67183026284408,24065.844040235068,0.28169331045603374,0.14866434795017683,False
CAMP226636,YouTube,Travel,Giveaway,67814.16774741054,907177.4402110429,253.5536264029824,25.965076653107683,0.09620180450458714,3020.0290905742454,0.0004046354198899793,-0.009238302714363815,1.4724145869984486,33343.871525012815,0.15901772521506036,-0.030536878472277665,False
CAMP182607,YouTube,Gaming,Brand Awareness,61912.38878699911,934659.1407028033,1710.8035911775328,5.010541993182531,0.048518698185488165,12498.571652306462,0.0016438155598199698,0.037557010823235176,335.26406765266194,186131.90990408164,0.2655106580011647,0.15365991219986336,False
CAMP150298,Instagram,Beauty,Seasonal Sale,15781.690029902276,215899.03491406504,1881.8688313329799,27.094707051353957,0.05379768493406764,638.6592849057906,0.008504969350760632,0.12502497627866474,65.63552482214891,6512.003335064568,0.22591980479720894,0.5008963842677246,False
CAMP198470,TikTok,Travel,Event Promotion,40138.9204597537,827367.1885977864,707.2861915774139,24.038478162362637,0.06307634417770426,1558.047970890324,0.0007024673601865802,0.01359774737206067,29.894658957803728,34598.13198460259,0.16891388475020375,0.16571648909712045,False
CAMP109954,YouTube,Beauty,Seasonal Sale,31756.0,539605.0,3173.0,23.0,0.05885,1380.7,0.00588,0.099918,137.96,23461.09,0.173,0.355,False
CAMP247224,Instagram,Fitness,Brand Awareness,42693.06714112741,928530.2777577623,1541.7221606622147,9.091090150734075,0.04951158547631009,4833.068344617696,0.0021143764178025585,0.057213132500421524,173.77496849206025,103049.3508811429,0.0365954047144961,0.1320856851480903,False
CAMP149278,YouTube,Tech,Giveaway,50336.58561019249,141452.51275781044,527.0994769390201,16.94749395080936,0.34283014062837547,3011.2105730076723,0.0051943202280976125,0.003211623310603879,26.717392173435385,6877.4950327233955,1.05790893084722,0.3052423483017967,False
CAMP123215,TikTok,Beauty,Product Launch,8816.414883113495,233539.00409849227,2636.7107277935165,13.867454138232764,0.045232798666436654,613.5208687912506,0.011360736203867983,0.28565234127714806,194.0909511910693,17508.10463450769,0.036228165873979784,0.6412816154299348,False
CAMP208149,Twitter,Food,Brand Awareness,96071.0,619541.0,4635.0,18.0,0.155068,5337.28,0.007481,0.048246,257.5,34418.94,0.43,0.419,False
CAMP141283,TikTok,Tech,Giveaway,85582.19821643516,855138.3011678532,4035.760110643553,7.157334438626031,0.10332913115514854,11919.55215615665,0.003840611598897298,0.04709013100374815,571.9078095184386,122541.07400410678,0.2917921114462931,0.26761576098845175,False
CAMP112565,Instagram,Fitness,Event Promotion,91614.24960780033,985093.2362767794,2918.591197172195,0.9664310167200205,0.08917064871377951,91928.01214748454,0.002850300998981529,0.014289255483450412,2932.5723844024396,985347.5233017744,0.31381603721481294,0.1145669469203808,False
CAMP142105,YouTube,Fitness,Event Promotion,74058.80310128485,182719.997886874,1409.9827245466076,6.983800278487186,0.40020504783611355,10726.98836420539,0.008044465905660571,0.012492582634723182,206.32753586878871,26948.210101075067,1.1725146656758427,0.5483748897426446,False
CAMP144067,Instagram,Fitness,Giveaway,65696.93384189295,998463.0061634837,46.66268252459046,3.9580377387516132,0.06180804780998341,16340.297683222492,0.0007974022967273142,-0.005135120869315107,6.926787983512069,249864.0232279392,0.21657262121618043,0.015439841991823458,False
CAMP220770,YouTube,Tech,Brand Awareness,63211.69345367636,852465.428982894,4374.46271835905,18.907468281201723,0.06475712123305939,3469.3249273544684,0.005446074525899754,0.061873781374512105,226.41482760305732,44351.03530591184,0.17338305645654215,0.32258641917162056,False
CAMP237487,Instagram,Fashion,Product Launch,36075.881169091146,860553.259931691,2079.1725890092794,23.991187847429305,0.027804151869838117,1569.5460389311534,0.0035596605895041314,0.04185698060388259,74.41477833907568,37980.71395254611,0.1847368395257905,0.1284783950620022,False
CAMP161991,Instagram,Tech,Event Promotion,85534.60473918411,652982.1034163685,622.275230150142,15.060721396329779,0.12102326837302706,5655.02430486256,-5.6543013524235596e-05,0.013580531774438158,43.11437931766655,42518.326939047955,0.48271400134374504,0.17945029184504754,False
CAMP101710,TikTok,Travel,Brand Awareness,65772.0,723206.0,438.0,22.0,0.090945,2989.64,0.000606,0.006659,19.91,32873.0,0.265,0.036,False
CAMP218558,Instagram,Fitness,Giveaway,7298.367983096624,598032.4487996345,359.7948921350601,3.9826101800038542,0.01909497130589108,1876.5061374083084,-0.0005294627790956768,0.05712050176351663,82.64683697896227,149322.69624150693,0.1060603503611289,0.044494323918440506,False
CAMP143754,Instagram,Gaming,Product Launch,39720.0,983291.0,1252.0,22.0,0.040395,1805.45,0.001273,0.031521,56.91,44695.05,0.122,0.076,False
CAMP210510,YouTube,Fitness,Event Promotion,2634.1758247530283,100889.80378600014,384.9933293695106,3.9595806526672908,0.0638026724275686,674.3155736029619,0.003592175180143356,0.14294005307048288,89.83419526349918,24387.14603266805,0.06826671925647927,0.24713565127939863,False
CAMP202370,YouTube,Tech,Seasonal Sale,9115.446613542274,23879.73064252596,1014.3772494405168,5.9978799317117515,0.49540444656880445,1474.2281123325192,0.05819620423991041,0.11588033101135402,174.92039217631933,2827.0113333726877,1.4601716365043953,3.586601646099413,True
CAMP163095,Instagram,Tech,Event Promotion,71131.73446379196,38843.615117722045,1018.298399240359,14.11623907093873,1.7507296686289382,5055.910891257,0.025346911707986385,0.019674720801161123,81.35869872184243,1785.6239780635512,5.188097927542115,1.5581042746971914,True
CAMP133109,Instagram,Fashion,Product Launch,45408.16951448175,889264.7251692847,4654.95973220136,17.854197071627723,0.0654330342015142,2355.1325085340895,0.0049067426564035534,0.12398349335628316,261.1335854123191,48093.1634362931,0.08998619557666597,0.24249856596852748,False
CAMP233396,YouTube,Tech,Product Launch,45141.07047558027,373374.0759149293,1708.4438210717944,13.052286841044065,0.121773964945256,3583.286221674421,0.004429554969069284,0.04115484708530448,136.472884099192,29022.068880116112,0.36032100843384957,0.3584543143904001,False
CAMP217887,Instagram,Fashion,Product Launch,45842.06525352451,593262.7682683246,1281.4478911839096,19.8994322827646,0.061849627417413205,2524.386659061211,0.0020000593308338093,0.024608505894947848,76.91347446407492,28914.916854931078,0.31893961731303233,0.2162157834375138,False
CAMP205397,TikTok,Tech,Seasonal Sale,50015.94215268255,92650.39067183936,3988.0180314478985,12.021024714397615,0.5498076091615414,4180.749269482039,0.045360808893775396,0.0756927733782255,327.89802743730314,5620.523118766148,1.5932832038021945,2.6514263075163895,True
CAMP151285,Twitter,Food,Seasonal Sale,17511.952113231146,54330.64575082705,961.9446407090817,24.946174446595574,0.3320902575491702,785.8270085576497,0.01908045727676578,0.06047357857828274,42.81230222621362,2205.606202376865,0.9614741233009814,1.1437436994473151,False
CAMP117124,Instagram,Travel,Product Launch,56862.29681065078,729922.2607213218,3767.910019654603,17.051658452964542,0.11845451428740578,3471.461117017798,0.005188845899524549,0.06621152770501874,215.53913473302896,44282.0187924985,0.20865126400910605,0.2687107235423859,False
CAMP202352,TikTok,Travel,Seasonal Sale,50166.361533938994,17926.417432883005,265.38061387156057,20.07762896281984,2.466856631474164,2543.285881681196,0.012390306838159082,0.010752640725696632,7.873114387900837,1099.8104413620888,7.1217801307038275,0.6611210018676043,True
CAMP233717,YouTube,Tech,Giveaway,1748.0,861120.0,2755.0,13.0,0.00203,134.46,0.003199,1.576087,211.92,66240.0,0.006,0.193,False
CAMP103726,Twitter,Fitness,Event Promotion,48191.0,421697.0,4955.0,9.0,0.114279,5354.56,0.01175,0.10282,550.56,46855.22,0.317,0.659,False
CAMP207756,YouTube,Tech,Giveaway,20078.0,149556.0,2399.0,6.0,0.134251,3346.33,0.016041,0.119484,399.83,24926.0,0.394,0.969,False
CAMP242972,Instagram,Tech,Product Launch,97558.94111590924,830081.7624234156,3369.1853930706548,5.066224081232163,0.10137539249665432,19536.155874270702,0.004522209378261876,0.040592499998807506,664.479919875062,167516.11647421107,0.3289878555990787,0.25240553773009317,False
CAMP127883,Instagram,Fitness,Brand Awareness,95118.88014069061,115651.25479748452,4294.122681412094,10.99807591390662,0.8305286770116483,8604.93188544904,0.03723938648720217,0.06785615671457207,396.04791955968153,10086.06724810598,2.3674555742595875,2.189426071997037,True
CAMP122289,TikTok,Tech,Brand Awareness,82444.2371174483,249566.0518367431,462.0784740150797,14.89920854942497,0.32302457082589636,5449.816611615436,0.0010321004644085687,0.02921498740467037,28.748616846551094,16121.640107163812,1.0090903536340559,0.09829866115549524,False
CAMP143505,TikTok,Gaming,Giveaway,66702.94963182713,8891.62201595843,4507.877974449509,17.9352544233257,5.189148455242322,3757.6341182784026,0.35167669429656073,0.08301072963171663,256.2362116150692,1972.360308860466,15.177412233805276,20.734662122114763,True
CAMP160796,TikTok,Tech,Brand Awareness,8021.154382668839,90461.64187710639,1899.6006056904782,27.12899163417434,0.0665723970847174,329.837243281974,0.0193345826815432,0.2321416805971297,63.35593860369559,4498.331888428968,0.21305867205097478,1.1702806885272603,False
CAMP113750,YouTube,Food,Giveaway,13572.668868105977,95680.98038496752,856.9256883138257,14.945421170888427,0.16154643639860974,897.8256045729305,0.009997175858870073,0.06592751365711919,59.89097628855415,6379.4821486176215,0.49978999385883244,0.4775421798605838,False
CAMP151832,YouTube,Gaming,Brand Awareness,63227.859891082,381481.40990103444,2802.8800624411833,18.841474767035375,0.1573593143274456,3508.9828954497293,0.0076160893426054305,0.045904681926522084,146.35558175056076,19220.94472851866,0.45326568755842356,0.47992183622565965,False
CAMP196600,YouTube,Tech,Event Promotion,91440.19391713417,40354.681187193484,540.9249113991419,18.037614307508626,2.0744556484595065,5188.251219583962,0.012345735799912253,0.016719805928029147,39.772452970413404,3025.227525837055,6.284592779394231,0.8332278388496394,True
CAMP205099,YouTube,Fitness,Event Promotion,29148.333521439476,833852.2567130527,921.4931564913709,1.0279850980351752,-0.00024984069042105483,29274.798741872586,0.0018348720962580475,0.03618278607139093,880.4999198598168,838932.1212353497,0.2281673492748234,0.09275979036254646,False
CAMP110959,Twitter,Fitness,Product Launch,13825.374640696715,88438.99684276809,1078.0945191105184,13.175122931931277,0.16839868700230887,1120.8203991491607,0.012688466410387992,0.07369446654070601,77.56621847305577,5832.000451939849,0.5478789477680409,0.7383335694952042,False
CAMP164163,Instagram,Gaming,Product Launch,16313.785189102895,741605.36262441,4310.861584846422,13.986391465914506,0.012308831534495303,1214.0716328829585,0.007088141385084387,0.27038556747143977,313.1060103407427,53746.65765858735,0.010372674474607789,0.30214058051264947,False
CAMP222203,Instagram,Fitness,Product Launch,430.9856272861522,849228.0035246782,4163.345039094496,26.873190093642062,0.028684668009870493,130.9583550729755,0.005264208106735413,7.582471960203467,159.44558151961309,31308.400503974623,-0.1428280917976992,0.29417905255461757,False
CAMP177485,Instagram,Travel,Product Launch,3159.073845476519,18393.76316209376,3424.473844240997,0.9586872606674067,0.15815638589401954,3019.593154715853,0.17524448140046942,1.0755261814741297,3410.3287008131065,19631.467399585235,0.46381971092919216,10.579529642038233,False
CAMP139930,Instagram,Fitness,Seasonal Sale,2681.097223782057,646355.1871653852,803.0168289669465,10.039871926158863,0.018314529750369606,-31.38354199589088,0.001986862731401846,0.314997468302903,71.58107443436796,62930.22085491105,-0.05111969487042939,0.1647580548137205,False
CAMP145411,YouTube,Travel,Giveaway,35795.24089330837,478020.6561583842,268.0240406886113,8.088476229915468,0.08455261914054703,4627.638104207114,0.0008565319901342517,0.008195485002119661,42.618178765729645,59178.933496680314,0.1979041504478629,0.06235595207577587,False
CAMP185423,Instagram,Fashion,Brand Awareness,96626.64652395781,493836.5268554445,2393.233031792418,3.015840146547414,0.21376924058146263,32181.600218059473,0.005005720317923814,0.025240627948270405,799.9103434058236,165937.5033560316,0.5912971831327654,0.23334122532800664,False
CAMP141180,Instagram,Gaming,Event Promotion,33364.53795722107,33824.3124501653,3201.1040140010587,8.072906290864298,0.8332743827165269,4070.4076219999533,0.08267253857443875,0.11600019007740558,398.97453354441365,6594.825352978824,2.6227661654546233,5.023859662458731,True
CAMP210232,Twitter,Gaming,Seasonal Sale,68111.21131594756,662027.0877246595,4352.441477793143,6.975482517414144,0.06631972025125778,9531.918999081114,0.0074129256974953565,0.07132845354124862,625.511584761555,93847.1533303553,0.22485338296034235,0.49746050041288137,False
CAMP203603,TikTok,Fitness,Event Promotion,58332.505737168925,528264.639519654,687.9682278763273,25.11106332468971,0.10554368155925495,2404.5260046851736,0.0012514172645575268,-0.012615822650613418,29.02243225860716,20567.36970107849,0.39416655430797976,0.08711166586769062,False
CAMP167079,Instagram,Fashion,Product Launch,74933.0,24273.0,3771.0,10.0,3.087093,7493.3,0.155358,0.050325,377.1,2427.3,9.297,9.334,True
CAMP154497,Instagram,Fitness,Product Launch,83003.11446448059,526565.6727064729,1620.620369700401,26.05519691563891,0.14653446479542626,3336.3600014557105,0.002848524607615833,0.020537518513858974,59.61797127978006,20612.55659711331,0.4953456744422207,0.19901093151752344,False
CAMP129092,Instagram,Fitness,Giveaway,63894.559296137726,357238.5541993534,3275.0693503552816,19.989437299344,0.2034254639686809,3050.886049102932,0.009759291796598731,0.03990941497229253,168.97753301503383,19664.72992983627,0.5843878829158043,0.6051483771814244,False
CAMP206234,YouTube,Fitness,Event Promotion,62081.2779738519,878047.8980937867,2084.3981878847326,3.021951275693153,0.07528731095545657,21034.66620636076,0.002539562976017593,0.03427862236819845,686.1948888868768,291355.84678060084,0.15289411863292693,0.14303389497340172,False
CAMP134928,Instagram,Tech,Brand Awareness,29030.681689111716,86849.11046675805,1116.3825624577125,7.964477825886593,0.32398833831096846,3682.219210164239,0.012670502819187779,0.046693214777927435,142.80327035889533,9082.754814238324,1.072156761937335,0.800322529865782,False
CAMP127449,YouTube,Fashion,Product Launch,71608.3278924842,405158.24052468716,4507.539917390672,4.982450438989101,0.1879423075534497,14413.54012995885,0.00989893915502919,0.06602855992464,891.7849158568067,81005.92812248398,0.493391814073522,0.6165087838252387,False
CAMP131480,TikTok,Food,Event Promotion,18185.0,976455.0,257.0,26.0,0.018623,699.42,0.000263,0.014133,9.88,37555.96,0.054,0.015,False
CAMP114930,Instagram,Food,Brand Awareness,50586.0,719646.0,2448.0,4.0,0.070293,12646.5,0.003402,0.048393,612.0,179911.5,0.212,0.204,False
CAMP172969,YouTube,Travel,Product Launch,7870.6978232374595,701783.8379835488,4772.1176509466195,5.9294582995053595,0.029811374999759416,1535.445266396753,0.006971897127012972,0.5729957618774378,801.7889342084908,117679.33588734861,0.04722085077334265,0.42775469505921065,False
CAMP195799,Instagram,Tech,Seasonal Sale,73158.33476612948,893739.2235581161,2825.380840255468,18.022183668558817,0.10283123274390284,4224.768115985153,0.004457218339017743,0.03929363164050719,150.5536050741496,52183.36846141317,0.2572317682859843,0.18297932312110307,False
CAMP149238,Instagram,Travel,Brand Awareness,13761.768857124742,754181.5927580445,4854.196315792299,19.049853128793057,0.04407552897493716,754.9225007602741,0.007071240839982488,0.36345437486260923,262.21818807932635,38934.639014316774,0.08344720700590406,0.4055121866765166,False
CAMP123673,Twitter,Fashion,Product Launch,16866.0,338408.0,302.0,29.0,0.049839,581.59,0.000892,0.017906,10.41,11669.24,0.138,0.05,False
CAMP158185,YouTube,Gaming,Brand Awareness,81966.73917981322,703385.2280749674,971.1019342027063,24.02246737910397,0.12256964571776292,3407.3404589763054,0.002348077802221858,-0.00493296896427174,39.37834892414503,29279.190531298347,0.2879636002889012,0.14668801689335115,False
CAMP160540,Instagram,Travel,Brand Awareness,3702.0,816782.0,3367.0,23.0,0.004532,160.96,0.004122,0.909508,146.39,35512.26,0.014,0.248,False
CAMP144374,Instagram,Fitness,Giveaway,30420.069837331906,643138.1447170447,1627.9846744048473,8.053455010942287,0.06597721421986227,3659.088072088301,0.0045816486019200214,0.0577300199972807,209.09927902601345,80550.60149061096,0.1667350341359752,0.16634003867507025,False
CAMP209582,TikTok,Travel,Product Launch,99489.10527505612,221513.67894234025,3850.594413452848,13.986067862357737,0.44021968885301416,7015.858132397258,0.017081570640489364,0.041825836684828394,267.8067507778816,13541.52990966854,1.2550041956464701,1.0110659555803712,True
CAMP230066,YouTube,Fitness,Product Launch,89351.37617290279,305656.7301246649,652.3487856733102,24.006562336758744,0.2675340984119755,3801.247344649647,0.001295378388660207,0.01057077230607956,24.321145573013926,10775.3455854648,0.906130582962738,0.18247048346598,False
CAMP225728,TikTok,Travel,Brand Awareness,25959.169195941104,853768.1205228298,2592.4838611942264,7.026031940901588,0.012107488734047447,3860.2567416982133,0.00247964371349005,0.10144809897393875,377.47460039737905,123153.61791860085,0.025363605454423455,0.14607147021014155,False
CAMP227898,YouTube,Travel,Event Promotion,43931.14451718808,568500.2784646692,4484.240826241064,17.12043155984342,0.09769198515777065,2768.541895105022,0.0077209173891783596,0.10672604124286192,267.33864268121664,31424.05351079818,0.21236644040960345,0.4803682440560483,False
CAMP220518,Instagram,Food,Event Promotion,5644.9155521735,874683.5318346064,2994.817315434548,15.067926062514244,0.028250392202148002,477.2153502576154,0.003542022434817718,0.5830005587994942,202.662983053533,54667.6927842239,0.05173580834775765,0.20066659769221754,False
CAMP244365,TikTok,Fitness,Event Promotion,99726.5157335776,21694.149227904847,1072.0104890098353,28.00947768258842,4.627452622472078,3549.886110922652,0.05146230650149597,0.008165252144031332,30.60723973403754,2022.010015273443,13.485953854148505,2.926575868071229,True
CAMP110464,Instagram,Fashion,Seasonal Sale,91988.0,818014.0,2863.0,25.0,0.112453,3679.52,0.0035,0.031124,114.52,32720.56,0.339,0.21,False
CAMP136904,Instagram,Travel,Giveaway,42057.81000213881,850070.7880033323,314.4452067139954,3.9404572791931276,0.05510192080594988,10499.572476469451,-0.00011396975126284534,0.01032793761750018,79.26406741184287,213788.4441069948,0.10678016264264434,-0.01436830618937061,False
CAMP239924,Instagram,Tech,Seasonal Sale,35663.432305824506,265239.8409593852,2276.0640933225077,17.05186934038092,0.12575425445595556,1985.29545219681,0.008483113362491653,0.051070841201527314,131.67615812326844,16522.188448780464,0.41704198658371616,0.528326635007979,False
CAMP185582,YouTube,Tech,Event Promotion,86185.40514306318,915361.6775748288,43.28379758460298,3.9183366212772355,0.11058520822563066,21763.960553437122,0.000626511462396316,0.011015016156666772,9.386502302940348,226749.5146475988,0.312134258651191,0.031234514742412817,False
CAMP191338,TikTok,Travel,Seasonal Sale,80093.90909992541,814536.8098716193,711.1499201923232,21.016363922395147,0.09263254659454491,3627.021854334877,0.0006619163887294518,0.014660806188907987,31.91189413610347,39915.820642195824,0.1898305563275546,0.05488201332187138,False
CAMP108187,YouTube,Fashion,Seasonal Sale,18504.393388917004,425096.2314963039,1238.1831855330818,28.152333528865725,0.032633677817088556,832.4121989869751,0.0028792768914401292,0.08402876144722582,50.67487164221341,15507.14746566232,0.09250900219653084,0.23057569187569404,False
CAMP236914,Instagram,Tech,Giveaway,9013.012505525248,47167.95240359959,3360.8341743142137,3.004845515294896,0.1733712991861329,3059.0961555140234,0.07081038277889545,0.3710206457231303,1117.8963102504688,14858.074456498125,0.6645835117351183,4.233296328560238,False
CAMP150183,Instagram,Fashion,Product Launch,90629.10196654685,48944.62893527914,1573.568319146167,22.9786736326349,2.0881274814879602,3953.288883624144,0.036113636935631084,0.013256900062520817,54.618237751708136,-26.00177743004315,6.198551546105095,2.151741567442406,True
CAMP243041,Instagram,Gaming,Product Launch,1721.2680471767544,130021.2788406702,668.6797107927173,7.002765226701904,-0.012449415334578199,291.14964854234125,0.0039861232581589,0.5731251136854895,99.07556967241348,19863.519470572595,0.05241134925558609,0.32254537868914246,False
CAMP190151,YouTube,Tech,Event Promotion,9955.0,145528.0,4364.0,16.0,0.068406,622.19,0.029987,0.438373,272.75,9095.5,0.201,1.811,False
CAMP244138,YouTube,Travel,Brand Awareness,31878.0,446603.0,1573.0,9.0,0.071379,3542.0,0.003522,0.049344,174.78,49622.56,0.21,0.213,False
CAMP180673,YouTube,Food,Product Launch,70432.19961154257,693881.5590838942,4973.181404371884,19.943207341237528,0.09315438212051369,3350.657505819119,0.006786654660727535,0.07064554987158442,253.77120378029386,34280.61770806384,0.319957990886417,0.535185410915402,False
CAMP123863,YouTube,Tech,Seasonal Sale,661.3115867464159,712248.7481888912,2830.7782933147955,21.046806068288838,0.02232169983605764,-82.6868905524667,0.0034080042796070047,2.650215824292524,145.87712605532215,34186.231669160836,-0.004456758325578935,0.23657946087747758,False
CAMP119628,Instagram,Travel,Seasonal Sale,40284.165826710974,297702.4282823414,299.43647943872935,18.047714528983004,0.15604010650125472,2194.2095306633955,0.0023885260831021694,0.019469200268710143,21.113395989280413,17147.690878758993,0.3620559251397943,0.04761530466672668,False
CAMP214135,Instagram,Fitness,Giveaway,28472.0,89293.0,3300.0,22.0,0.31886,1294.18,0.036957,0.115903,150.0,4058.77,0.96,2.22,False
CAMP152413,Instagram,Food,Product Launch,52265.0,371712.0,148.0,20.0,0.140606,2613.25,0.000398,0.002832,7.4,18585.6,0.423,0.024,False
CAMP134979,YouTube,Beauty,Giveaway,40911.53819322556,850863.7726979746,775.1686060406312,18.94054924881913,0.038389884274852966,2034.3801202198242,0.0008233100928772752,0.019531409655389933,41.67615461990196,44013.53029143368,0.09436809794546513,0.06205401932345442,False
CAMP119681,TikTok,Fashion,Giveaway,66326.55773776141,532157.5529730417,2463.7959225977174,21.08449179174049,0.12842086553219717,3115.611045638991,0.0038136017492284868,0.03280149351686018,116.78822028334808,26789.31201560863,0.3415877258335496,0.3092064518356206,False
CAMP213005,YouTube,Beauty,Event Promotion,80404.52892653938,808843.7345832228,3582.8046995608647,9.00130907211208,0.1232988235848147,8864.052893229456,0.00397059206958167,0.03677118141489919,403.36247198197833,90823.69604752879,0.22301795320411882,0.2191745365957029,False
CAMP107427,Instagram,Fashion,Brand Awareness,81944.50380041753,543167.9653527292,1029.0016471309789,21.99272587538147,0.17737214894266518,3779.9098829676705,0.002407424222519679,0.01855957461065095,46.52891665496513,25416.307059194674,0.41525712877692134,0.170895490135682,False
CAMP112973,TikTok,Fitness,Event Promotion,45934.0,684376.0,252.0,2.0,0.067118,22967.0,0.000368,0.005486,126.0,342188.0,0.195,0.022,False
CAMP135373,YouTube,Fashion,Giveaway,4200.309238913031,402043.3973691288,4984.717838752418,5.1871220744507,-0.006028775598123209,814.8202838372157,0.013280669880182158,1.2001827838052879,997.0561167085611,79222.33636965688,0.036333313036744516,0.8423427106244964,False
CAMP217330,TikTok,Food,Brand Awareness,42144.55575407515,150043.45168006656,228.7808794078603,29.030616759967817,0.24550077216475286,1597.5280538528114,0.0008516213464677952,-0.0039629707283339154,4.044387734768347,6058.434068404602,0.7801201516115649,0.03544624051706494,False
CAMP213372,Twitter,Fitness,Product Launch,65053.0,466816.0,61.0,13.0,0.139355,5004.08,0.000131,0.000938,4.69,35908.92,0.386,0.007,False
CAMP222581,Instagram,Food,Brand Awareness,97350.0,468436.0,4914.0,6.0,0.207819,16225.0,0.01049,0.050478,819.0,78072.67,0.626,0.63,False
CAMP182353,TikTok,Fitness,Product Launch,44875.70266467637,936960.1645186236,1710.1638904716224,14.106392395872737,0.007827795257108916,3306.9348445648857,0.003367568961726952,0.04179028176524202,129.47355587565198,64779.14876173245,0.12719813421266826,0.08577150442116338,False
CAMP179864,Instagram,Fitness,Giveaway,56086.70453195112,122349.40584220526,604.7415763404895,27.868695426944925,0.5073706479321184,2020.9168186767401,0.005015615619077119,0.006260831871240187,24.229079919326722,1585.443877131444,1.4016804103839156,0.3246139797696229,True
CAMP166199,YouTube,Fashion,Seasonal Sale,12159.180525743603,603953.888521425,4747.0795937795465,7.8606255560427005,0.029737772674186935,1635.793996338177,0.008280709912024746,0.3965518139041888,600.1339332310133,76142.06073036806,0.04696703543989145,0.4354099276911291,False
CAMP130579,YouTube,Tech,Brand Awareness,39765.02983712661,454959.4789303858,2382.3335515162607,21.91731544185822,0.08464782008349532,1587.7988705615317,0.004988571667309222,0.06362237650443002,107.40954357080513,21157.53254681913,0.21997193925813313,0.2752023754224433,False
CAMP152207,YouTube,Fitness,Event Promotion,69849.69792705774,913856.4949474368,1649.5838879589357,23.00598877505294,0.051760012179038445,3267.4228305689107,0.001679093787866102,0.023137838022920555,68.70061467993453,38135.20549902124,0.20804067539687843,0.00046666836470411754,False
CAMP237750,YouTube,Gaming,Brand Awareness,92866.18684634229,843913.3263713043,4326.847071486407,4.042333467910099,0.1160290445948086,23220.84381009734,0.00438184230412555,0.053877211074297125,1069.1957649536917,210501.27147371747,0.2888981714366111,0.32344314149378556,False
CAMP173596,Instagram,Fitness,Brand Awareness,96235.03910152565,676623.5533322281,3583.3122906830235,9.963561358491972,0.1327081986963409,9514.824449879223,0.004879666373138225,0.037272560152294285,367.77059929979345,68114.62853823803,0.3589442908451321,0.3261087039202371,False
CAMP123682,YouTube,Tech,Giveaway,38290.0,152200.0,2795.0,27.0,0.251577,1418.15,0.018364,0.072996,103.52,5637.04,0.739,1.109,False
CAMP247568,Instagram,Food,Giveaway,29829.286371705293,450230.46582346124,396.6292126565098,17.984605986789816,0.06062466460006851,1560.5409786318335,0.0005209464325888077,0.009041352779576092,20.26237113481696,25865.46347487292,0.19354832698382257,-0.10097906064387613,False
CAMP134354,Twitter,Beauty,Giveaway,57001.565719605955,566128.4089747041,4677.693832083254,6.107189716980566,0.10327202091184766,9393.644864903508,0.00839918525156959,0.09585505767110072,789.8538986276574,95687.88417264954,0.2931078874838868,0.41286698802251,False
CAMP182407,YouTube,Fitness,Brand Awareness,66146.30249616572,541230.726352811,3753.0229796624035,16.130237305763288,0.11709313541423391,4250.2592284923785,0.005824283940095897,0.057272140517060366,234.5660238448131,34732.43892081245,0.3508170845083923,0.4127724254299925,False
CAMP123951,Instagram,Tech,Giveaway,12608.0,730672.0,2346.0,15.0,0.017255,840.53,0.003211,0.186072,156.4,48711.47,0.052,0.193,False
CAMP244648,Twitter,Fashion,Giveaway,93051.91641873663,956928.9889625998,3849.9212026286496,4.084301545457067,0.11880950451986315,23233.3406579818,0.0029786327926831432,0.04785765690920821,969.963539390154,239603.9257515822,0.14168924785219825,0.24815650626989924,False
CAMP135422,Instagram,Gaming,Giveaway,14511.826918800738,929356.5514792829,4039.954953970928,17.02417106053529,0.011793229140944286,784.5091578238402,0.005003522240308358,0.2748656820874915,233.8536623252574,53157.33359964616,0.062248292932843285,0.22227609785663582,False
CAMP222858,Instagram,Fashion,Giveaway,40612.96964790875,656959.1172438149,4408.9148231870995,10.982903555559338,0.0612985100224136,3727.298557786182,0.006590616119687774,0.10593039621724076,396.61810631638775,58321.824662779996,0.1896798833471952,0.39720057303022693,False
CAMP157107,Instagram,Fashion,Giveaway,20937.72898036274,987245.7743131266,335.70010780106895,2.9865987107464265,0.01162650696178512,6919.991466336018,-3.7472686168179496e-05,0.01050605619019239,115.87644515712236,330778.3133362514,0.018350232397417086,0.013090660577154325,False
CAMP237273,Twitter,Tech,Giveaway,50370.24604719159,82711.54126702074,1135.2990955457171,13.060019036996907,0.5712219424947391,3816.378111951179,0.013046595415167068,0.012848797949053317,72.78526310121714,3445.0360950583645,1.6659615505464895,0.7043548895315246,True
CAMP211705,Instagram,Food,Event Promotion,58292.67304460723,754602.352840208,4786.245333239723,21.94160356449746,0.08002259313968858,2741.815066065579,0.00514424828384815,0.09224769167321317,205.79713478850775,35186.708768989156,0.3532019540771738,0.4308258652290323,False
CAMP161676,TikTok,Tech,Brand Awareness,98072.0,285086.0,4571.0,22.0,0.344008,4457.82,0.016034,0.046609,207.77,12958.45,1.001,0.945,False
CAMP237104,Instagram,Food,Seasonal Sale,76180.38740289283,467516.8291612498,843.505853715733,17.984019580816902,0.1776076416742118,4084.7230112336674,0.002991784140732021,0.0021554556306080126,58.35057471983708,27712.98584350392,0.5245378840552457,0.177295740827644,False
CAMP134313,Instagram,Beauty,Brand Awareness,40374.06640370115,610348.8799655351,302.1826979633128,23.040055312017714,0.08352469362326677,1652.370614091926,0.0005290628452833929,-0.008826816259361374,13.313302608858788,26856.908481042243,0.24202991852018282,-0.03304422832953216,False
CAMP185722,YouTube,Fitness,Seasonal Sale,71525.49233457693,139285.67370991217,970.6106419744714,14.973755697035996,0.5322098700078899,4583.301795233945,0.006946234704040986,0.018211945927177065,58.03745474338619,8928.657758337205,1.5587012212763758,0.4319476789698217,True
CAMP246146,TikTok,Fitness,Giveaway,82451.2692944149,159860.51578229372,2056.3457136490065,8.977214228830436,0.519194047190805,9191.376697523574,0.012964366625795467,0.025448340562206424,223.88103068917042,17255.366830015973,1.482254938855652,0.6879873792568482,True
CAMP192083,TikTok,Gaming,Product Launch,95747.0,442804.0,3911.0,7.0,0.216229,13678.14,0.008832,0.040847,558.71,63257.71,0.629,0.52,False
CAMP213067,Instagram,Fitness,Seasonal Sale,55105.0,276005.0,2432.0,18.0,0.199652,3061.39,0.008811,0.044134,135.11,15333.61,0.601,0.529,False
CAMP146246,TikTok,Gaming,Seasonal Sale,83738.23721539215,47353.41382623052,1231.3155738771468,6.145888978184749,1.8289663349592413,13908.95476715039,0.028471560949038643,0.009269217840590892,205.76637354967852,8345.897364943283,5.459781611959313,1.67592144938875,True
CAMP149545,Twitter,Tech,Event Promotion,8885.494577883584,400216.44237698417,385.8414609460809,19.94942005480837,0.014753694770671316,246.38302533579855,0.0016799772510907752,0.04122216759585992,21.733709725985957,20310.36366780669,0.01200271752434956,0.01802459627118274,False
CAMP118092,Instagram,Beauty,Brand Awareness,94561.0,899386.0,2955.0,18.0,0.10514,5253.39,0.003286,0.03125,164.17,49965.89,0.317,0.197,False
CAMP200471,YouTube,Travel,Event Promotion,25263.79795056169,193320.11802368477,2727.0200161297475,27.065129722426587,0.1232718802626115,970.7053883996471,0.014097949198640557,0.10659999124372337,91.60076772493242,8317.276029620409,0.44737660053906225,0.8721714719078532,False
CAMP189025,Instagram,Beauty,Brand Awareness,355.84430697792135,5881.17162619708,1801.802034353458,21.90280878508405,0.0351447090020465,-63.075204997041496,0.22153025466534593,8.059127015004997,91.00300196075115,-618.2210690494933,0.04762004113661991,13.348535081310176,False
CAMP185275,Instagram,Fitness,Seasonal Sale,10513.725526268745,798142.3330565239,1311.508799207631,27.970822342478215,0.021995366133679826,626.9818496259632,0.002096216239971595,0.12970634182535298,40.32682098307555,30843.4527351153,0.06383603441377213,0.14952545204253148,False
CAMP246605,Instagram,Food,Brand Awareness,32908.35459773088,536862.4372018111,649.1000475615994,9.101112322478475,0.05693717389232622,3606.31407372165,6.710545418972514e-05,0.01572124367069873,76.24668194347312,59608.267077022094,0.2642908955628228,0.10527663960549122,False
CAMP197898,YouTube,Food,Event Promotion,1534.032179518634,394168.44787622325,282.5840920606016,3.0578500511669082,-0.007266625038166053,726.7463552350828,2.8354466517843636e-05,0.224126832974582,103.34514990774602,129155.92326214413,0.018255656917167434,0.0183275526360013,False
CAMP196511,Instagram,Gaming,Giveaway,77422.0,887438.0,4379.0,23.0,0.087242,3366.17,0.004934,0.05656,190.39,38584.26,0.263,0.296,False
CAMP231552,Twitter,Travel,Seasonal Sale,32604.0,243404.0,2529.0,7.0,0.13395,4657.71,0.01039,0.077567,361.29,34772.0,0.371,0.582,False
CAMP247143,TikTok,Tech,Product Launch,20409.985538762307,32602.16354001581,604.1702172366342,3.047839235418957,0.5828152216737529,6817.721155795418,0.016892574807676527,0.0318475087597919,194.24362511604218,13645.515303886998,1.6610085817076465,1.0751771818890374,True
CAMP137845,Instagram,Gaming,Giveaway,69108.64370667313,109869.42110486627,2986.3282395412434,27.96648292802919,0.5689662881703785,2375.6265269934283,0.02786936687069477,0.03733143226201698,94.01212626263344,665.7041501328954,1.850729043304144,1.564946420818506,True
CAMP214656,Instagram,Travel,Event Promotion,31436.321221541446,786465.3142376782,3874.570074551801,3.9678893359492533,0.05370121926069911,7605.316192300122,0.005718968290610111,0.11903688920811414,967.727289481162,195525.72323814363,0.041280784671143836,0.22612152849594883,False
CAMP230674,Instagram,Food,Giveaway,35517.688709303395,391642.23750707455,3438.050700973569,18.0183658807388,0.0636219306780974,1798.966425815094,0.008109143047110511,0.07827074480802532,182.30467147842273,20970.28921729151,0.27360864066713964,0.4738691104659464,False
CAMP117716,YouTube,Beauty,Giveaway,71105.81759278709,584173.3088516376,901.6472890617498,12.996671286289173,0.14106206326953533,5637.552401163595,0.0015928573314384089,0.017931729507453406,70.34527010565924,43479.768130916855,0.34643099425349,0.13662945397624002,False
CAMP172496,Instagram,Travel,Brand Awareness,48040.8707467061,361628.3108614208,625.7841892485612,10.933783783776404,0.14120618142889121,4374.098863739506,0.0010033802950705313,0.01514363938515615,49.84142621934252,33723.760688789545,0.4473918256824479,0.06609289856435356,False
CAMP192305,YouTube,Fashion,Event Promotion,74098.94076375899,669073.7257935046,482.06324600633235,21.84577296125886,0.11885213486286807,3435.757983933947,0.00038109721222795033,0.002298225898463511,33.71351073585687,29916.48102178743,0.27459611941538814,0.06537089622487831,False
CAMP214453,TikTok,Fashion,Giveaway,64594.15090102907,876251.2272023548,4989.60703928621,18.11147027815454,0.058871050489698505,3566.7031782104486,0.005372335192837008,0.06416189912330375,277.6154083492517,49543.58563736217,0.2019564974691104,0.3460475894605325,False
CAMP203132,Twitter,Gaming,Brand Awareness,70426.22725129589,166854.70978238815,3971.2685194913697,17.07680615357036,0.4237884240548322,4048.770392776646,0.023717459370154285,0.06011411828042457,221.68546235317396,10583.325811447185,1.138857595016359,1.323610348898443,False
CAMP174396,Instagram,Travel,Product Launch,82235.0,938786.0,4840.0,22.0,0.087597,3737.95,0.005156,0.058856,220.0,42672.09,0.264,0.31,False
CAMP133380,Instagram,Fashion,Brand Awareness,52670.0,453022.0,2070.0,19.0,0.116264,2772.11,0.004569,0.039301,108.95,23843.26,0.35,0.275,False
CAMP231914,Instagram,Food,Event Promotion,26270.0,350987.0,4960.0,21.0,0.074846,1250.95,0.014132,0.188809,236.19,16713.67,0.225,0.849,False
CAMP189466,TikTok,Travel,Brand Awareness,86960.7851382041,188000.2543196619,2286.867013441919,15.03053839143727,0.46847816715180796,5763.494640511622,0.01070866541353575,0.0009327359024507709,154.60947546579735,11871.686732217782,1.39601244817346,0.7538366767174627,True
CAMP227191,TikTok,Gaming,Brand Awareness,36789.793676427216,210207.12381463565,3100.5543181067005,23.082922009976578,0.18901357996514923,1672.1946952210474,0.014950315531036583,0.0804035096667519,134.76361477590967,10293.065898779632,0.4913817197390128,0.819078043897973,False
CAMP214742,TikTok,Food,Seasonal Sale,80532.94593080638,172957.68940454314,1845.9792296377902,11.022743277226658,0.47420317251702127,7101.4721775289345,0.010913429878876278,0.02309605872858316,178.2101495852092,16192.07507012767,1.350988409145759,0.6529259827841158,True
CAMP158470,YouTube,Gaming,Seasonal Sale,26469.0,230349.0,3079.0,27.0,0.114908,980.33,0.013367,0.116325,114.04,8531.44,0.338,0.807,False
CAMP198228,Instagram,Tech,Giveaway,77521.37888248672,819908.8385287579,1447.4581179345073,28.08083570802283,0.08761327444735893,2845.0274758772975,0.0019869903471892783,0.017267750905438986,61.52014190983222,28764.36935518501,0.21939433084048082,0.06516986751329065,False
CAMP188663,Twitter,Fitness,Brand Awareness,39143.63399743582,806027.7781427302,4688.145609208419,1.9254333252659661,0.05262421118781187,19661.639592225725,0.004948764128918777,0.11687586646136452,2338.0174605978077,403331.38505774597,0.09612228303903722,0.2623319647232385,False
CAMP221207,Instagram,Travel,Brand Awareness,84944.4104249683,751762.5736077026,3971.3852852611863,4.00085914625016,0.09444375844556457,21348.808333028963,0.006645471351776608,0.039362045036393484,992.4080845658998,186853.13999171386,0.36316413941899617,0.31628369535902817,False
CAMP203717,Instagram,Gaming,Product Launch,80470.42753230527,49203.462794847364,4780.410245695057,15.058033738151812,1.6724948595899942,5310.269621340438,0.10097769320210465,0.05986987667256936,320.04144202693436,4368.804329399502,5.068993703865399,5.9545521324340465,True
CAMP160911,Instagram,Fashion,Giveaway,42444.53836735161,98185.63960334078,3542.5125312862347,26.027857929534743,0.4186477792954384,1694.8800365092745,0.03445838189327617,0.07321182222059339,137.16213375795775,3906.792176604758,1.2766206404344909,2.0518882816586173,False
CAMP124206,YouTube,Fashion,Brand Awareness,65906.53076177627,362599.080131206,4996.598364536832,2.0531006932740796,0.21627766457354694,32861.14612725998,0.012819014957092577,0.08997004009523149,2505.4805007858618,183556.4526568325,0.5591438018744468,0.819599113023712,False
CAMP104416,YouTube,Beauty,Brand Awareness,85653.0,997065.0,839.0,6.0,0.085905,14275.5,0.000841,0.009795,139.83,166177.5,0.252,0.051,False
CAMP158359,Instagram,Fashion,Seasonal Sale,60334.92778360371,56755.25722178868,2237.8665176595277,22.986661579189082,0.9859107466122204,2816.7635295738323,0.03769248741455395,0.050761695042909595,108.76962740640008,2189.136121369923,3.0689514780476856,2.33254437932283,True
CAMP206990,Instagram,Gaming,Brand Awareness,64397.98759591235,355320.90854073345,3441.102353986875,27.999873253859597,0.22710924960721118,2227.6399208421603,0.010799470320675277,0.054494439736892684,127.41708063490677,12892.718704969177,0.5289287138512989,0.610836300653596,False
CAMP121665,Instagram,Food,Event Promotion,28351.50072895154,34711.40362778879,3981.5859715578604,9.990688197105094,0.8369734100584455,2683.7967683230254,0.11944356644155259,0.13305923430453662,397.2114788995586,4358.725426222151,2.6278653967230308,7.205784754887503,True
CAMP211024,YouTube,Fashion,Giveaway,7244.428963140832,301565.710362376,772.914927138722,2.98198824300693,-0.012491369076143902,2178.4760422619192,0.0030163159010341964,0.11499527549241079,256.3078903245106,100330.35380806128,0.021787308354361844,0.2095843957489455,False
CAMP172316,Instagram,Food,Brand Awareness,14463.482385425028,414760.5002488397,3885.7628844079295,4.054639309588861,0.02314426663567759,3724.3651826162277,0.011278610585395104,0.25955195005199266,966.268632076767,103496.74688267725,0.13129741479347634,0.5158371620246083,False
CAMP116381,Instagram,Travel,Seasonal Sale,63624.04605235014,722351.3399268573,4331.982193007536,24.011091351989414,0.08280769595385991,2665.4152410624547,0.004932206028903097,0.06619301333562705,182.64981670007498,29835.926685608178,0.21966520341433057,0.3251315349274242,False
CAMP202871,Instagram,Tech,Seasonal Sale,25273.223400515966,322922.57821149484,2883.6823784033177,8.073469100404523,0.06361142458800548,3191.061706514434,0.008656209242641972,0.1160779817253283,362.5133234310199,40097.484843619175,0.2639913940315204,0.5209776064341488,False
CAMP111826,YouTube,Food,Product Launch,83942.01741367904,262120.6612098236,1466.1757951403708,5.17018859529585,0.3209579482024837,16659.86029258364,0.004515839835416636,0.013421487273205286,297.2553733201707,54843.15245747051,0.8452128676552537,0.3606172706918511,False
CAMP213243,Instagram,Tech,Seasonal Sale,20225.81659054096,423217.51544733933,4340.630806271161,27.027526678693704,0.05320290869656409,686.8458385327382,0.010644530914249228,0.2155200671512378,161.47720878240605,18062.084125128855,0.17946937096581458,0.664808722674904,False
CAMP161432,Instagram,Tech,Brand Awareness,15160.878280925624,940833.394363735,1583.7193003182276,17.92243798353101,0.025235473412864005,959.6575589406355,0.0025284379178449386,0.10708274482278599,78.25061839165393,51786.94465623072,0.02396058031366529,0.1606025749944744,False
CAMP116961,YouTube,Tech,Event Promotion,46872.699666008106,454475.0819421616,2434.8771629657926,22.07542571525562,0.12603112784430748,2001.838147640892,0.005128027767237161,0.06449385553585842,109.33415748729135,21424.888679195537,0.28862172846910916,0.30739095692934676,False
CAMP117114,Instagram,Beauty,Seasonal Sale,20046.7123322534,555015.2400564307,2206.151307480958,12.17058353567434,0.020890367538731566,1513.7851736180924,0.0030986218325925997,0.1122080877483139,176.55309462263133,45826.68202136708,0.2260311537950363,0.26238701503938017,False
CAMP226228,Instagram,Fitness,Event Promotion,76545.1394206459,942720.8739645364,1001.5970375627103,28.061037444803173,0.06221931737952073,2781.06902104,0.0005612487128503748,0.016876985360513734,32.81226218312349,33666.70698854594,0.32808285139769017,-0.03571922455275291,False
CAMP116247,Instagram,Fitness,Giveaway,21744.0,954815.0,3597.0,10.0,0.022773,2174.4,0.003767,0.165425,359.7,95481.5,0.069,0.226,False
CAMP202212,Twitter,Fitness,Brand Awareness,69335.24002830422,566123.194299868,3999.909861879013,4.920712672053559,0.1178946581772905,13775.885164787143,0.007834774542302945,0.043208316380961995,799.5076415574566,113886.11041407367,0.4514284471840176,0.3579370745555725,False
CAMP142839,YouTube,Fashion,Brand Awareness,68913.36477752954,719897.6423747411,4057.985623545699,16.103326240579502,0.09704059034949836,4350.351307875246,0.006616323686007527,0.06041672634177739,239.1742890205898,46220.025003201794,0.2826333958156575,0.367616676522686,False
CAMP112284,YouTube,Travel,Brand Awareness,10178.0,175842.0,126.0,3.0,0.057882,3392.67,0.000717,0.01238,42.0,58614.0,0.17,0.043,False
CAMP248417,YouTube,Fashion,Giveaway,54348.0,60104.0,3962.0,9.0,0.904233,6038.67,0.065919,0.072901,440.22,6678.22,2.656,3.982,True
CAMP155875,Instagram,Gaming,Giveaway,92220.57798994158,866659.7043440497,880.4766997503383,1.9780014254006835,0.060873753418074765,45889.62771856447,-0.0006566121224924259,0.010327200534858727,442.2633642243544,438022.5405917943,0.3474234766911425,0.09957209506079137,False
CAMP140073,Instagram,Tech,Brand Awareness,93820.89187648213,441330.3420349934,194.08353576018897,11.883068625171955,0.22719633983441084,8010.76438601814,-0.001056108037022502,0.012233883510046093,3.037780585966349,34942.433191102304,0.6675811393949065,-0.0014148813570639338,False
CAMP219183,YouTube,Travel,Giveaway,11988.110600526486,546328.9406767186,989.8474801788498,24.16568191046772,0.056627761141454916,382.05765983826063,0.0032208283321504922,0.09026198810706831,28.694992439981817,21980.884396925103,0.18504597831331718,0.05479549642453203,False
CAMP142894,YouTube,Fitness,Seasonal Sale,46606.584931051555,121272.71068721235,2950.6264335500027,13.221081597899104,0.4337979431940857,3498.7288805895396,0.02446816889014658,0.05688347884172871,225.46072606928905,8676.289011993957,1.1534151002776465,1.5829094439007778,False
CAMP225191,Instagram,Tech,Brand Awareness,20643.140447793605,638820.9325499024,1393.9195847548863,27.118076083528763,0.004202232272270581,904.0872661970201,0.00110677361775361,0.06703450554405341,60.95928532946553,24391.237358544062,0.08684784932012089,0.0732626653005691,False
CAMP111172,TikTok,Fitness,Giveaway,85512.61256515604,499000.6129768807,1563.7736766194269,17.984012093910966,0.16720172476691356,4600.786456343467,0.002557102393424244,0.029387425744347315,87.15754601835857,29485.092316930215,0.49119294203588104,0.21427538109289376,False
CAMP114159,Twitter,Fashion,Brand Awareness,51382.01249649983,833861.1012214427,1080.416120409227,15.778448507853007,0.05582745814653147,3501.85206869133,0.000364344492578078,0.02346331560326541,59.92089290974099,53424.311800435054,0.1583311952622436,0.1491369303805881,False
CAMP179968,YouTube,Gaming,Seasonal Sale,61605.45863656633,404574.0199270033,1320.2612600341658,19.899672194457526,0.12617209423361456,2975.589767967858,0.004747104137825215,0.006420858953624658,60.085556170118224,17916.459337552566,0.39000658403554167,0.25571607055783885,False
CAMP120353,Instagram,Fitness,Brand Awareness,43528.93487972644,239992.20391089466,748.6134078906318,2.86357455070976,0.18195950696286076,14436.02648450463,0.0026996010216680483,0.029312126525047125,236.88364331067635,83172.47956000517,0.5733658114149505,0.24286518704986698,False
CAMP202845,TikTok,Travel,Giveaway,12730.700380645289,516152.11518933,1256.6846209340908,21.89294862446812,0.036344231192895905,782.4694322693139,0.003887638595991884,0.09669352457990923,57.455282913850546,23655.489794510428,0.024192383779682185,0.03518788183889489,False
CAMP102191,YouTube,Fashion,Event Promotion,24450.34005621925,650044.7874193323,4263.219499222236,5.014355800956357,0.05817239782824805,5157.1902452731465,0.007812854676559506,0.16732544790613896,854.5827893480229,129802.55667219554,0.08658868507806217,0.4013779616013363,False
CAMP246127,Instagram,Fashion,Brand Awareness,47896.765274317106,509317.7097090778,1621.225286879025,9.06901505289025,0.10411624476194745,5292.086765933859,0.0026696489999872924,0.018598359472487475,184.9793176473106,56024.78276164815,0.2918806038262497,0.09207812821985562,False
CAMP119706,TikTok,Travel,Product Launch,29837.23234740082,86964.22120448244,2638.9571029315207,9.988220556796835,0.31834173368178315,2923.83145271961,0.030869234343590988,0.09409157172117442,267.391563425169,9390.954028448772,1.0704264054926809,1.8587421496718344,False
CAMP202045,TikTok,Beauty,Seasonal Sale,24065.01728762028,879420.0477481739,1293.1137007905675,7.853905350087227,0.03959301463894936,3044.828545292288,0.0009605610981271299,0.05659483168953879,153.91188999116744,111057.64878903556,0.12494942571651617,0.08747418358692859,False
CAMP186098,Twitter,Fitness,Product Launch,73058.08550213581,67586.5533953734,4873.709944101358,10.972144094930815,1.0676641567619882,6756.023841831321,0.07195618686929627,0.05685867444705317,434.3228630946384,6219.461415551484,2.9385309661365318,4.059454858612082,True
CAMP191359,YouTube,Travel,Product Launch,55809.21032799316,66577.7104261073,1019.6933938925347,20.977735666699378,0.8025643259985946,2655.9440983538802,0.016247284006976937,0.016362112381510568,53.51169143365244,3446.2728194799392,2.3454057221623423,0.8616226072515107,True
CAMP213290,Instagram,Fashion,Giveaway,64823.96550888957,610255.4848498189,1452.6204812778178,18.055912716190882,0.09416936031717928,3667.0981609026744,0.0022809982117228795,0.02903166522281018,78.11178178178763,32855.54138627468,0.2770701111854303,0.14163470986654614,False
CAMP239627,YouTube,Fashion,Product Launch,90117.17553598518,131340.52057787596,1735.4009847788213,11.17439508999396,0.6985302803701072,8469.504168521618,0.013648509095105153,0.03763507101026731,154.40680910668365,12553.277114320397,2.000795814404683,0.7000869818518188,True
CAMP132598,Instagram,Beauty,Event Promotion,60875.1932430941,240147.47055581262,2976.4871582851647,9.089009354680075,0.2903008910029097,6747.24858219296,0.015151431580096866,0.0535916446754973,340.85199561295786,27438.113643076653,0.7716406979966514,0.7052560255904212,False
CAMP247977,Instagram,Gaming,Giveaway,15378.8221724095,802383.3047936562,1501.8609957987846,1.9864095939104613,0.004556856936680715,7573.546651610606,0.0019251459125969306,0.09762916042856624,766.8380069423997,404109.1363858713,0.13361522306112647,0.126878386702632,False
CAMP216277,TikTok,Travel,Product Launch,24166.187662445318,464978.84571533115,724.7807603669339,14.002983399297324,0.026770019364050934,1843.609017526012,0.0008674264284778795,0.027256398193985638,50.099352327666416,31519.841805952172,0.24709432643047374,0.15258476120385475,False
CAMP181416,Instagram,Food,Seasonal Sale,48271.42214432366,183082.81442291266,4148.008915572055,20.96739923566492,0.2520525393966545,2367.366526492257,0.0216290078630735,0.09281877382955618,198.55767007134844,9866.207243579422,0.8260997109395083,1.356014268645608,False
CAMP121425,YouTube,Gaming,Giveaway,22699.0,738526.0,4281.0,20.0,0.030736,1134.95,0.005797,0.188599,214.05,36926.3,0.09,0.35,False
CAMP248637,Instagram,Fitness,Brand Awareness,85768.08661431608,420493.15093759133,761.0628278445972,20.949156699650292,0.2070473599058557,4187.248731307385,0.0017469238434682692,0.01110071796404951,36.55046606690742,20433.538319993695,0.6005233303475639,0.14912432139880255,False
CAMP212648,YouTube,Food,Giveaway,18197.2088620434,476791.94271350745,2381.2707349207835,9.021745856341282,0.024767909761876296,2228.200208856125,0.0045185980220688,0.13114934901841943,274.58053717281734,52975.348183494374,0.10583903989508163,0.27030381162530387,False
CAMP138329,YouTube,Food,Brand Awareness,24398.57895889368,89313.0221055066,484.63154641393317,8.847102373137654,0.27734127852586193,2726.221356743699,0.004022594583688633,0.023999635447701385,50.391516938989845,10603.889879172479,0.7194685134234147,0.31854235717782015,False
CAMP102270,YouTube,Travel,Giveaway,85551.03557962272,599980.9242626727,33.259838860813744,14.08497187493137,0.14703896780709713,6152.958596378575,-0.0009979261772036564,-0.0003786920283413387,-4.745309206451405,43185.9928049892,0.40165000371047277,0.06111944559908349,False
CAMP207433,YouTube,Beauty,Event Promotion,49164.22093436402,182584.34181371104,642.8712964899173,25.059957220279642,0.2370791901610428,1953.334365057573,0.0037326682622706242,0.016312186826174142,21.837724431704764,8579.280194664349,0.8194880953544059,0.09231255895426023,False
CAMP128538,Instagram,Food,Event Promotion,74726.42315072355,590247.8567261588,2931.416366916462,3.033843798113088,0.13502678780583066,24983.719423386407,0.00473878327713151,0.0409841797629446,974.7657813547958,196368.84293996904,0.3864781907474266,0.30204556358437856,False
CAMP173340,YouTube,Travel,Giveaway,77315.0,773000.0,3033.0,18.0,0.100019,4295.28,0.003924,0.039229,168.5,42944.44,0.294,0.237,False
CAMP241051,YouTube,Fitness,Event Promotion,34415.156208371154,22313.415271761183,2273.5378009037104,27.15592269303315,1.5312673447650766,1271.0511120186168,0.1023883196299183,0.06525362282410474,85.09835409732099,-174.00936660860623,4.484983954382624,6.129130343984885,True
CAMP146508,YouTube,Tech,Brand Awareness,74135.82458243691,998638.2326071847,3273.1424885496085,18.870908082187007,0.07478940813032768,3782.4966461242752,0.004243308477768401,0.05358273425015096,171.24869901267246,53829.425836091636,0.21622561966501888,0.14094014045180753,False
CAMP222124,Instagram,Gaming,Seasonal Sale,46304.24036046353,925199.940832737,580.6333715402603,25.990722637434537,0.03208534284476534,1748.1302495892483,0.00021690229391024558,0.024764917478832173,19.62024992079598,34071.81050937919,0.15055006966908682,-0.10231942063356764,False
CAMP103380,Instagram,Food,Brand Awareness,74303.70173940147,338064.55693349015,4443.791166705416,11.014651329334345,0.2360147219681164,6602.298091931805,0.013406250683961951,0.07964123983850382,406.57298588545024,27807.535950618392,0.6648358838374233,0.905437194880484,False
CAMP242203,TikTok,Travel,Product Launch,58802.958543173496,994067.0666551806,1085.3726215796876,5.969410093016129,0.025629924658719182,9697.019790521557,0.0009646859311053206,0.02188560766773892,173.57574030755887,166663.2295732565,0.11276359163671618,0.06759623432858847,False
CAMP227406,Twitter,Fashion,Giveaway,29201.791846846616,837787.2263041378,2100.2659559407484,24.922344901307994,0.027368575641282127,1028.9373773570026,0.0025196531361232587,0.08612168096619656,77.57357741976995,33003.61505537064,0.05039510849582555,0.21444913008445607,False
CAMP104034,Instagram,Food,Product Launch,9011.81119203231,519536.6200948027,1442.2888031941748,8.80369951912792,0.03376014205317238,904.2359032403333,0.004498650088769921,0.15885767829973801,155.91382848607267,57090.6832512515,0.026105211176042715,0.11403774405970152,False
CAMP167528,YouTube,Food,Seasonal Sale,94905.03913011971,470198.5633402757,3798.4448538552615,27.873622767212588,0.22805016765711633,3224.848428740111,0.006771477639768701,0.039832026579671845,136.40049514969243,16936.711369792116,0.5909256249444219,0.45975144521662475,False
CAMP132441,TikTok,Gaming,Seasonal Sale,57508.15233001331,552575.1901495806,4686.760536780702,15.935064773141235,0.10410587551500589,3635.688750750502,0.008750097989774525,0.08274492844904142,289.8095046716822,34496.062980287905,0.33950202319652956,0.4942966913649526,False
CAMP199587,TikTok,Fashion,Seasonal Sale,85178.19446745611,45278.09857073449,1056.2315268207574,14.968580001385176,1.9802885463548778,5770.861274498263,0.024103033978921284,0.030549299193426274,73.07999863743429,4714.004899424764,5.825233957145563,1.4262117207087182,True
CAMP209403,Instagram,Beauty,Brand Awareness,12568.919703027092,89757.23327043363,2637.4179408001337,3.9559708776134697,0.10793962498235146,3234.9562980470537,0.029221177515700626,0.21138153881796345,659.5554757291649,22766.93253735492,0.37635726901871125,1.7151104640272443,False
CAMP204618,YouTube,Travel,Giveaway,43894.54759349451,298273.3507958099,894.6477844408088,17.881799601693235,0.14566578369290287,2481.367280596996,0.0023692089281350795,0.028646666890384524,47.92412466221862,15701.355459418743,0.3931369317203074,0.2329613773143967,False
CAMP244345,YouTube,Fitness,Product Launch,30409.0,69732.0,2758.0,2.0,0.436084,15204.5,0.039551,0.090697,1379.0,34866.0,1.281,2.389,True
CAMP105882,TikTok,Gaming,Seasonal Sale,59458.25879189837,477258.84605562506,2632.8161782762345,17.00850796247228,0.13617871486774308,3398.2557308763753,0.0036430407325060794,0.03613496929227693,145.3414061070661,29589.22987768962,0.33887731489100165,0.3000569830408174,False
CAMP178120,Instagram,Fitness,Seasonal Sale,61318.69273165037,754409.6109303412,252.08608750338664,25.04361392794,0.12170198430064111,2501.241202290642,-0.000509359221699254,0.003994054938769775,7.474608366845161,31683.632070648175,0.26313498414800174,0.02988205258092277,False
CAMP133166,Instagram,Fitness,Product Launch,72246.00194576904,336176.157809226,2086.8856298678384,5.99653349749876,0.19056301848956297,11993.808885259647,0.005553667486415748,0.04431660315680125,336.8460584487112,56662.94249481451,0.5766032741498457,0.3748710776745768,False
CAMP225999,Twitter,Beauty,Event Promotion,42686.0,747325.0,1479.0,4.0,0.057118,10671.5,0.001979,0.034648,369.75,186831.25,0.158,0.111,False
CAMP199843,Instagram,Gaming,Brand Awareness,47297.650993367664,381670.49071376654,1451.4189089503825,18.960643251529245,0.1369423741649605,2594.970768955098,0.0033136409166106035,0.027437448808427686,76.25904149438138,21462.566038881498,0.37757533143421274,0.2959675233032846,False
CAMP164740,Instagram,Tech,Seasonal Sale,65873.12646357552,61084.59064013101,1590.6331535759066,27.074955634986384,1.1207391679367595,2521.450408010592,0.02813201444453097,0.022031113849526975,64.91050792511541,2954.454404850973,3.519723506601323,1.7456799711205002,True
CAMP231939,YouTube,Travel,Giveaway,62927.89323926921,46618.06575546224,340.84370159842763,20.976190273337597,1.4785785407389354,2947.86533075947,0.007982161159640667,0.005401703496389767,12.44663726853621,2947.8834567446097,4.402588776302493,0.3883106573805588,True
CAMP138715,YouTube,Fashion,Product Launch,683.9478985023118,566397.0877597658,2320.5782381912736,24.080500779260248,0.006938535168596528,112.6271162240102,0.0028954603234526083,2.749869509579174,100.46864798729088,25365.547167297198,0.002591237017210047,0.2872745507513891,False
CAMP248646,YouTube,Tech,Product Launch,95913.69563915508,606173.5342960639,4623.591006950978,15.083620446879388,0.16258644496811517,6230.124589120419,0.009084340097970118,0.040886993972864535,315.52097923246413,40882.62616786622,0.47007439093423825,0.41978983247606505,False
CAMP165534,YouTube,Travel,Product Launch,19769.291825336233,344757.1969307891,1007.0401264544453,5.975637318706452,0.07596154447216555,3466.4712522096825,0.0023311557848242313,0.04641376066838695,168.56266792438453,56761.67698874498,0.14878173504344527,0.18012177212424146,False
CAMP117248,Instagram,Food,Event Promotion,505.5114043574447,242871.10147458853,1560.926347841842,24.9761198646589,-0.010864293055192653,-23.219731793384412,0.0069058168154505165,2.8523621543969004,73.49290764618657,9138.6454986293,-0.005277517830335205,0.3551619105284632,False
CAMP127733,Instagram,Tech,Product Launch,31809.42590392889,536707.6485890583,4195.670588496357,0.8917586964392433,0.05785425052966502,31730.570659686982,0.009701041250304484,0.1488455425062301,4207.149450980709,530017.1216200786,0.17341939756460514,0.3946675993335379,False
CAMP116080,Instagram,Beauty,Giveaway,3127.0,216045.0,1278.0,2.0,0.014474,1563.5,0.005915,0.408698,639.0,108022.5,0.044,0.355,False
CAMP229907,TikTok,Travel,Giveaway,42904.86665610081,844689.1197836708,3658.557224933397,5.0531156876771695,0.03094927418155785,8653.374865373413,0.0050804234519694,0.07412806988310101,719.5810571366942,170809.09230477398,0.200478785360934,0.27617417649174264,False
CAMP209325,Instagram,Fitness,Event Promotion,74645.46463272587,37034.83496774512,3082.5822177535697,22.992904360393815,2.222209017556413,3047.8465752515826,0.09289699362171343,0.04159569410095384,137.8928120764271,1049.4677056020605,6.593454769863139,5.465193473815731,True
CAMP173225,Instagram,Fashion,Event Promotion,73977.0,43516.0,750.0,7.0,1.699995,10568.14,0.017235,0.010138,107.14,6216.57,5.12,1.035,True
CAMP236217,Instagram,Food,Giveaway,4280.4870943236065,392432.94653449766,1939.6816217566459,6.152724902348235,0.004377606638897907,734.3625436764961,0.003775484007005171,0.44220049301646697,314.0618913912376,67154.4153736687,0.0898145269353342,0.2248678500957163,False
CAMP152727,TikTok,Tech,Seasonal Sale,86310.14206858832,711638.6056384576,4893.366288030284,21.89070963025494,0.14055116402372747,3931.8565116296313,0.006565856916176761,0.047171270092173194,222.5373231067784,33129.14580672116,0.3590090060355255,0.41040838962769366,False
CAMP222515,YouTube,Food,Product Launch,99871.24405606357,384106.49793547473,226.34103241848513,13.12661105225185,0.2742772842985994,7718.15718874912,0.0011051032065205954,-0.007335937310430618,27.055826261891596,31291.54948401325,0.7698791812587061,0.09543860607618881,False
CAMP242136,YouTube,Fashion,Giveaway,11173.820117668529,488231.4884257635,1463.7179932097174,9.075961685133066,0.01508904682297962,1431.7310882898037,0.0018163741695540292,0.12822671585293968,156.56887706814314,55089.10707666103,0.036911364091520384,0.21789457163123344,False
CAMP163980,YouTube,Fitness,Seasonal Sale,51116.63502116103,282627.16063320346,424.224212805388,6.10900287831735,0.16584689778346434,8551.773725516814,0.0006948178665847072,0.012276898789540962,63.827881765640996,49091.81776337644,0.5681685864932803,0.10221565271994675,False
CAMP145481,YouTube,Fitness,Event Promotion,67563.95205504916,135807.0251192357,1325.283003831259,21.850811795991337,0.5038267668935603,3058.8461069916275,0.010560917769612729,0.014902744388686634,60.10020487040035,4738.044386429339,1.4496056461105495,0.596584520887398,True
CAMP201954,Instagram,Beauty,Giveaway,93780.0,897016.0,4021.0,5.0,0.104547,18756.0,0.004483,0.042877,804.2,179403.2,0.315,0.269,False
CAMP143141,TikTok,Tech,Brand Awareness,65130.0,295309.0,3805.0,13.0,0.220549,5010.0,0.012885,0.058422,292.69,22716.08,0.642,0.759,False
CAMP172438,Instagram,Tech,Event Promotion,99629.60690736705,328031.1442884131,380.79948576774643,26.998409872921343,0.3069124725784335,3696.8126873389842,0.00160300378347474,0.0045910569153817075,16.982221783480885,11773.347409047607,0.9417973533123727,0.06905395665832517,False
CAMP147848,Instagram,Fashion,Product Launch,37148.29244295848,831232.6973156619,4215.025617113811,6.983262925616216,0.028128108524566837,5232.9172516880735,0.0051037457718486915,0.12048206685084949,601.7655653192566,119117.80589204436,0.14860546343641587,0.239235608593309,False
CAMP191788,TikTok,Fashion,Brand Awareness,27587.427389568395,9960.65617983488,419.3687748053025,24.940685893083906,1.5148132853497944,1014.3996079196702,0.02223677161876167,0.008509245284364173,15.654037544418902,2519.6549112415146,4.4847225530992505,1.381178144008578,True
CAMP124031,Instagram,Fashion,Product Launch,59754.22360408188,373508.66071764886,3970.359595669405,3.023681187860538,0.1489807450413062,19869.42380031594,0.010605921078158373,0.07955725298262548,1326.7965622545764,125224.44614617885,0.5116874180954646,0.6439466052742392,False
CAMP191329,Instagram,Travel,Product Launch,93333.75473158163,529748.1506757877,2516.251927901539,17.951417560826865,0.15751978048725143,5111.102724158358,0.005179566059185349,0.04354590545598466,144.49957214693487,30132.09663372686,0.5492682871784832,0.3226034493168594,False
CAMP149198,TikTok,Food,Brand Awareness,43325.0,47710.0,1610.0,14.0,0.908091,3094.64,0.033746,0.037161,115.0,3407.86,2.643,1.988,True
CAMP216257,Twitter,Food,Product Launch,71049.45944536582,284115.3381243773,4637.113834679525,8.104446145946282,0.268455659151822,8921.968583451839,0.015239783450479018,0.05605415094126493,573.6327853338129,33432.74084954363,0.6856426719412698,0.8868950492360358,False
CAMP109255,Instagram,Tech,Giveaway,39337.56066040743,600921.8297068026,3465.560599091708,15.120161237669567,0.07717559954592967,2773.957288736489,0.005627246770508929,0.07393391787107967,226.25646337081707,40580.45969487556,0.1784467961407772,0.33441208421010093,False
CAMP149569,TikTok,Beauty,Giveaway,40375.90312272816,825599.5766772042,3291.4787248562648,20.02078400945561,0.02902882615826759,2188.9543555938694,0.005518101455182207,0.08656224694200813,164.18717677949115,40640.670005823944,0.1292453752049385,0.24343510098568763,False
CAMP242867,Instagram,Travel,Seasonal Sale,87314.90575226437,137240.78557624473,309.27157308858085,22.07187895594631,0.6284873841105291,3613.3844731162203,0.0022449943401193434,-0.003536911677358845,14.81053847933407,8672.162989718154,1.85318790756719,0.135653711510713,True
CAMP202663,YouTube,Food,Giveaway,13720.56535669172,714876.4920649469,3126.369278847955,22.034349899561768,0.0008222291124947156,716.4833282811887,0.00395203563324551,0.22599624432002463,156.5483821310725,32629.76080943733,0.07724596520697752,0.3425428178541508,False
CAMP241909,YouTube,Gaming,Seasonal Sale,69732.20045611511,253722.29923983896,1723.9612662349534,3.1361448946078667,0.2502106622049512,23503.19745044951,0.00603560379730094,0.028041122981813063,584.9290567533226,83326.24414403245,0.7972741273840998,0.45944270024593586,False
CAMP240701,YouTube,Fitness,Giveaway,92507.49053511335,489156.0644750151,1924.6013329514908,13.070780983114448,0.20104387508863533,7246.176017993022,0.003680570073656496,0.01578121892250943,140.15304498369767,36947.60925198908,0.5877485850918702,0.22903682650717302,False
CAMP140164,YouTube,Tech,Giveaway,84285.85778179084,384179.80633105704,304.8631084130477,16.966602168064547,0.18936536721394595,5009.568531770212,0.0013144562259321912,0.0009285969981150718,24.310951017879937,24141.884612093017,0.6633012357149032,0.05382363030586593,False
CAMP214294,YouTube,Food,Seasonal Sale,49312.87684018276,178699.72244521693,1393.650911370768,12.151138197963368,0.2589229917521313,4132.919917213942,0.008686426999911881,0.03755451754679873,120.0641909266421,15416.67561713347,0.8189893321760154,0.5233195606683504,False
CAMP220686,YouTube,Fitness,Seasonal Sale,6756.079256831337,670743.5103351023,4141.388313946356,8.028228837806427,0.022992245127505286,730.2638904652044,0.006108669178984785,0.6813274155601535,523.8336267424424,84011.75371761106,0.09074465891294171,0.35884057295057,False
CAMP128719,YouTube,Food,Giveaway,96517.49893549096,914165.2808189632,891.9717642609868,4.916637543257725,0.11386959913528086,19109.522683032512,0.0016632413297882282,0.0023957254555332635,178.6495842014257,181912.91396010027,0.28658157026488185,0.11943251786552132,False
CAMP157115,TikTok,Beauty,Product Launch,92015.94490121685,146394.85954629254,4044.176667496134,13.126214743158602,0.6515116871173819,6918.766709372409,0.027067765918718352,0.0581405701174464,312.2234958129603,9319.211708349618,1.7990121273564623,1.6099724584152366,True
CAMP223091,Instagram,Fashion,Giveaway,89030.49541367005,464352.2189898568,800.4177888420135,1.1042709722198492,0.18798099271727337,88943.8624897635,0.0005937770796350704,0.009949830451565604,829.9481984941538,469675.7773836953,0.5471415583900667,0.12422332889113515,False
CAMP191894,TikTok,Fashion,Event Promotion,41464.932608473224,525954.6988258976,4456.847569263058,17.094117346335995,0.08083578530546054,2253.7999980235827,0.009226571705596412,0.11019813167438405,264.82731742124037,30719.063234173595,0.2461673714148652,0.4619677503614859,False
CAMP116849,YouTube,Fitness,Product Launch,80666.89149444891,808273.5423777528,340.67369111509447,12.967609985590498,0.09852345947771074,6170.48533425306,-0.000887774584712139,-0.002346684739729466,22.5658365989255,61173.76595861095,0.2975767285580984,0.045990958529347065,False
CAMP241116,TikTok,Fitness,Brand Awareness,50034.0,400409.0,3215.0,16.0,0.124957,3127.12,0.008029,0.064256,200.94,25025.56,0.364,0.473,False
CAMP244214,Instagram,Fitness,Event Promotion,63032.54680069643,952949.7130079031,1748.5599129141508,2.906417639997634,0.08391474538135144,20773.292743489477,0.0016359210642460287,0.019540509212594537,588.3901437141329,321044.7106871131,0.13718283374259221,0.07750957594148891,False
CAMP234930,Twitter,Beauty,Event Promotion,70527.45850103142,20880.664254698357,1748.0287833135917,7.192331252230288,3.0252142914676123,10144.580791971332,0.0761210144708068,0.027912720373479548,238.80794958688668,4004.736961119608,8.357126471208181,4.181212419157949,True
CAMP205950,Instagram,Tech,Product Launch,91334.06637121525,321426.7721925377,1427.5809790250355,14.142260392419708,0.2592961269237704,6318.3159926738645,0.0050030672938660955,0.014917840354369553,112.05624263931283,23369.386107169143,0.9213166290587822,0.2516667463916167,False
CAMP126529,Instagram,Travel,Giveaway,47409.70036914225,789677.9075910981,1195.1610652702095,13.018915167699014,0.044738087442310774,3767.5483425369757,0.0020247197910560847,0.029188654836336113,92.85865450363991,60308.46841264893,0.2008130258862351,0.004153895659420606,False
CAMP169303,YouTube,Travel,Giveaway,65798.77558450916,362027.5032881199,672.391368584676,10.879848700625406,0.177744442051099,5913.28021434672,0.0015694565648686355,0.015467863150049116,72.7107341286054,34910.45182777247,0.5250871826803565,0.11858353242237579,False
CAMP224932,TikTok,Travel,Seasonal Sale,35783.621231914825,107203.08140355526,4406.546134018846,4.039739161577393,0.31864795867626705,8969.419732636898,0.039759756525110275,0.11703885925809472,1108.5122839317007,27403.348543253396,0.921842486055352,2.4119188220414824,False
CAMP117982,Twitter,Gaming,Event Promotion,5963.174508985487,778227.3544536688,531.6388274405627,7.121245222764578,-0.005304289013237449,683.9791546326228,0.001272465335188816,0.0929226494256129,82.56416677761436,112079.1517450592,0.0556839094683033,0.10416001320138366,False
CAMP203127,Instagram,Fashion,Giveaway,61201.194722674,826644.6760443195,1134.345451840079,15.930330888953508,0.0835349469700066,3687.0906449704744,0.0016972576167241505,0.012332733234490783,73.40122713568157,51688.98041022631,0.22948806634076105,0.12532876093872708,False
CAMP105017,YouTube,Gaming,Giveaway,62310.892104310675,580678.4112179204,2056.1440923879645,21.890921940138174,0.10251646278477523,2799.623560240802,0.0042703946734502255,0.03295655293993287,98.92824116310544,26654.944158269653,0.18574222694345155,0.19292328193929206,False
CAMP189975,YouTube,Gaming,Brand Awareness,12992.790155809209,581558.5780974928,2492.0013572633034,20.97803979614701,0.004747937140043908,773.1414160408234,0.00520954593912442,0.19946920835145104,118.49424894809323,28490.297587137,0.09586600122569597,0.2104177613868183,False
CAMP198412,TikTok,Travel,Seasonal Sale,94338.54539892882,399063.9155407991,4699.519748086818,28.773442065580994,0.21782996893541146,3184.8901953751715,0.011614706066902859,0.04635912833923101,161.39163933264064,10531.737968714657,0.7053360913829767,0.7455116623440677,False
CAMP109750,Twitter,Gaming,Seasonal Sale,20189.89233695706,341671.4139273956,4781.447476579004,10.026219116488036,0.06598117755252891,2035.0198103809607,0.014286309809187166,0.23903518078836097,474.657745544846,33139.16498933072,0.1742634822431689,0.6797754458515767,False
CAMP144267,YouTube,Beauty,Giveaway,81515.09220392347,799081.8906383314,3444.8915025738734,14.108037388943606,0.10199537469649468,5748.995913503356,0.00271073640341482,0.05374769855170879,244.78684905479977,56860.806812206974,0.21820169405328085,0.31255784718515495,False
CAMP207320,Twitter,Fitness,Seasonal Sale,24124.0,947698.0,178.0,14.0,0.025455,1723.14,0.000188,0.007379,12.71,67692.71,0.071,0.011,False
CAMP147422,Instagram,Beauty,Brand Awareness,30637.0,446763.0,233.0,14.0,0.068576,2188.36,0.000522,0.007605,16.64,31911.64,0.207,0.031,False
CAMP183047,Instagram,Tech,Product Launch,79048.0,481387.0,362.0,7.0,0.164209,11292.57,0.000752,0.004579,51.71,68769.57,0.495,0.045,False
CAMP220889,TikTok,Fitness,Product Launch,4809.70576572519,73572.24297460873,2221.4255993989705,11.944926413259646,0.08387016315843629,429.9351894824508,0.02765841637767999,0.4283718168174736,179.60941628213328,7310.284012976885,0.20577802251714986,1.649811743050815,False
CAMP109315,Twitter,Travel,Product Launch,14374.752921009796,375397.8655802924,3484.403852732856,28.037457103221623,0.027144047018047394,602.2840484094718,0.008650631118583165,0.24145577188131306,133.68399412132192,13962.90363399149,0.05301317596709794,0.5188491359979028,False
CAMP154492,Instagram,Beauty,Product Launch,9902.31959357429,843314.2143524702,2283.2335738476354,19.00528055647271,0.003024969995351961,507.95424671052103,0.003388877207335016,0.24517271345617225,109.59355604938659,43023.33286600034,0.047089060893055125,0.26376717172389563,False
CAMP150968,Instagram,Gaming,Product Launch,27664.69491230641,513113.92326436884,3263.1448083362093,27.899937145006614,0.04360780438993862,1070.3606301453867,0.006883168084372015,0.11322526509435157,113.08095595606294,17670.826283915096,0.17584324956777633,0.3146424339661425,False
CAMP200488,Instagram,Fashion,Event Promotion,19628.0,449435.0,3769.0,23.0,0.043673,853.39,0.008386,0.192022,163.87,19540.65,0.132,0.504,False
CAMP145540,Instagram,Tech,Event Promotion,83930.26806752986,39417.27174483114,1629.851041974022,9.919048533335161,2.013324478082544,8357.291088178607,0.04008897981675506,0.013798940546153002,168.6143139191489,3505.9699311447225,6.063363802530299,2.344545696389997,True
CAMP141377,Instagram,Fitness,Seasonal Sale,27008.0,179858.0,68.0,19.0,0.150163,1421.47,0.000378,0.002518,3.58,9466.21,0.452,0.023,False
CAMP179605,YouTube,Travel,Brand Awareness,9938.193967969866,884707.7553020918,4044.5412181163097,5.859923415432673,0.0164491525711939,1758.0022262006376,0.0037177170464795604,0.4242201961964619,680.6917521086729,147693.19258465045,0.046051161222442155,0.24665046132096424,False
CAMP194108,YouTube,Beauty,Event Promotion,68873.08867398177,440725.23146766075,303.09672235914667,2.9996747976199245,0.15027617031098542,23044.397558776207,-0.00011835274765359719,-0.003842404278248589,99.73035305822357,148655.44163642146,0.43284253578350185,-0.004625921725606337,False
CAMP229095,Instagram,Fitness,Seasonal Sale,80849.47626573633,960172.3888436544,447.30554714851314,9.944898176815451,0.08557472645906719,8095.64571509147,-7.015571492849517e-05,-0.003725718013930175,50.18433534878534,97189.31702850857,0.35585688748493605,0.10716846537593915,False
CAMP153990,TikTok,Travel,Seasonal Sale,48394.175265832084,83610.31672591997,4383.426843025324,2.0209273789537003,0.615176485419171,24318.04045327257,0.05303994530586672,0.0856101448373277,2191.0683280358776,39755.10652032686,1.717188705917106,3.2332501334111448,True
CAMP148016,YouTube,Food,Product Launch,2132.4878614454997,103776.50798061353,4460.293304896898,14.075361376712305,0.02357764690812918,110.7122992259961,0.04433403104517281,2.1585005884475823,330.96000119388367,6055.891582119179,0.07524962383330264,2.6809929258120047,False
CAMP185382,Instagram,Beauty,Giveaway,11577.584050004778,809536.4870580465,4816.0132770486825,5.0611462858569505,0.029004227793078288,2373.4462772304787,0.005465465403715867,0.4010487506463434,962.1884746521328,161248.42142188636,0.027749104996411974,0.34552285195057936,False
CAMP141798,Instagram,Food,Brand Awareness,44429.283616754,42794.478775479845,2370.560481690438,15.878507824164577,0.9969640515362683,2941.3411652762593,0.0545939568866278,0.025255896189367442,147.4935458456966,4639.059242227575,3.0537537113408457,3.375524123222253,True
CAMP180540,Instagram,Food,Brand Awareness,1194.027546404318,933823.2623006268,3942.229814478559,15.063787750840241,0.009696139055985147,37.04076998345507,0.0044594395793728005,2.67832233463105,250.80453655016098,59860.87302032635,0.029398811120615796,0.22542455336955794,False
CAMP182893,Instagram,Travel,Event Promotion,3010.0,177317.0,3063.0,18.0,0.016975,167.22,0.017274,1.017608,170.17,9850.94,0.051,1.038,False
CAMP202408,Instagram,Gaming,Seasonal Sale,34833.92747726343,24689.082653472324,1737.291176607416,23.11947048104009,1.63838377114091,1291.5138816407334,0.0803624729671141,0.03714040792135051,82.1355426393724,784.207661998828,4.795117835964741,4.863458340805785,True
CAMP163111,YouTube,Tech,Product Launch,15999.982297145278,924385.722172752,2633.1043923398634,13.856847563677228,0.037643964879568295,972.0409420117007,0.003031106751452771,0.15584388080830594,184.68688907364196,66452.40177270425,0.11566951338642845,0.16045364231421605,False
CAMP159909,TikTok,Travel,Seasonal Sale,77597.97706489648,273527.29808332596,3860.3454542996146,11.866474323193705,0.27917341974640625,6546.659252715984,0.013652961582285295,0.04144386451958889,322.18051440739225,21018.593100476475,0.7876019173588525,0.82721620045749,False
CAMP220393,YouTube,Fashion,Product Launch,91597.04139384735,176933.9898991386,136.50219346904356,14.00684214248772,0.5150392601334545,6430.105202589425,-0.0008799026003740004,0.00889659751010072,19.65742711010603,13264.00212060133,1.5145507511355958,0.08695862522788675,True
CAMP151313,Instagram,Fashion,Brand Awareness,44946.34632179642,945462.3431369121,3327.5972613942695,14.036619039045014,0.0683912426587011,3086.9913969269455,0.0032019934258034743,0.07463362883389571,237.93043123031438,67682.45244102088,0.15763550761902467,0.12199597107999664,False
CAMP211429,TikTok,Travel,Seasonal Sale,91025.72897451711,408113.7662110664,4436.395831300922,20.076517118462526,0.22016465502809157,4482.788615353184,0.010500831507926746,0.05889075105420942,228.33875961731738,20332.60687166972,0.6056184625633996,0.6467974736886951,False
CAMP149219,YouTube,Gaming,Giveaway,89791.15553071517,682109.1162710673,1801.2423610891258,10.985518315847042,0.1323061117342567,8249.685793656568,0.0019242547455866424,0.02089516577036285,163.68175139456602,65480.61682542568,0.4448081014755646,0.25270059653224425,False
CAMP213330,Twitter,Tech,Product Launch,42304.150111327865,635377.4571379893,1306.709869266206,8.021485766765865,0.05723673599430468,5197.551147099051,0.0022832117980705,0.0377264322272759,146.04449713943902,77561.48204621553,0.1731571751377247,0.11977963374045524,False
CAMP212112,YouTube,Fitness,Giveaway,90642.80227450098,670915.7896453523,3477.9619824564397,17.062876089140783,0.16805955844968312,5682.256873973586,0.006064382837461573,0.035689203380209006,213.97681613288276,39485.15751115975,0.3291877820107997,0.3864043836755482,False
CAMP193904,Instagram,Fashion,Brand Awareness,67671.90308490816,653283.2215886927,311.175456065315,16.03858435404241,0.10159473089458577,4404.158904544146,0.0010657102315227026,0.01872713823434453,22.628972745892707,38115.11965022336,0.3487132409264026,0.048388386281838586,False
CAMP151619,YouTube,Travel,Product Launch,5974.0,759681.0,1705.0,3.0,0.007864,1991.33,0.002244,0.285403,568.33,253227.0,0.023,0.136,False
CAMP226335,YouTube,Tech,Product Launch,92000.37889784908,44896.20685825632,404.86299864453315,2.0057423058067485,2.132302529088239,46552.05948915814,0.00994190149754879,0.005726443586340397,199.8226715163878,21406.73494556874,6.107338463612353,0.5606880808930141,True
CAMP177786,YouTube,Fitness,Giveaway,95881.38039807555,535961.7721702177,4352.360518252141,26.038102476469177,0.16435634029365914,3800.6950304085985,0.008683088030034045,0.03863772653345846,170.0262468171676,20618.48492007428,0.52045106794809,0.5299845618326958,False
CAMP156318,YouTube,Tech,Brand Awareness,47617.0,394619.0,1979.0,26.0,0.120666,1831.42,0.005015,0.041561,76.12,15177.65,0.354,0.303,False
CAMP104898,TikTok,Beauty,Seasonal Sale,51298.0,365564.0,1949.0,24.0,0.140326,2137.42,0.005331,0.037994,81.21,15231.83,0.408,0.314,False
CAMP175776,Instagram,Travel,Giveaway,3535.0,288590.0,1677.0,4.0,0.012249,883.75,0.005811,0.474399,419.25,72147.5,0.037,0.349,False
CAMP152150,Twitter,Fashion,Product Launch,80199.93517719825,611231.145752784,4353.506639584564,24.11062216970929,0.15354824411039825,3371.646770231656,0.007947418215634126,0.05903024806287991,181.29523871326708,27179.383263049163,0.3527796731483921,0.38224169759820337,False
CAMP186395,Instagram,Food,Giveaway,26179.548248799838,364125.4893374558,4773.69456311714,2.1683577824013915,0.06421340869153563,13028.40867900199,0.012806601327232311,0.18818166393826508,2373.5872198536854,185232.5143771449,0.15532872785455204,0.7294315779315433,False
CAMP130981,TikTok,Tech,Event Promotion,86488.0,763598.0,2972.0,11.0,0.113264,7862.55,0.003892,0.034363,270.18,69418.0,0.33,0.229,False
CAMP152871,Instagram,Food,Product Launch,68401.34390582047,854455.8889247956,4685.749228337999,2.8939467845008267,0.06583842973973376,22750.982390985922,0.005062445682279869,0.06741939742772307,1560.193959081636,285433.7226017047,0.23693405312298996,0.350644670836491,False
CAMP214032,TikTok,Gaming,Giveaway,10446.546494065537,106929.38580965527,304.49595681120985,26.903677571757907,0.09791621282987807,666.9320091410408,0.0033960143437336493,0.02573422205283626,12.413667707737078,4180.93880649424,0.3193391700225617,0.22071743651306747,False
CAMP191549,TikTok,Fitness,Brand Awareness,96456.74122687093,352408.97964357026,4215.363342268665,18.916515665658583,0.2658923712689192,5144.021526372043,0.012971554485424022,0.039801235063829855,230.1152459139282,19061.41149024056,0.8249532975339865,0.7322566769686766,False
CAMP232467,YouTube,Fitness,Giveaway,38746.53560480007,254598.29959497545,4083.0706051700527,4.062082669726847,0.14750727443884618,9723.135550644778,0.016720237636395106,0.12895885009325422,1007.864690437707,63985.82998303153,0.4667895421681145,0.9643952271867562,False
CAMP222947,TikTok,Food,Seasonal Sale,15163.594596505089,665552.6096332677,328.90643950793174,21.025527719759598,0.041201972588517,975.8808948377912,0.0010244191328998241,0.020303285243094757,18.67363864836769,29551.123570446685,0.12620560778135714,0.04920612420264234,False
CAMP160320,YouTube,Travel,Event Promotion,50123.653474094055,642822.3267621777,2217.4085247662665,24.98886595400976,0.06006297334866757,2285.756045022815,0.003492584247927801,0.03983337111204525,83.87461014028518,25397.361524824948,0.252473855394204,0.26077638256299346,False
CAMP223304,YouTube,Tech,Brand Awareness,3325.4205003356997,858373.2269401023,322.5101850817256,27.08395145519003,0.015507378517059897,-1.8303503904148783,0.0008565913913405715,0.0963907992322457,1.487615743488762,32051.68242888437,0.09000088372371491,-0.03744736009421694,False
CAMP161932,Instagram,Gaming,Giveaway,77250.0194831497,515660.57875041984,3909.541418082599,7.822783373663348,0.14134189849958373,9716.74506587115,0.007285246900413622,0.045058953518815316,490.04347567099785,65656.65602475514,0.46573297667523295,0.4907821213604999,False
CAMP227527,Instagram,Gaming,Product Launch,57134.5773191168,984845.7934233377,75.91701038296986,0.875861398399515,0.06925904954931901,56597.86251793561,2.9824668901028172e-05,-0.008482859793793266,70.07402872196748,983127.456771562,0.16650455257158503,0.028651201304212764,False
CAMP172408,Instagram,Beauty,Giveaway,85657.44880512117,251877.87274848646,1087.361930610009,13.943761408988331,0.3257704289664342,6331.968745135438,0.004751423068609821,0.009023175337582224,73.01494129832045,17349.544651265194,1.008596322707842,0.25895402200695794,False
CAMP141445,YouTube,Travel,Event Promotion,48129.574579485234,790139.6247248581,695.0117348837462,15.983568863849127,0.06756102363852676,3129.2286359701916,-0.0004988227667776517,0.027955709974933095,52.46023068845582,48843.43700543235,0.15777135805222653,0.10716271374498629,False
CAMP191889,Twitter,Tech,Product Launch,94876.0,697754.0,1056.0,27.0,0.135973,3513.93,0.001513,0.01113,39.11,25842.74,0.377,0.085,False
CAMP228051,Instagram,Fashion,Seasonal Sale,82617.0,555661.0,4856.0,21.0,0.148682,3934.14,0.008739,0.058777,231.24,26460.05,0.448,0.525,False
CAMP117482,Instagram,Gaming,Seasonal Sale,70123.34339825273,333343.0669224393,4383.790641174616,28.962388084847877,0.24986630104041815,2492.7196950405514,0.013088388064561704,0.0646938763835169,139.9615041437059,11834.872517735907,0.5582348380379191,0.783788367461998,False
CAMP167717,Instagram,Gaming,Brand Awareness,27055.886816616487,55064.77242421752,1910.6356807066702,20.97351899537113,0.5013876981151542,1434.7339275923377,0.03473488127165305,0.08085711804748763,86.10706310015438,4509.213201994458,1.6272977634884278,2.0187971457323974,True
CAMP206667,YouTube,Fashion,Giveaway,82674.38574210035,181404.60352779215,3362.3575117244804,2.8655975261988487,0.47020310919458996,27823.29830794849,0.017739403892467046,0.04739595583702254,1132.3928474895738,60315.42651756081,1.3641831610153816,1.1072364685986962,True
CAMP161441,TikTok,Fitness,Giveaway,53178.1426759334,929719.920661288,4928.002076086638,2.7975616535031413,0.008197887285866297,17372.555532510145,0.00489903298055114,0.09641819834769942,1641.4280383960486,310198.04768313153,0.17639255561519607,0.28743316316404227,False
CAMP203488,Instagram,Beauty,Event Promotion,99235.01153572972,62403.75852711232,1342.3609009999884,18.942596976247035,1.5737821478327014,4827.972255773367,0.022112693640731398,0.02468200801885861,73.36913862301718,3926.3772558793994,4.8344063882349095,1.2776459205751094,True
CAMP160122,Instagram,Gaming,Brand Awareness,27667.473467866657,873206.5441197457,4022.672671726352,21.970144061480443,0.02108543337876852,1216.4175137806417,0.005064048465965637,0.13932999155234205,180.67666988572668,38604.6616059288,-0.0016202073353918656,0.3386399111475812,False
CAMP245706,Instagram,Food,Seasonal Sale,94825.15723909427,602980.9027987479,-12.311194028074365,27.816783343623097,0.16172902165082487,3561.3976848680445,-0.0006904882554413093,0.002929619947454969,5.350326180423004,21106.313463126484,0.6408631009418143,-0.015370037017927586,False
CAMP161755,Instagram,Gaming,Event Promotion,51951.373744248835,960203.2260690434,4180.1759891996,7.842627940604266,0.040163523350066455,6504.1955653028845,0.0042756221885227545,0.09360130454858262,521.0746854638296,119968.56417125593,0.12289604833686898,0.2889841121739509,False
CAMP205802,YouTube,Fitness,Brand Awareness,1758.5694880843785,739312.9423971004,3592.6212346822763,4.067480161947287,0.008280031451145468,321.28007449277976,0.004503229606416069,2.1786319952587485,889.294805735011,185730.7506541926,0.07409160496479668,0.29338685062826375,False
CAMP156417,Instagram,Fitness,Event Promotion,76553.0,624712.0,3477.0,9.0,0.122541,8505.89,0.005566,0.04542,386.33,69412.44,0.369,0.334,False
CAMP182033,Instagram,Food,Product Launch,18694.0,821821.0,882.0,29.0,0.022747,644.62,0.001073,0.047181,30.41,28338.66,0.069,0.064,False
CAMP204235,Instagram,Food,Giveaway,34819.0,406494.0,2318.0,23.0,0.085657,1513.87,0.005702,0.066573,100.78,17673.65,0.258,0.343,False
CAMP225786,YouTube,Gaming,Seasonal Sale,73250.0,875655.0,4931.0,27.0,0.083652,2712.96,0.005631,0.067317,182.63,32431.67,0.246,0.34,False
CAMP122105,TikTok,Fashion,Seasonal Sale,41268.40589784644,679446.3894650022,16.667076213349016,14.930999900695895,0.0732725030678834,2611.905625557729,0.00014136456360572692,0.0110927873546037,13.393805838065648,43518.52319311907,0.2172038928459593,0.0008043319886844691,False
CAMP243504,YouTube,Tech,Product Launch,72363.46218155445,662904.8339697828,3437.5316429139352,10.072776932299755,0.0918350229515803,7215.893305273254,0.006143473951307172,0.03460865606418159,334.98145189739876,68561.37452209994,0.4287376000532357,0.3041794091432168,False
CAMP200917,Instagram,Travel,Giveaway,44087.828061962624,110732.92525782685,2905.6096984197184,21.08278110675736,0.3967904828512184,2141.366314450234,0.0272703321348868,0.03614371297287011,133.74752551704577,5871.555026668826,1.1796975373019944,1.6464909722331842,False
CAMP220599,TikTok,Gaming,Giveaway,31498.896941384908,858411.2501406317,2467.955323466949,16.090225087033144,0.04261771910492526,1996.9554203199616,0.003503099677911287,0.08406893002620479,162.85351239069993,55109.63938662221,0.07726207532103983,0.2714124748252637,False
CAMP210601,YouTube,Beauty,Seasonal Sale,73211.4928669931,553910.6599147209,1007.9059197253335,25.970503651706665,0.12309919675210779,2828.2361810208004,0.001968109700557373,0.0212655719450257,32.50873801777588,21181.2265415733,0.3973530896636153,0.07882252779010063,False
CAMP132826,YouTube,Gaming,Event Promotion,45416.0,967125.0,4858.0,28.0,0.04696,1622.0,0.005023,0.106967,173.5,34540.18,0.138,0.303,False
CAMP247556,YouTube,Beauty,Event Promotion,95168.77290999648,701219.4811815183,1531.2104276360951,28.083220204224652,0.1317341208316728,3468.4480052274416,0.0014485318154569618,0.023059252847941324,55.94321138877179,24885.87494872365,0.2960070548084846,0.11566079013312425,False
CAMP176907,TikTok,Fitness,Giveaway,89967.93858262633,921491.2920792504,3299.8479228082106,17.99854988574279,0.05862010573965737,5037.08701899117,0.0037975713328638593,0.04242312753193199,176.8921937678079,51831.214701316334,0.3450387893739134,0.22916744092355779,False
CAMP153955,YouTube,Gaming,Giveaway,93963.98471101171,727176.7440103162,3025.6709158308163,26.955413968420363,0.14864219510669194,3259.411109334989,0.004615523819815702,0.035765014367064855,114.02697525325252,27640.218323921774,0.42849651530046917,0.2735746142338031,False
CAMP179241,Instagram,Travel,Giveaway,95380.72315989422,374951.78466603777,1350.1081608577983,23.95209733571246,0.2955810331251483,3870.633939446309,0.0024868348426199316,0.004430784852902082,57.50656311034179,14592.532286176594,0.8190289250390641,0.20114720511342266,False
CAMP240391,Instagram,Fashion,Event Promotion,52231.18627401353,493152.3196134419,1710.2436714477453,15.133165121271452,0.10253826466855705,3723.074868441514,0.003375186082044595,0.03579278802341864,116.55103035250433,31411.376715158225,0.39780413119950886,0.15439920909316235,False
CAMP143808,Instagram,Beauty,Seasonal Sale,19255.538550668265,435496.30680289475,338.77444403138816,22.91095957861997,0.016390097862694228,726.5862491351004,0.000892540934038971,0.010503296196977603,12.315392451641394,17259.48022970155,0.19288163975839615,0.011546667405794027,False
CAMP113708,Twitter,Tech,Event Promotion,70137.97722096193,500014.78490498307,4335.019245314313,13.98046854473156,0.15609915245680261,4895.061297084277,0.007247746609370588,0.06044022977495626,305.8994593479799,37093.38624904857,0.3927760700726812,0.47624415095530676,False
CAMP238238,Instagram,Food,Seasonal Sale,13849.671286168947,153429.43689239223,46.21048277015174,20.0145461316026,0.08630682823835548,574.1441138362209,0.0007643511489827355,0.010202672351005613,9.64553958962084,5731.877560193667,0.3334065797901653,0.020600770003569337,False
CAMP119609,Instagram,Travel,Event Promotion,94131.0,381601.0,1231.0,22.0,0.246674,4278.68,0.003226,0.013078,55.95,17345.5,0.743,0.194,False
CAMP105811,Instagram,Travel,Brand Awareness,60553.91360605858,619262.9391165967,943.9475181533016,3.9278566470926304,0.07253063923403957,15391.447382754419,0.0017545762175796924,0.015870914552965465,227.77327168663277,153869.37939704885,0.3239920470438377,0.08199818910422353,False
CAMP196483,TikTok,Fashion,Giveaway,54721.84007124497,944124.5973258489,521.2923497539623,14.98925068186716,0.07623275730749295,3594.045829641773,-0.0011729466236290805,-0.003397046935333336,29.531648941969003,63150.663277621854,0.13561631465463042,0.0913565692973016,False
CAMP114690,Twitter,Food,Event Promotion,50715.07706044456,605408.02119954,1479.2231949220898,20.904993409055546,0.10266797774481101,2442.5443576131374,0.002581490061251817,0.029570613887868382,58.706311734408985,29209.262202226906,0.2933820819607176,0.04460922684563638,False
CAMP139615,Instagram,Travel,Product Launch,97724.00621144392,983249.4827245875,3813.854526311374,28.129670949238598,0.08290997561364935,3605.3012038628954,0.003533886529953286,0.0404421928042975,137.21738963786157,35537.802884505894,0.27564653071708045,0.20711790611818132,False
CAMP226112,Instagram,Gaming,Event Promotion,90860.68592167985,688776.239021759,1075.6539040454954,25.876839972085413,0.15846389865525903,3437.91519617082,0.0020195885839516415,0.0065952226457754596,44.07034666795567,27265.28364156098,0.48410411866292213,0.10078043790705263,False
CAMP231301,YouTube,Travel,Brand Awareness,28208.431213389977,249350.5493576477,1729.2490948449574,0.8380190785915644,0.1435686745888335,28431.855329520415,0.007265593537998194,0.07171366115179725,1726.2376360173214,246723.01141602368,0.3672576166200386,0.417962869927452,False
CAMP194614,TikTok,Fashion,Seasonal Sale,23776.955308391807,494119.3595717696,1078.9018145216255,17.051408992720418,0.0686095319544171,1265.8496403995136,7.019855514983197e-05,0.04615264629091098,64.39720361329779,29204.89636644108,0.12591235832442968,0.2037939822311789,False
CAMP114787,TikTok,Gaming,Event Promotion,70084.50021648413,321577.4912614055,3423.927155091273,7.059085559187311,0.20939481129716883,10104.926147122398,0.01078491521638657,0.0495843191959873,479.19009074320536,44753.57376228859,0.7005545235404828,0.6051158014563824,False
CAMP131893,Instagram,Beauty,Seasonal Sale,35333.01452540091,998911.6797902061,4080.974479320911,13.935925600628979,0.04650401289350744,2472.138038518522,0.005341510411665506,0.12382729563501274,290.83529249217656,69402.58298824914,0.14127111481629284,0.2576813404246809,False
CAMP204613,YouTube,Tech,Brand Awareness,63588.80770101079,724007.7244456806,1106.1841168398719,28.086480474446763,0.10495132162648255,2232.5928423440196,0.0010742578801541127,0.025932842508028624,44.0512072209573,23923.972496461083,0.19951191483138814,0.17191860775683115,False
CAMP123349,Instagram,Travel,Product Launch,39000.48631402522,634437.775545919,1385.9899767273955,6.96924986050158,0.07780062477358973,5478.899569677549,0.0011643152198417262,0.04719730902526434,199.54574021687307,90178.3658271069,0.22279183956527482,0.027150070044907937,False
CAMP189965,YouTube,Travel,Giveaway,83947.31503000298,690338.9219114224,162.33539652251406,22.010790451098217,0.11323181483478108,3974.572667048891,-5.8507323717471056e-05,-0.0072060578858305305,4.808694732494972,28928.791021343404,0.3817544119878064,0.05305740500593792,False
CAMP221332,Instagram,Food,Giveaway,74652.20509481554,105279.12352064796,204.89090544046957,19.067510442057877,0.712462012302602,3977.1038901419465,0.003005536138581266,0.021686014706777005,12.477008467243238,5043.115029801249,2.1477789310553206,0.09746503184815346,True
CAMP161017,Instagram,Tech,Brand Awareness,86748.15678099533,450132.24181000347,1652.8774032528806,27.147457177439648,0.17584955220709175,3336.149014057894,0.0028198381619807156,0.010890595602133903,63.389712052866386,13923.017155132216,0.5387359154484839,0.15612344036651804,False
CAMP125766,TikTok,Fitness,Giveaway,51021.67376675503,782761.6283723728,1382.804780045878,13.041690241456866,0.08749210655057978,3807.6599583422435,0.0022313735150024227,0.013857445748133012,101.09185738797254,58696.07328705349,0.10372849845571734,0.07861210500210555,False
CAMP220540,Instagram,Food,Giveaway,62837.07006180451,81779.07632409222,2646.6495406512563,6.155583609645212,0.7578418357834859,10656.73808384043,0.03045910102323862,0.036186401164592985,448.0809683512931,14659.95481804448,2.273418241322191,1.9349759961899493,True
CAMP245896,YouTube,Tech,Event Promotion,75702.6802327696,82153.48672068326,3232.260226087104,1.8334914329100593,0.8572905590054661,37605.07998067307,0.036170483139095495,0.03881259722887737,1627.6416899101303,44723.33927827144,2.519292862794067,2.224356179543134,True
CAMP222592,Instagram,Fitness,Brand Awareness,48057.704059198,158874.7055275975,1326.3422944232204,7.990103511215538,0.3158283529285282,5980.496646348975,0.006621516615356637,0.014939140584136625,165.1494567920601,19474.742267731883,0.9204836967580348,0.5014835474959642,False
CAMP163418,TikTok,Fashion,Giveaway,52198.16794088043,405954.4227036804,895.946366944036,27.032557385851135,0.11448224797213098,2029.2377962402018,0.001791354817386035,0.014933356225852581,35.6792714887227,15835.899706801942,0.37597975165276637,0.2197876863185226,False
CAMP142287,TikTok,Gaming,Event Promotion,42329.939840423634,875032.8943027803,1900.7132185079404,16.064127738073573,0.04985282776121745,2839.497240458963,0.0023029976158715918,0.04578227214694973,120.09827545840048,55107.739754944254,0.1017964666716995,0.07603842300070132,False
CAMP201461,Instagram,Fashion,Event Promotion,23296.43323159131,174252.01630407738,84.67277542202791,20.008351278739532,0.14996309063438984,1340.4316732949922,0.0011966397052762035,0.0022314939781324815,3.5575795805061006,7928.978485719965,0.38861361192643196,-0.04260971948424977,False
CAMP241022,Instagram,Travel,Product Launch,56622.52958204365,122426.14390443447,3658.3502534936474,24.897421454070482,0.47823528345813865,2243.2692559931697,0.03047525880840045,0.05031736968529628,147.08131845230807,3205.8002537698103,1.4433270766969561,1.7413925268304902,True
CAMP249985,TikTok,Tech,Event Promotion,88479.19190930063,918436.5452230888,2901.2251521671506,29.075222747100824,0.12537241818705594,3106.8968959904605,0.0034886966770985442,0.018854963901035977,99.24166640914986,31204.638267726525,0.2915982740535129,0.11921317022218657,False
CAMP131741,Twitter,Food,Brand Awareness,34058.0,218576.0,3042.0,16.0,0.155818,2128.62,0.013917,0.089318,190.12,13661.0,0.432,0.78,False
CAMP190952,YouTube,Gaming,Event Promotion,65187.96071081267,14565.194994971196,2875.764634320699,2.1014512440485107,4.870527082102964,32724.87031972892,0.21177283867686855,0.04122776710594373,1433.2996206518656,6051.599023397457,14.336778163949266,12.749235628414445,True
CAMP160912,YouTube,Beauty,Product Launch,32389.0,858987.0,3621.0,28.0,0.037706,1156.75,0.004215,0.111797,129.32,30678.11,0.111,0.255,False
CAMP212297,Instagram,Beauty,Event Promotion,38017.78975584526,70342.8786435194,385.59143043301316,24.941939118309215,0.5279886961214795,1584.4943761122295,0.005502493671186402,0.008892486288347613,14.848373084797995,4407.4738669167,1.6108705814871989,0.2519773922110664,True
CAMP217690,TikTok,Tech,Giveaway,32153.0,414688.0,1108.0,3.0,0.077535,10717.67,0.002672,0.03446,369.33,138229.33,0.226,0.157,False
CAMP101238,Instagram,Food,Brand Awareness,21660.0,315998.0,4766.0,23.0,0.068545,941.74,0.015082,0.220037,207.22,13739.04,0.206,0.906,False
CAMP156938,TikTok,Beauty,Giveaway,8796.058204993424,960090.8319246371,0.8724579453566346,3.0134368318131286,-0.009812215324701655,3017.398352543652,-0.0006518849264298614,-0.000307821173023368,-4.736575433634244,318873.4698165833,0.0035075635388275676,-0.018049398659304768,False
CAMP127624,Instagram,Gaming,Event Promotion,98303.39299127639,648764.6849980794,4309.694578048082,8.817748402682348,0.16748556266678422,10946.22484161947,0.007362218466012747,0.04377171492539756,468.12968222785423,72666.6517789432,0.6271814083124874,0.4499077474122208,False
CAMP194887,YouTube,Fitness,Event Promotion,15324.976828589193,157524.58853846873,3330.259665784342,6.984434307301884,0.091265057262834,2283.459726752382,0.020803050642656713,0.21436980288425975,474.376868807985,24016.958771780068,0.1697838451221676,1.1886458511582119,False
CAMP112696,YouTube,Tech,Product Launch,24198.753860045952,640525.4982050558,4282.370649736765,16.05454677034622,0.04521732142520295,1493.3260415863326,0.007425639361191571,0.15832552632586194,263.71202124426276,39069.89007937235,0.1699614805094597,0.324842080680561,False
CAMP140046,TikTok,Fashion,Giveaway,68637.28195565206,455021.85235372,3169.6552699895874,1.0010076926658407,0.14964939010908163,68345.51349350288,0.007270595391496917,0.05751259622884253,3172.407046912599,453481.34071784175,0.4078941638969561,0.3709679491659233,False
CAMP237306,YouTube,Fitness,Brand Awareness,36119.0,951099.0,1294.0,18.0,0.037976,2006.61,0.001361,0.035826,71.89,52838.83,0.112,0.082,False
CAMP214921,TikTok,Tech,Event Promotion,65089.47127109186,630517.1206545793,2939.689939564253,26.95834392733371,0.08577808594331936,2436.1200636720364,0.0049547488148169215,0.03931736966014326,111.17173803228931,22574.714708899763,0.24623360280724338,0.2032193556454227,False
CAMP146628,YouTube,Fitness,Event Promotion,43852.27639296127,969768.4971491656,4419.017977327387,25.097360421118456,0.044380435118437166,1754.340021785704,0.004016090509445601,0.08788857622275179,178.28320066155794,37657.25378733487,0.15005732297696192,0.17422624198838482,False
CAMP152192,Instagram,Gaming,Event Promotion,82254.9758288957,800838.0699687615,2640.910427829114,11.04203148717628,0.11646815693733567,7322.647138999414,0.003993151865345131,0.039320926007211085,230.27963405847993,72707.24139043818,0.34559267899762797,0.1878839946337645,False
CAMP130384,Twitter,Tech,Event Promotion,60358.476588092395,59605.95636413284,357.2360433034676,24.001443774670015,0.9760899832332676,2562.9224217535257,0.005527359625241669,0.017751765560557933,16.862511798558682,2108.9626932850683,2.619584839739007,0.22185132348378145,True
CAMP207335,Twitter,Beauty,Product Launch,39136.43753554895,150653.94335318025,2289.68282389517,14.913701651784649,0.2526360900668566,2823.217540595034,0.015080450814192164,0.06640792805130916,156.04525816533328,8149.595089531521,0.7232974058156857,0.8868494572149358,False
CAMP238255,Instagram,Fitness,Giveaway,40404.99706407973,757243.3516972656,4857.597052453566,4.021048063417322,0.04711319680908545,10119.946308072276,0.006068469818194812,0.12617698407459862,1214.3402546215843,190221.67588461848,0.2353769568071225,0.37022710753138993,False
CAMP170761,Twitter,Fashion,Giveaway,77277.11816120514,684000.5787518935,2507.634507790051,11.01342288161307,0.12148030122487483,7192.836312938153,0.002978007156233994,0.030735233210915584,230.60445114681514,61617.51922190899,0.3718314004777157,0.21866897629956014,False
CAMP210338,Instagram,Beauty,Event Promotion,74338.0,585894.0,2983.0,3.0,0.12688,24779.33,0.005091,0.040128,994.33,195298.0,0.382,0.306,False
CAMP176551,Instagram,Food,Giveaway,92283.7069665763,315721.62065705913,1606.8980800722338,4.957694075646975,0.28029849519068545,18514.21763957542,0.0071929163200415095,0.01893672428868636,324.3291300327978,63713.45237989984,0.9431744742748096,0.36629034036110525,False
CAMP248725,YouTube,Fitness,Event Promotion,54272.512376413906,174444.71905817118,4762.7537998205835,18.0270120880304,0.3009737613645632,2911.791814602043,0.027209531842245976,0.09755660490865092,272.44253583043894,10197.428855233251,0.8540377657363962,1.6919844571982097,False
CAMP215365,Instagram,Fitness,Brand Awareness,95924.17568071708,934018.2987285523,1203.2832326025284,21.025713541094333,0.093299371075206,4673.790777588377,0.0015989221163053608,0.0056050976058675,69.66377203934077,44321.14874246384,0.36477837831895793,0.1536378186454223,False
CAMP133200,YouTube,Fitness,Seasonal Sale,67648.0,583994.0,4846.0,18.0,0.115837,3758.22,0.008298,0.071636,269.22,32444.11,0.34,0.501,False
CAMP104726,TikTok,Food,Brand Awareness,70675.05516560811,33854.31483702279,278.9174529880737,12.87046306531759,1.8818865631833186,5528.594797738041,0.007315263458628206,-0.0015339996822138465,21.076918737813653,2219.1839812492467,5.576006192610795,0.48769491879718696,True
CAMP211088,TikTok,Fashion,Brand Awareness,64002.10394681565,482784.1873632667,1425.8728690217865,26.93217895239796,0.14983659267994012,2422.5134092453504,0.0020571506685528084,0.009377768917801628,61.54348261539224,16183.51291428281,0.31432275616709143,0.2071372411139362,False
CAMP218842,Instagram,Travel,Event Promotion,98500.0,376091.0,2401.0,11.0,0.261905,8954.55,0.006384,0.024376,218.27,34190.09,0.789,0.384,False
CAMP245266,YouTube,Travel,Event Promotion,49514.45972915493,486490.50509714504,99.02713934648192,29.22326072943831,0.11188180636998489,1678.0738007730283,0.001541828278910406,-0.010776057048630754,-4.121780413655154,14079.333543237335,0.3120632861053658,0.09947153088012925,False
CAMP239107,Instagram,Tech,Giveaway,88718.77179524783,648844.7510432414,580.1895254951395,23.850023448033596,0.13175097948393202,3776.954178265128,0.0009191707795192838,-0.011077790999040018,15.97505829963341,28192.16787725929,0.38474687990515893,0.14683348726815731,False
CAMP220892,Instagram,Fashion,Event Promotion,92631.5285307961,403601.79914410325,4884.336639478734,26.874160591443637,0.2365491960119609,3387.775589229474,0.01211672542917726,0.05913714082977462,179.27821226794623,14115.18989702886,0.7080541952261629,0.7453846236221153,False
CAMP152579,YouTube,Fashion,Event Promotion,55946.47985417037,748415.0518261133,3489.8225556394573,27.079985392121255,0.07111732790188396,2044.97672500298,0.005871826132819617,0.06497333398843197,137.41053262367234,28024.97537426654,0.21534484415703864,0.27392672479103464,False
CAMP175352,YouTube,Fitness,Brand Awareness,19739.502074626755,128783.54177905044,1462.3666727624966,28.9858000715902,0.16094218231161983,847.9106328479086,0.011244546302204485,0.07784856599050144,56.98943784482853,4264.746439529935,0.4309794527086454,0.6577785523134416,False
CAMP213866,Instagram,Food,Seasonal Sale,82090.79284410478,300656.8203140293,1039.9683350810142,24.023794548385805,0.2797665424095174,3567.856330186743,0.0025221528436670066,0.012586833374688846,41.56785070120296,12517.678362119957,0.8552395881929993,0.21562702558431435,False
CAMP192190,YouTube,Fitness,Product Launch,85726.06899587157,981563.1771420304,881.3481059895355,5.8467148801270685,0.09315445521293263,14287.799490056683,0.0010742849282912724,0.016100018076947505,142.70173066894068,165049.36201517534,0.2658058362564958,0.12492998019361326,False
CAMP237094,Instagram,Tech,Product Launch,67905.57311488799,777095.2155438861,4046.6013022215257,18.970926686560073,0.08658676763018665,3330.102314051196,0.007112489351960483,0.05602770107672427,207.32524901110776,41097.8130027593,0.1989639037237777,0.3012865687104999,False
CAMP209576,TikTok,Fitness,Seasonal Sale,88823.7621131407,842027.9724141501,2928.9259397210258,8.890958283685944,0.08789790806904947,9816.642954525378,0.003975268310424227,0.027271667527767218,325.83899202872885,93382.89847253758,0.413615438949554,0.19079731592606905,False
CAMP171282,Instagram,Travel,Brand Awareness,3958.8402429767075,838644.3551365887,1526.2275433412947,2.9366422028343306,0.018149552182663814,1332.940791184531,0.0016652518229907144,0.4480030224489146,502.3438527430559,278408.32980006817,0.0006276441653621165,0.09354230262321236,False
CAMP143269,Instagram,Travel,Event Promotion,46335.60500264965,28369.341742370285,972.8728365954114,2.9835914483557575,1.75017424724086,15622.355893886237,0.036266271654767354,0.010154391777207231,330.4847347970494,9557.187019042514,5.251061735820511,2.1390375838990416,True
CAMP186959,Instagram,Fashion,Brand Awareness,38715.5703835071,917259.080579698,4606.136150605893,5.952446274826127,0.030259892577138722,6369.173592432976,0.00539825104352096,0.1222299774193554,767.7566352174797,151790.8933837058,0.14813640437675568,0.2692171823048014,False
CAMP131882,YouTube,Food,Seasonal Sale,25337.92570314502,703829.6415494444,2381.7359271147106,23.91760179985491,0.03814624809457134,1084.443609532122,0.0028367635655635747,0.09135521579024079,106.64080693814985,31208.971547875182,0.09161645614924854,0.21274830125899677,False
CAMP195138,TikTok,Gaming,Giveaway,92154.08411595349,367592.402715298,1249.3193742880378,3.88983994262001,0.2641879687908115,22902.852345491567,0.004928283796529994,0.020086550458946313,324.66498579220263,90796.53671804533,0.7668993603211481,0.2094605992218116,False
CAMP245665,Instagram,Beauty,Product Launch,23745.427513484097,220353.28300582265,4747.213596899698,13.002830483151785,0.11436823109287741,1933.1637999298227,0.020531043550776402,0.1958765165301971,369.85809163448704,14944.107685993935,0.42662641459626044,1.333932373355987,False
CAMP172378,Instagram,Fashion,Brand Awareness,81892.50289667882,206911.90795150917,3145.6713346508736,18.98192367725141,0.393932974957925,4355.0327284252635,0.014810912778036055,0.029766629634445763,156.0242107896486,9568.21549049401,1.2964233438195472,0.8790647094700905,False
CAMP191707,Instagram,Beauty,Event Promotion,15996.47551789649,507669.9726144348,4023.7208343017246,22.12987900124598,0.049778441260381875,604.7615005433778,0.009265130709650356,0.25249228422264053,176.01300187303528,22579.546863598476,0.11194205096561158,0.46183357297107225,False
CAMP229818,Instagram,Travel,Seasonal Sale,55282.0,248609.0,4836.0,11.0,0.222365,5025.64,0.019452,0.087479,439.64,22600.82,0.67,1.169,False
CAMP248170,Instagram,Fashion,Product Launch,5418.850161322843,200439.4081063577,1062.7296681858124,18.97904148106152,0.03250450576113203,412.6880591714073,0.005331924404784159,0.20450349353212863,47.76486733951791,9462.379979126643,0.04898034846535299,0.3102060867404006,False
CAMP158734,Instagram,Travel,Product Launch,22068.565221817502,779956.9574518926,488.1347531200789,2.9569573792436135,0.03842127164832246,7243.398377179041,6.678194125708521e-05,0.024921385092203343,166.98056003764384,262505.9984743508,0.0018925327976960504,0.06182234168634773,False
CAMP110082,Instagram,Travel,Product Launch,44291.06288794966,322500.1048005724,2243.8226108226563,10.094564309145964,0.13324692490142964,4147.924579795758,0.007331037833519348,0.05665374964137725,228.82341574753244,32520.51902750328,0.32610293153907555,0.41804133942370353,False
CAMP145100,Instagram,Tech,Brand Awareness,25980.092318047573,300327.4927918245,3476.912052370691,16.112362888601464,0.10202614789305407,1646.324258846846,0.01124645970301113,0.1362907550661229,212.59483626028253,18642.111942006566,0.23970061903491718,0.7334889610000078,False
CAMP129921,TikTok,Travel,Event Promotion,95172.87915414301,3330.496487303414,1992.709242680872,5.068741825699624,50.181430830473985,19250.006461762725,1.0506790794619825,0.009172856712849382,401.3368505947311,2082.735394254644,145.9432994744195,61.93799678919642,True
CAMP156898,YouTube,Fashion,Giveaway,56202.3763018643,623870.8791493411,4322.687909882379,9.001753815575634,0.08739310883912986,6227.469234326469,0.006348076449509462,0.08692445161068883,473.79808000645517,69280.57602949034,0.1962073105940072,0.4120937528943312,False
CAMP172850,TikTok,Fitness,Event Promotion,39507.8914779183,241249.1448048564,529.8322332396065,19.89034895842403,0.1607508004085494,1907.2011540454098,0.00340124999766062,0.017177345708590912,36.79266762463794,10982.709510256032,0.42949177572302644,0.12800429922411635,False
CAMP121838,YouTube,Travel,Event Promotion,52540.32668647516,282916.7365046543,4748.254397330448,9.13541025796032,0.18199402920203017,5871.454273204958,0.01657711385807557,0.10246215815506748,533.0570199331241,29981.994011126233,0.5263041386928627,1.0647143577293618,False
CAMP109699,Instagram,Gaming,Seasonal Sale,6525.833429825346,297800.1354144843,4361.293115403091,16.035976443019138,0.0006376193632476046,517.1094133986502,0.01450318881390663,0.6183884146896581,273.5331113235053,19025.950504088414,0.11696599968962632,0.8900419624966406,False
CAMP117646,YouTube,Tech,Event Promotion,93390.0,834178.0,855.0,22.0,0.111955,4245.0,0.001025,0.009155,38.86,37917.18,0.329,0.062,False
CAMP196997,Twitter,Fashion,Giveaway,27817.0,172016.0,393.0,3.0,0.161712,9272.33,0.002285,0.014128,131.0,57338.67,0.448,0.128,False
CAMP202054,Twitter,Gaming,Giveaway,66757.90139742757,782514.7978588705,1503.6508825335043,16.08480243745943,0.10524263291593677,4087.3570943912373,0.002818828069021941,0.023972479818727983,105.2560268721604,51358.601851378655,0.29883664794017983,0.06336334433042434,False
CAMP104253,YouTube,Food,Giveaway,34647.88086551785,542804.1611899332,4957.136986460944,25.983571715947964,0.07811127884652239,1559.081164319114,0.00990744836871799,0.1356679895053028,192.76067499949187,19713.58860019594,0.11141337866406738,0.5838799814023167,False
CAMP169728,YouTube,Food,Seasonal Sale,45905.24896086469,697424.48761653,1195.9349019136605,17.969210451291023,0.04798007566911379,2446.6780149411275,0.0018700289773187198,0.016835537921799378,63.9563042200704,39376.81218661265,0.07028170467040798,0.08068694053624724,False
CAMP102362,YouTube,Food,Event Promotion,92245.0,700968.0,2474.0,17.0,0.131597,5426.18,0.003529,0.02682,145.53,41233.41,0.387,0.213,False
CAMP178025,YouTube,Fashion,Event Promotion,64212.65306781484,516202.85735346837,4396.282728818663,15.014509623951344,0.13423186266259526,4304.541037536582,0.00814725125879371,0.04685729934186378,287.6713449124663,33547.85077695931,0.2973285215514275,0.5299328779380507,False
CAMP100916,Instagram,Food,Giveaway,96220.0,970982.0,960.0,23.0,0.099096,4183.48,0.000989,0.009977,41.74,42216.61,0.298,0.059,False
CAMP122953,TikTok,Tech,Seasonal Sale,56396.26152791695,155327.77460649394,3257.171373066628,3.903035436709814,0.3810796376249654,14306.294528815633,0.02185873572179968,0.04669067958292491,812.5944359299581,40234.30928677394,1.1680118570141134,1.1933436515371936,False
CAMP165388,TikTok,Fitness,Seasonal Sale,87954.64976558727,931871.4568088641,1813.6499958558227,19.97286937816443,0.09724885631546112,4319.139853839584,0.002735141520599152,0.020814988350516615,96.10266869498322,45595.385555595334,0.2523410987174762,0.05889774167824186,False
CAMP201939,Twitter,Gaming,Product Launch,19613.934382761116,493905.33667134156,1344.5268276598044,9.024087821660377,0.026431682405036388,2086.2125576273756,0.0027699285951361483,0.07236154176672402,145.18976052691863,55303.555677523,0.08429225613983281,0.11616728798781907,False
CAMP100078,YouTube,Food,Product Launch,36062.0,514556.0,2687.0,7.0,0.070084,5151.71,0.005222,0.074511,383.86,73508.0,0.206,0.315,False
CAMP133335,Instagram,Fitness,Brand Awareness,86523.68492087511,838850.9366434655,3714.9534245547025,8.014468819276319,0.08360360235449144,10500.328498332701,0.00397647975356502,0.059123726799495804,474.9507355435761,104632.75015338435,0.27781134437644445,0.25883943286458755,False
CAMP204424,YouTube,Travel,Product Launch,53726.98302191586,894760.6027869777,488.9443365216993,21.09462661623452,0.06692095338228146,2570.840958239337,0.0006417037928442945,0.015440600255704389,25.709582617372657,43399.4283066882,0.2074155319885028,0.04940560064773312,False
CAMP206360,Instagram,Fashion,Brand Awareness,59783.91741467277,392055.78217558673,2881.221115712099,18.91942306748112,0.13351836123365723,3252.9020288490524,0.00693732105883934,0.05071330985008443,155.2478969411007,22781.304411214714,0.3750473192031566,0.40562222569483,False
CAMP247334,Instagram,Food,Seasonal Sale,69468.92919708969,521456.34759193903,2202.8968131705037,22.10050425156352,0.13786210442241878,3122.5993522388103,0.0021539091341747254,0.02637756534687843,105.1691157357667,24415.53851911949,0.41547032903713693,0.20537705631580666,False
CAMP153073,YouTube,Travel,Event Promotion,60800.8502199044,510488.569618458,4601.025988693612,19.020551901788128,0.13227214578884727,3058.6111650988846,0.008016911497335475,0.07988555621961757,238.865242586259,26609.7209086723,0.26628160174687265,0.4813713834907832,False
CAMP184238,Instagram,Fitness,Product Launch,3028.277563650694,204529.66154965598,623.9119489052546,14.970223812460247,0.009661427945291278,412.27437165166623,0.002523779065268632,0.17994143732684842,37.29596679714181,14764.319144920357,-0.004921300352318532,0.2357770860232492,False
CAMP135513,Twitter,Food,Giveaway,78020.29363942773,532208.5648800391,807.8871247821617,16.021821784840256,0.16490799022431651,5021.527341055528,0.0016159621582597856,0.01917740433627098,42.17243329696432,32445.580240170562,0.458800550447692,0.041228107608127715,False
CAMP126442,TikTok,Gaming,Seasonal Sale,37181.59193398464,833186.4216811374,2132.0696037098537,12.914464671446675,0.03495630785960858,2907.0022254926703,0.003694751111369624,0.07822746075709963,154.34460100867634,63677.466208352984,0.11440003070691399,0.23355175481097543,False
CAMP222727,Instagram,Fashion,Brand Awareness,17264.232353552343,765040.9674791213,1289.2183180470906,21.066582389595723,0.006846354759511498,965.3562284629486,0.001655845017000604,0.06302430447048944,54.057592057478075,37665.723215275335,0.08656550801332581,0.0617114026795486,False
CAMP212728,TikTok,Travel,Product Launch,10254.856283279547,813297.759132075,3065.5240320234934,23.025098274564296,-0.024878500615456836,412.18626673820404,0.0026077584963064837,0.30085325401554824,135.2002143376482,38442.990637844894,0.0856891110528599,0.22729807705906765,False
CAMP153772,Instagram,Beauty,Event Promotion,16965.496546660608,263185.6308798092,6.089677681071309,28.054179570885303,0.0823002931489952,568.2672918259526,-0.0013746427340579062,-0.010507808579147446,-3.1610538363895553,10539.284905434793,0.21976593995155866,-0.0023806380688032526,False
CAMP152864,Instagram,Food,Seasonal Sale,45822.60396875547,389898.9718688466,4399.983009451311,27.081571848697443,0.1117814606030979,1432.3715560768944,0.010233942379755825,0.09242376988308704,162.78157784136909,14051.795224948755,0.41440373550903187,0.6667007939332418,False
CAMP218126,Twitter,Fitness,Giveaway,56800.8568450749,539027.3785150043,2110.9205645926936,27.07219251141655,0.13208658961681136,2177.509334002536,0.004066350253201237,0.03160967619596949,68.28454163095918,21041.946272402936,0.26257111469136085,0.12062384667386998,False
CAMP104729,YouTube,Travel,Brand Awareness,79095.0,923834.0,1645.0,22.0,0.085616,3595.23,0.001781,0.020798,74.77,41992.45,0.252,0.108,False
CAMP179232,Instagram,Beauty,Product Launch,60935.89469683218,716717.3146948358,1271.4077800130494,24.16782352858105,0.07370393680395798,2632.9753154292707,0.0030597422927747097,0.030216221039654458,54.10574835880041,28788.975813255387,0.19428317440850648,0.025270958162635554,False
CAMP118373,YouTube,Travel,Giveaway,18295.0,339970.0,3544.0,22.0,0.053814,831.59,0.010424,0.193714,161.09,15453.18,0.158,0.63,False
CAMP150889,YouTube,Fitness,Brand Awareness,82946.52155635363,854372.0680546925,3240.201481525863,15.03577199371027,0.09092228309702098,5641.754132456782,0.0036628294468462434,0.0464402745940945,219.3487953329076,57072.31721014879,0.1870129293237944,0.23778179809516994,False
CAMP113983,TikTok,Fashion,Seasonal Sale,16902.54539361829,844563.269367426,4686.639838371105,6.015036808770744,0.014447442140670612,3012.722356277748,0.004404217615479668,0.261128988649125,780.0247487775814,139389.67624522478,0.10867021058022791,0.3601724111524864,False
CAMP109417,TikTok,Fashion,Seasonal Sale,1514.8791185393059,968217.9696402325,1618.5346773012543,29.052837568965472,-0.017144719772429692,190.0929136960538,0.0014746047287461936,1.1530194128920108,60.41828612164693,33495.03070899408,-0.0013953756542181396,0.08602904115782074,False
CAMP162971,Instagram,Fashion,Brand Awareness,88566.37316175395,168543.0499663227,1169.5795669383176,17.066804701909117,0.5484526760568295,5064.044391387382,0.006705589424133278,0.010077893173870145,75.72811775504351,9865.626357630332,1.6694797533811834,0.38685893409278826,True
CAMP247156,Instagram,Tech,Seasonal Sale,43998.0,101528.0,4409.0,12.0,0.433358,3666.5,0.043426,0.100209,367.42,8460.67,1.305,2.609,True
CAMP215337,Instagram,Tech,Brand Awareness,20846.75455036709,269371.6476068183,1092.2188863151043,9.129139437351238,0.07959836448449725,2215.348121903438,0.005159828499935433,0.0554803516871161,121.96433723663745,30401.012390144806,0.1855174360456035,0.30472964940024333,False
CAMP230631,Twitter,Tech,Giveaway,38179.27488923599,200365.9247264214,3622.3311463541672,1.8811297964070042,0.20989294049146662,18924.94854380985,0.018153525495421506,0.10137192213484242,1809.9131359582236,96524.80595841487,0.5415095163310464,1.1165648257845593,False
CAMP167757,Twitter,Beauty,Product Launch,72030.64777688713,988239.9858442693,1910.1978027168195,5.965002846158446,0.07601252663969607,11966.611127111632,0.001797595146706944,0.023630220000115037,316.9034499011427,163737.51073872732,0.22905557105104385,0.08306771901290269,False
CAMP116215,YouTube,Fitness,Brand Awareness,86964.16560086621,27680.669884231076,228.4751933493922,25.04565437301641,3.800694016374752,3384.4604537681244,0.01106994051141957,-0.006668028964640399,-0.545910521084938,-963.9055348955537,11.208190794929568,0.6623270172880336,True
CAMP112186,Instagram,Fitness,Giveaway,10963.216724269612,76606.09378516313,3645.4616905302955,17.947128943061685,0.12783891073467216,384.87441710486905,0.04785783564327902,0.34079608163703246,199.40704452491136,5028.918665807437,0.44988101111311507,2.833876683497537,False
CAMP148456,Twitter,Tech,Giveaway,89654.72784817053,122230.93080385966,1977.8316405349774,26.004404088060063,0.7534971423381894,3668.347096963257,0.016803742991775342,0.011339741792240565,78.59935308733135,4767.639550571763,2.020071083785168,0.9476861082096142,True
CAMP224582,TikTok,Food,Event Promotion,47952.857839055236,833550.7294250176,1869.4465788441578,3.983919933846101,0.06979036215963438,11856.151486549108,0.0016133307207896862,0.041874637595220025,469.89762581412856,207169.5051817654,0.14763360887526275,0.13368011158564838,False
CAMP173157,Twitter,Travel,Brand Awareness,9261.800597423231,298831.98557916813,2286.713295510621,1.1306970289177887,0.036897757249371534,9608.013373636388,0.0076984027379586074,0.24648179044374596,2263.088808925124,296578.27583749674,0.08012326918239746,0.4165078496977997,False
CAMP237517,TikTok,Travel,Seasonal Sale,73017.73133348349,678437.8581556495,4402.396710528815,16.940885485906584,0.10753308848438527,4261.020150687477,0.007597984235446804,0.05579390980634391,256.65317187529064,40647.477999277304,0.30670932726586153,0.3989351372653089,False
CAMP210350,Instagram,Beauty,Brand Awareness,38666.365750580066,69945.00813125864,4973.142188203267,13.024633229545277,0.5324696580906509,3077.261158189994,0.06562536315452638,0.11528130621225399,375.24596732381985,3692.5807596709774,1.6227794942316374,4.069834356261958,True
CAMP157324,YouTube,Fashion,Brand Awareness,11972.62090074155,616133.2577842734,477.1056033490268,12.849341167921288,0.01876691340667474,1026.1456747265195,-0.0007161427244705696,0.05575341085943543,38.50486421100276,48447.984784017775,0.09220566641759462,0.011438532456410258,False
CAMP192636,Instagram,Fashion,Product Launch,83762.17430322304,501996.93907444086,3820.719310781231,8.90633654375902,0.20555648155854744,9220.13468591042,0.009115403249369724,0.05817649527361846,424.7199680068525,54606.92940692438,0.48630494811718067,0.4442709909302274,False
CAMP187946,TikTok,Tech,Giveaway,4593.0,885438.0,3279.0,22.0,0.005187,208.77,0.003703,0.713912,149.05,40247.18,0.015,0.218,False
CAMP117237,YouTube,Food,Brand Awareness,27458.0,975812.0,2307.0,15.0,0.028139,1830.53,0.002364,0.084019,153.8,65054.13,0.083,0.143,False
CAMP200155,TikTok,Fitness,Seasonal Sale,74582.712797197,960241.9979469344,4100.406699606483,2.964326734621634,0.07326476176447727,24616.21542901068,0.004964948118417485,0.07717308671755865,1357.530868232866,321100.911867258,0.21500877986347655,0.32941713319942173,False
CAMP220872,YouTube,Fashion,Seasonal Sale,37216.20105178494,18732.023671685743,183.50493221999915,14.021147342426648,2.164152322580957,2738.639398546602,0.011067244553199067,-0.0019434568387950704,14.01771596731446,1553.7977317549398,6.403315202667892,0.6593843378573921,True
CAMP126170,Instagram,Tech,Seasonal Sale,22153.582906170148,954818.2183035163,4220.628343838004,27.79671092146691,0.039211016441429256,962.5742603692618,0.0053853403066505415,0.18248080155355656,141.53590913991823,33244.78489109027,0.04141062773351924,0.2935838222871896,False
CAMP143530,YouTube,Food,Product Launch,3490.0,394482.0,4619.0,19.0,0.008847,183.68,0.011709,1.323496,243.11,20762.21,0.026,0.707,False
CAMP235120,Instagram,Beauty,Event Promotion,75163.0,915511.0,647.0,29.0,0.0821,2591.83,0.000707,0.008608,22.31,31569.34,0.247,0.042,False
CAMP202597,Instagram,Gaming,Giveaway,25571.760343344467,670887.3948972332,4404.855474948549,10.911627111547379,0.06170013251199812,2197.505651504055,0.007793353824460451,0.18086188625966484,401.4484835237051,61484.06944549589,0.11348182188086167,0.37935363802494876,False
CAMP109249,TikTok,Tech,Giveaway,39202.98671628968,589723.5940111363,2161.6463769116313,12.100113920983105,0.06077971765428044,3247.3401165201353,0.0034776834099733353,0.06620884086057152,165.21755830945835,48639.07821166779,0.23931132021850682,0.2218285850024822,False
CAMP193742,YouTube,Travel,Seasonal Sale,56080.0,280868.0,4773.0,29.0,0.199667,1933.79,0.016994,0.085111,164.59,9685.1,0.587,1.026,False
CAMP176641,TikTok,Fashion,Product Launch,26207.156243555688,441693.9406339449,3308.920269061167,21.852968541759534,0.06108682525105314,974.1599797633534,0.005968179045629872,0.12359997992796656,154.6474942687108,20913.71468575668,0.21351416069940887,0.33701517918486606,False
CAMP210164,TikTok,Tech,Event Promotion,65812.83330640683,475528.4891794275,1340.7235015749504,12.96532193549421,0.14992493711070803,5156.822711744723,0.0035460565983221337,0.016762566973957334,97.56880963348661,38743.74481818139,0.31652460240962044,0.19254416330640045,False
CAMP119742,Instagram,Tech,Event Promotion,97953.50644225653,134805.65104548415,1094.0965264080269,24.00558115127273,0.7441616244978356,3931.678489598958,0.007804547035458624,0.003264354795536796,39.53210362959824,7869.675245441978,2.1560249901334503,0.5016181838566327,True
CAMP137116,YouTube,Travel,Product Launch,24861.925829154716,582746.6575853549,2768.97682125155,9.84466064961572,0.05100617617199564,2288.5558419622057,0.005526258400469385,0.10230940447734524,275.0593120831891,59273.95078614913,0.19637909057646302,0.24803297748675124,False
CAMP169266,YouTube,Fitness,Product Launch,90481.74486119876,350052.69531253877,4089.0383950465884,4.98348888389784,0.21895556128981286,18063.176784372667,0.013320499168362842,0.038483095010252204,808.3550929207652,68622.43145462198,0.7733345701374521,0.7198118508175931,False
CAMP187232,Instagram,Fashion,Product Launch,88599.53616370386,647403.1434996874,785.6520881564325,6.09696760245411,0.12155543698053584,14972.298160390517,0.000966892295145449,0.002621857881874557,138.55165289418227,108769.85025004942,0.31090157908101745,0.06250003391216523,False
CAMP212622,Instagram,Food,Seasonal Sale,4297.656039587586,682137.2274166198,354.1473114218587,0.9305322314279592,0.020775598761532305,4296.224446375946,6.609792818976316e-05,0.08600202004362319,347.564886076394,688886.0962266497,-0.01827350233256755,0.07629694173379872,False
CAMP100824,TikTok,Gaming,Product Launch,99697.4196546018,285602.90279015736,435.5427162088742,21.928918635746335,0.3328482517895205,4470.211130346675,0.0016670987522652053,0.02376878027978063,33.86909525297618,11834.024529009137,1.066841312138142,0.14255097761477037,False
CAMP101059,TikTok,Tech,Event Promotion,52206.52228877787,712284.2461086159,1906.8907218645695,9.088277547500988,0.09521345485969758,5964.124833664275,0.0033005138769624477,0.038873809156201956,214.26819140959327,79655.65422309314,0.24752809312265298,0.18062476018060808,False
CAMP124446,TikTok,Travel,Seasonal Sale,50026.207062319794,966340.0174159873,2488.965198424248,2.9275710856809414,0.02718785439621672,16649.99970649536,0.0034476402583047314,0.043427055259191896,836.8663442862224,322932.62984251254,0.0745123846198353,0.23352267567903076,False
CAMP101728,Instagram,Travel,Brand Awareness,6371.7105732671525,931546.9282532047,4394.6951559956615,13.149052476434559,0.0026872844851532135,577.3898159842258,0.005258471754304591,0.694495241473319,339.10378814156195,72797.49722062793,-0.0052878930316505,0.28348691323751046,False
CAMP147216,Instagram,Gaming,Event Promotion,98302.51267610122,74286.70195818364,882.3853506045449,27.14779479905818,1.3864137887106924,3689.4040074466475,0.012288367086654402,0.030278709749267253,38.77766328943818,2921.8197603984017,4.172963213021468,0.7740900003657418,True
CAMP116487,Twitter,Travel,Event Promotion,89910.0,524945.0,847.0,6.0,0.171275,14985.0,0.001614,0.009421,141.17,87490.83,0.475,0.09,False
CAMP101172,Instagram,Travel,Giveaway,54328.0,599143.0,3169.0,5.0,0.090676,10865.6,0.005289,0.058331,633.8,119828.6,0.273,0.318,False
CAMP213341,Instagram,Food,Brand Awareness,54605.0,745066.0,4777.0,28.0,0.073289,1950.18,0.006412,0.087483,170.61,26609.5,0.221,0.385,False
CAMP218209,TikTok,Travel,Event Promotion,20032.0,75591.0,3356.0,20.0,0.265005,1001.6,0.044397,0.167532,167.8,3779.55,0.771,2.616,False
CAMP129782,TikTok,Food,Product Launch,142.0,172371.0,2373.0,22.0,0.000824,6.45,0.013767,16.711268,107.86,7835.05,0.002,0.811,False
CAMP151328,YouTube,Tech,Brand Awareness,80200.15569195221,113830.44778381853,1206.4166049084338,25.1244181659642,0.7199234201131942,3257.927156167688,0.010906159912876023,0.02013746738313841,48.37344261183911,4555.478175471008,2.1526989304726114,0.6904701472049877,True
CAMP173340,YouTube,Travel,Giveaway,77318.11384596225,769548.8124369596,3013.9288959018413,18.00231427630432,0.09298502452772565,4186.859327863271,0.004815339471452793,0.042806544734728155,177.49985216695669,42740.775428239,0.24671423355966404,0.17631984075643214,False
CAMP134132,Instagram,Fitness,Seasonal Sale,66114.00222569864,438767.81522957224,1770.4255155476455,27.180171837680618,0.12395633405812079,2323.4237100206574,0.003828524215271305,0.02223506830388232,57.78966600523556,15354.899388823971,0.46128704563020195,0.24663698974513434,False
CAMP182008,YouTube,Tech,Product Launch,93619.40510078518,323694.07124869263,1080.0473382210637,28.096383990287062,0.29059783643925347,3456.460710492473,0.0029186706940986366,1.2096520558660048e-05,27.193123284264182,12554.884798876494,0.8476309380062358,0.21746355207187806,False
CAMP116671,Twitter,Beauty,Product Launch,32791.561568585574,657459.4163499748,4862.5904045947555,11.913605091172379,0.057332042154274565,2989.64488196432,0.006813224490302577,0.14673596658340068,408.2821737319922,53078.0628761025,0.1753285108363975,0.4122860489557565,False
CAMP139171,YouTube,Fitness,Brand Awareness,83480.98371723885,426991.9277729043,1011.5401416033433,19.068454000678805,0.21152840718799257,4513.134326634555,0.0024167819282046718,0.0006679555556277968,47.65986614261301,23983.139088028714,0.5933142510305243,0.16405664297337927,False
CAMP149982,YouTube,Beauty,Product Launch,33667.0,478064.0,4337.0,5.0,0.070424,6733.4,0.009072,0.128821,867.4,95612.8,0.207,0.548,False
CAMP126378,YouTube,Beauty,Product Launch,97719.0110108186,840186.1759742763,4721.790316427952,24.94716684390773,0.10324065931925198,3707.002232303303,0.005769376929470254,0.05444913395949131,193.58318103896787,33646.499296880036,0.3425415068768807,0.36891053850932026,False
CAMP135739,YouTube,Beauty,Seasonal Sale,16074.970973112915,993350.737202515,1207.9254850541918,15.079753218206863,0.01982424598918741,954.382266909508,0.002607936545374168,0.06991888460246365,75.49459525991905,65459.119613469324,-0.009393323456455716,0.09030173237882366,False
CAMP148276,Instagram,Fashion,Seasonal Sale,49011.89330444408,105109.24919689828,3053.4920303150802,23.045692713371217,0.4606853992446946,2145.296081681683,0.029169149518841746,0.07446885961376196,136.58329654404918,4354.999367422165,1.3584132515605507,1.6705319802511573,True
CAMP177045,Instagram,Beauty,Giveaway,80072.27006975937,462219.6928015465,596.1244768163339,4.021865039830496,0.16915864084507906,19872.10928666479,0.0025167098355960223,0.013739919622170565,153.51461826520173,113108.11200252152,0.5122855336036684,0.04780001853118289,False
CAMP147977,YouTube,Tech,Seasonal Sale,41089.0,220787.0,2397.0,22.0,0.186102,1867.68,0.010857,0.058337,108.95,10035.77,0.547,0.656,False
CAMP227737,YouTube,Travel,Giveaway,91611.75395349323,410341.47467051423,564.3500890940755,23.977395880003197,0.22127509229736153,3776.4619243694747,0.0024953800950593043,-0.0010833218913626633,24.665247627202778,16605.67041143347,0.6612589599515375,0.04231184315948198,False
