campaign_id,platform,influencer_category,campaign_type,start_date,engagements,estimated_reach,product_sales,campaign_duration_days,end_date,true_engagement_rate,daily_engagement_velocity,reach_to_sales_conversion_rate,engagement_to_sales_ratio,sales_velocity,reach_velocity,benchmark_index_true_engagement_rate,benchmark_index_reach_to_sales_conversion_rate,is_viral_outlier
CAMP100000,TikTok,Fitness,Giveaway,2022-01-01,79900,1892,2834,14,2022-01-15,42.230444,5707.14,1.497886,0.035469,202.43,135.14,122.896,88.246,True
CAMP100001,YouTube,Food,Product Launch,2022-01-02,47985,437228,165,13,2022-01-15,0.109748,3691.15,0.000377,0.003439,12.69,33632.92,0.322,0.023,False
CAMP100002,TikTok,Travel,Brand Awareness,2022-01-03,13875,982513,2539,5,2022-01-08,0.014122,2775.0,0.002584,0.182991,507.8,196502.6,0.041,0.152,False
CAMP100003,YouTube,Food,Brand Awareness,2022-01-04,41200,213400,100,20,2022-01-24,0.193065,2060.0,0.000469,0.002427,5.0,10670.0,0.567,0.028,False
CAMP100004,Instagram,Food,Giveaway,2022-01-05,96998,42501,550,28,2022-02-02,2.282252,3464.21,0.012941,0.00567,19.64,1517.89,6.873,0.778,True
CAMP100005,Twitter,Beauty,Brand Awareness,2022-01-06,76687,443289,2338,27,2022-02-02,0.172995,2840.26,0.005274,0.030488,86.59,16418.11,0.48,0.296,False
CAMP100006,TikTok,Tech,Seasonal Sale,2022-01-07,8878,116825,1027,17,2022-01-24,0.075994,522.24,0.008791,0.115679,60.41,6872.06,0.221,0.518,False
CAMP100007,TikTok,Gaming,Brand Awareness,2022-01-08,74092,644094,121,13,2022-01-21,0.115033,5699.38,0.000188,0.001633,9.31,49545.69,0.335,0.011,False
CAMP100008,Instagram,Travel,Event Promotion,2022-01-09,84035,66087,3405,14,2022-01-23,1.271581,6002.5,0.051523,0.040519,243.21,4720.5,3.83,3.096,True
CAMP100009,YouTube,Food,Event Promotion,2022-01-10,74906,258767,1149,1,2022-01-11,0.289473,74906.0,0.00444,0.015339,1149.0,258767.0,0.85,0.268,False
CAMP100010,Instagram,Tech,Event Promotion,2022-01-11,15117,926004,2657,18,2022-01-29,0.016325,839.83,0.002869,0.175762,147.61,51444.67,0.049,0.172,False
CAMP100011,Twitter,Fitness,Seasonal Sale,2022-01-12,87945,992541,2901,7,2022-01-19,0.088606,12563.57,0.002923,0.032987,414.43,141791.57,0.246,0.164,False
CAMP100012,YouTube,Travel,Product Launch,2022-01-13,59591,343970,1906,19,2022-02-01,0.173245,3136.37,0.005541,0.031985,100.32,18103.68,0.509,0.335,False
CAMP100013,TikTok,Fashion,Product Launch,2022-01-14,71678,696891,2935,9,2022-01-23,0.102854,7964.22,0.004212,0.040947,326.11,77432.33,0.299,0.248,False
CAMP100014,YouTube,Tech,Product Launch,2022-01-15,65588,420535,279,21,2022-02-05,0.155963,3123.24,0.000663,0.004254,13.29,20025.48,0.458,0.04,False
CAMP100015,Instagram,Tech,Seasonal Sale,2022-01-16,51368,905867,2297,23,2022-02-08,0.056706,2233.39,0.002536,0.044717,99.87,39385.52,0.171,0.152,False
CAMP100016,YouTube,Gaming,Brand Awareness,2022-01-17,14300,719281,3530,11,2022-01-28,0.019881,1300.0,0.004908,0.246853,320.91,65389.18,0.058,0.296,False
CAMP100017,Instagram,Fitness,Giveaway,2022-01-18,66262,130779,4080,25,2022-02-12,0.506672,2650.48,0.031198,0.061574,163.2,5231.16,1.526,1.874,True
CAMP100018,TikTok,Food,Brand Awareness,2022-01-19,5542,362628,1083,18,2022-02-06,0.015283,307.89,0.002987,0.195417,60.17,20146.0,0.044,0.176,False
CAMP100019,YouTube,Fashion,Product Launch,2022-01-20,94041,941739,881,26,2022-02-15,0.099859,3616.96,0.000936,0.009368,33.88,36220.73,0.293,0.057,False
CAMP100020,TikTok,Gaming,Brand Awareness,2022-01-21,65086,886509,2489,22,2022-02-12,0.073418,2958.45,0.002808,0.038242,113.14,40295.86,0.214,0.165,False
CAMP100021,Instagram,Travel,Product Launch,2022-01-22,62078,100019,2377,8,2022-01-30,0.620662,7759.75,0.023765,0.038291,297.12,12502.38,1.869,1.428,True
CAMP100022,Twitter,Gaming,Brand Awareness,2022-01-23,77601,596436,2704,6,2022-01-29,0.130108,12933.5,0.004534,0.034845,450.67,99406.0,0.361,0.254,False
CAMP100023,TikTok,Gaming,Seasonal Sale,2022-01-24,29510,183606,1242,22,2022-02-15,0.160725,1341.36,0.006764,0.042087,56.45,8345.73,0.468,0.398,False
CAMP100024,TikTok,Travel,Giveaway,2022-01-25,54251,745065,4573,20,2022-02-14,0.072814,2712.55,0.006138,0.084293,228.65,37253.25,0.212,0.362,False
CAMP100025,Instagram,Fitness,Product Launch,2022-01-26,42835,243034,18,19,2022-02-14,0.176251,2254.47,7.4e-05,0.00042,0.95,12791.26,0.531,0.004,False
CAMP100026,YouTube,Fitness,Seasonal Sale,2022-01-27,94908,818370,3006,10,2022-02-06,0.115972,9490.8,0.003673,0.031673,300.6,81837.0,0.341,0.222,False
CAMP100027,Instagram,Fitness,Product Launch,2022-01-28,64540,342198,2199,23,2022-02-20,0.188604,2806.09,0.006426,0.034072,95.61,14878.17,0.568,0.386,False
CAMP100028,Instagram,Tech,Product Launch,2022-01-29,42387,767627,3108,24,2022-02-22,0.055218,1766.12,0.004049,0.073324,129.5,31984.46,0.166,0.243,False
CAMP100029,YouTube,Fitness,Seasonal Sale,2022-01-30,78786,784142,178,10,2022-02-09,0.100474,7878.6,0.000227,0.002259,17.8,78414.2,0.295,0.014,False
CAMP100030,TikTok,Fashion,Seasonal Sale,2022-01-31,25884,377896,1177,10,2022-02-10,0.068495,2588.4,0.003115,0.045472,117.7,37789.6,0.199,0.184,False
CAMP100031,Twitter,Beauty,Brand Awareness,2022-02-01,67139,384668,2988,14,2022-02-15,0.174538,4795.64,0.007768,0.044505,213.43,27476.29,0.484,0.435,False
CAMP100032,Instagram,Gaming,Product Launch,2022-02-02,53051,742569,4786,27,2022-03-01,0.071443,1964.85,0.006445,0.090215,177.26,27502.56,0.215,0.387,False
CAMP100033,Instagram,Fitness,Event Promotion,2022-02-03,16152,533092,4390,17,2022-02-20,0.030299,950.12,0.008235,0.271793,258.24,31358.35,0.091,0.495,False
CAMP100034,YouTube,Beauty,Event Promotion,2022-02-04,56221,65176,2644,5,2022-02-09,0.862603,11244.2,0.040567,0.047029,528.8,13035.2,2.534,2.45,True
CAMP100035,Instagram,Travel,Giveaway,2022-02-05,51945,870753,2188,8,2022-02-13,0.059655,6493.12,0.002513,0.042121,273.5,108844.12,0.18,0.151,False
CAMP100036,Instagram,Fitness,Event Promotion,2022-02-06,91998,370665,1502,13,2022-02-19,0.248197,7076.77,0.004052,0.016326,115.54,28512.69,0.747,0.243,False
CAMP100037,YouTube,Fashion,Seasonal Sale,2022-02-07,95253,193054,994,7,2022-02-14,0.493401,13607.57,0.005149,0.010435,142.0,27579.14,1.449,0.311,True
CAMP100038,Instagram,Fashion,Giveaway,2022-02-08,18633,562636,4930,6,2022-02-14,0.033117,3105.5,0.008762,0.264584,821.67,93772.67,0.1,0.526,False
CAMP100039,YouTube,Gaming,Seasonal Sale,2022-02-09,11377,943036,3012,2,2022-02-11,0.012064,5688.5,0.003194,0.264745,1506.0,471518.0,0.035,0.193,False
CAMP100040,YouTube,Food,Giveaway,2022-02-10,70726,590195,1474,13,2022-02-23,0.119835,5440.46,0.002497,0.020841,113.38,45399.62,0.352,0.151,False
CAMP100041,TikTok,Gaming,Seasonal Sale,2022-02-11,56156,787107,3403,6,2022-02-17,0.071345,9359.33,0.004323,0.060599,567.17,131184.5,0.208,0.255,False
CAMP100042,TikTok,Beauty,Seasonal Sale,2022-02-12,45946,744577,244,19,2022-03-03,0.061708,2418.21,0.000328,0.005311,12.84,39188.26,0.18,0.019,False
CAMP100043,Instagram,Fitness,Giveaway,2022-02-13,76982,819061,3039,23,2022-03-08,0.093988,3347.04,0.00371,0.039477,132.13,35611.35,0.283,0.223,False
CAMP100044,TikTok,Fashion,Giveaway,2022-02-14,22508,729703,2746,23,2022-03-09,0.030845,978.61,0.003763,0.122001,119.39,31726.22,0.09,0.222,False
CAMP100045,TikTok,Fashion,Brand Awareness,2022-02-15,8010,545063,2024,14,2022-03-01,0.014696,572.14,0.003713,0.252684,144.57,38933.07,0.043,0.219,False
CAMP100046,Instagram,Beauty,Giveaway,2022-02-16,46553,590453,3497,23,2022-03-11,0.078843,2024.04,0.005923,0.075119,152.04,25671.87,0.237,0.356,False
CAMP100047,Instagram,Food,Brand Awareness,2022-02-17,55128,835097,1885,20,2022-03-09,0.066014,2756.4,0.002257,0.034193,94.25,41754.85,0.199,0.136,False
CAMP100048,YouTube,Fitness,Product Launch,2022-02-18,5209,610655,4501,23,2022-03-13,0.00853,226.48,0.007371,0.864081,195.7,26550.22,0.025,0.445,False
CAMP100049,Instagram,Fashion,Product Launch,2022-02-19,74484,901061,2887,15,2022-03-06,0.082663,4965.6,0.003204,0.03876,192.47,60070.73,0.249,0.192,False
CAMP100050,Instagram,Food,Giveaway,2022-02-20,79322,805572,4879,5,2022-02-25,0.098467,15864.4,0.006057,0.061509,975.8,161114.4,0.297,0.364,False
CAMP100051,Instagram,Food,Seasonal Sale,2022-02-21,68391,446138,1200,15,2022-03-08,0.153296,4559.4,0.00269,0.017546,80.0,29742.53,0.462,0.162,False
CAMP100052,TikTok,Tech,Brand Awareness,2022-02-22,92192,570185,4154,12,2022-03-06,0.161688,7682.67,0.007285,0.045058,346.17,47515.42,0.471,0.429,False
CAMP100053,YouTube,Gaming,Seasonal Sale,2022-02-23,37594,200808,191,10,2022-03-05,0.187214,3759.4,0.000951,0.005081,19.1,20080.8,0.55,0.057,False
CAMP100054,TikTok,Beauty,Giveaway,2022-02-24,47307,714802,1182,10,2022-03-06,0.066182,4730.7,0.001654,0.024986,118.2,71480.2,0.193,0.097,False
CAMP100055,TikTok,Tech,Event Promotion,2022-02-25,68348,293838,439,7,2022-03-04,0.232604,9764.0,0.001494,0.006423,62.71,41976.86,0.677,0.088,False
CAMP100056,YouTube,Gaming,Brand Awareness,2022-02-26,52889,456134,1740,3,2022-03-01,0.115951,17629.67,0.003815,0.032899,580.0,152044.67,0.341,0.23,False
CAMP100057,YouTube,Tech,Product Launch,2022-02-27,33777,85832,2230,14,2022-03-13,0.393525,2412.64,0.025981,0.066021,159.29,6130.86,1.156,1.569,False
CAMP100058,Instagram,Food,Event Promotion,2022-02-28,73657,510496,4732,17,2022-03-17,0.144285,4332.76,0.009269,0.064244,278.35,30029.18,0.435,0.557,False
CAMP100059,Instagram,Beauty,Seasonal Sale,2022-03-01,39557,773895,2235,10,2022-03-11,0.051114,3955.7,0.002888,0.056501,223.5,77389.5,0.154,0.174,False
CAMP100060,YouTube,Food,Product Launch,2022-03-02,90065,871443,1674,14,2022-03-16,0.103352,6433.21,0.001921,0.018587,119.57,62245.93,0.304,0.116,False
CAMP100061,YouTube,Fitness,Event Promotion,2022-03-03,16051,272426,3565,17,2022-03-20,0.058919,944.18,0.013086,0.222105,209.71,16025.06,0.173,0.79,False
CAMP100062,YouTube,Fitness,Giveaway,2022-03-04,58473,579913,3515,9,2022-03-13,0.100831,6497.0,0.006061,0.060113,390.56,64434.78,0.296,0.366,False
CAMP100063,TikTok,Food,Seasonal Sale,2022-03-05,35574,914958,1735,26,2022-03-31,0.03888,1368.23,0.001896,0.048772,66.73,35190.69,0.113,0.112,False
CAMP100064,YouTube,Food,Product Launch,2022-03-06,9817,54246,2163,25,2022-03-31,0.180972,392.68,0.039874,0.220332,86.52,2169.84,0.532,2.409,False
CAMP100065,YouTube,Tech,Brand Awareness,2022-03-07,25168,645095,4764,15,2022-03-22,0.039014,1677.87,0.007385,0.189288,317.6,43006.33,0.115,0.446,False
CAMP100066,YouTube,Fashion,Seasonal Sale,2022-03-08,35285,592582,941,14,2022-03-22,0.059545,2520.36,0.001588,0.026669,67.21,42327.29,0.175,0.096,False
CAMP100067,Instagram,Travel,Event Promotion,2022-03-09,20821,20266,2303,26,2022-04-04,1.027386,800.81,0.113639,0.110609,88.58,779.46,3.094,6.828,True
CAMP100068,Instagram,Beauty,Giveaway,2022-03-10,14954,694205,1416,8,2022-03-18,0.021541,1869.25,0.00204,0.09469,177.0,86775.62,0.065,0.123,False
CAMP100069,YouTube,Fashion,Brand Awareness,2022-03-11,13862,917266,632,10,2022-03-21,0.015112,1386.2,0.000689,0.045592,63.2,91726.6,0.044,0.042,False
CAMP100070,Instagram,Beauty,Giveaway,2022-03-12,60577,967742,4136,28,2022-04-09,0.062596,2163.46,0.004274,0.068277,147.71,34562.21,0.189,0.257,False
CAMP100071,YouTube,Tech,Event Promotion,2022-03-13,1283,253347,1321,24,2022-04-06,0.005064,53.46,0.005214,1.029618,55.04,10556.12,0.015,0.315,False
CAMP100072,TikTok,Beauty,Event Promotion,2022-03-14,81839,402126,3989,15,2022-03-29,0.203516,5455.93,0.00992,0.048742,265.93,26808.4,0.592,0.584,False
CAMP100073,Instagram,Beauty,Seasonal Sale,2022-03-15,59145,296370,3863,6,2022-03-21,0.199565,9857.5,0.013034,0.065314,643.83,49395.0,0.601,0.783,False
CAMP100074,Instagram,Gaming,Seasonal Sale,2022-03-16,58854,954193,4775,2,2022-03-18,0.061679,29427.0,0.005004,0.081133,2387.5,477096.5,0.186,0.301,False
CAMP100075,Instagram,Beauty,Seasonal Sale,2022-03-17,67907,20559,4249,24,2022-04-10,3.30303,2829.46,0.206673,0.062571,177.04,856.62,9.948,12.417,True
CAMP100076,Instagram,Tech,Giveaway,2022-03-18,546,706942,4983,4,2022-03-22,0.000772,136.5,0.007049,9.126374,1245.75,176735.5,0.002,0.424,False
CAMP100077,YouTube,Travel,Giveaway,2022-03-19,40307,99522,913,19,2022-04-07,0.405006,2121.42,0.009174,0.022651,48.05,5238.0,1.19,0.554,False
CAMP100078,YouTube,Food,Product Launch,2022-03-20,36062,514556,2687,7,2022-03-27,0.070084,5151.71,0.005222,0.074511,383.86,73508.0,0.206,0.315,False
CAMP100079,TikTok,Fashion,Giveaway,2022-03-21,83172,966560,632,3,2022-03-24,0.086049,27724.0,0.000654,0.007599,210.67,322186.67,0.25,0.039,False
CAMP100080,YouTube,Travel,Giveaway,2022-03-22,44128,862711,974,21,2022-04-12,0.05115,2101.33,0.001129,0.022072,46.38,41081.48,0.15,0.068,False
CAMP100081,YouTube,Food,Event Promotion,2022-03-23,35056,246712,3141,14,2022-04-06,0.142093,2504.0,0.012731,0.089599,224.36,17622.29,0.417,0.769,False
CAMP100082,TikTok,Gaming,Seasonal Sale,2022-03-24,62613,63546,588,26,2022-04-19,0.985318,2408.19,0.009253,0.009391,22.62,2444.08,2.867,0.545,True
CAMP100083,Instagram,Tech,Brand Awareness,2022-03-25,14424,765026,3459,26,2022-04-20,0.018854,554.77,0.004521,0.239809,133.04,29424.08,0.057,0.272,False
CAMP100084,Instagram,Beauty,Product Launch,2022-03-26,12046,271294,125,9,2022-04-04,0.044402,1338.44,0.000461,0.010377,13.89,30143.78,0.134,0.028,False
CAMP100085,Instagram,Tech,Product Launch,2022-03-27,80889,745299,3313,7,2022-04-03,0.108532,11555.57,0.004445,0.040957,473.29,106471.29,0.327,0.267,False
CAMP100086,TikTok,Gaming,Product Launch,2022-03-28,50173,124085,3188,26,2022-04-23,0.404344,1929.73,0.025692,0.06354,122.62,4772.5,1.177,1.514,False
CAMP100087,YouTube,Fashion,Seasonal Sale,2022-03-29,60999,373067,3862,18,2022-04-16,0.163507,3388.83,0.010352,0.063313,214.56,20725.94,0.48,0.625,False
CAMP100088,Instagram,Food,Product Launch,2022-03-30,22050,887799,3933,24,2022-04-23,0.024837,918.75,0.00443,0.178367,163.88,36991.62,0.075,0.266,False
CAMP100089,YouTube,Gaming,Product Launch,2022-03-31,21563,132334,4015,4,2022-04-04,0.162944,5390.75,0.03034,0.186199,1003.75,33083.5,0.479,1.833,False
CAMP100090,Instagram,Travel,Brand Awareness,2022-04-01,79681,683092,1737,11,2022-04-12,0.116648,7243.73,0.002543,0.021799,157.91,62099.27,0.351,0.153,False
CAMP100091,YouTube,Fitness,Giveaway,2022-04-02,96799,943218,4148,25,2022-04-27,0.102626,3871.96,0.004398,0.042852,165.92,37728.72,0.301,0.266,False
CAMP100092,YouTube,Tech,Event Promotion,2022-04-03,98154,262533,413,5,2022-04-08,0.373873,19630.8,0.001573,0.004208,82.6,52506.6,1.098,0.095,False
CAMP100093,Instagram,Tech,Brand Awareness,2022-04-04,79052,301115,86,23,2022-04-27,0.262531,3437.04,0.000286,0.001088,3.74,13091.96,0.791,0.017,False
CAMP100094,Instagram,Food,Seasonal Sale,2022-04-05,36067,542774,1810,16,2022-04-21,0.066449,2254.19,0.003335,0.050184,113.12,33923.38,0.2,0.2,False
CAMP100095,YouTube,Food,Seasonal Sale,2022-04-06,19670,299556,741,1,2022-04-07,0.065664,19670.0,0.002474,0.037672,741.0,299556.0,0.193,0.149,False
CAMP100096,Instagram,Food,Event Promotion,2022-04-07,73939,645587,3946,25,2022-05-02,0.11453,2957.56,0.006112,0.053368,157.84,25823.48,0.345,0.367,False
CAMP100097,Instagram,Travel,Giveaway,2022-04-08,732,396542,2299,1,2022-04-09,0.001846,732.0,0.005798,3.14071,2299.0,396542.0,0.006,0.348,False
CAMP100098,Instagram,Fashion,Brand Awareness,2022-04-09,35084,792744,3170,6,2022-04-15,0.044256,5847.33,0.003999,0.090355,528.33,132124.0,0.133,0.24,False
CAMP100099,Twitter,Beauty,Product Launch,2022-04-10,20282,842018,390,2,2022-04-12,0.024087,10141.0,0.000463,0.019229,195.0,421009.0,0.067,0.026,False
CAMP100100,Twitter,Travel,Brand Awareness,2022-04-11,20391,28608,4131,2,2022-04-13,0.712773,10195.5,0.1444,0.202589,2065.5,14304.0,1.977,8.093,True
CAMP100101,YouTube,Food,Event Promotion,2022-04-12,95236,677630,4290,15,2022-04-27,0.140543,6349.07,0.006331,0.045046,286.0,45175.33,0.413,0.382,False
CAMP100102,Instagram,Fashion,Brand Awareness,2022-04-13,3271,851811,226,5,2022-04-18,0.00384,654.2,0.000265,0.069092,45.2,170362.2,0.012,0.016,False
CAMP100103,Twitter,Fashion,Event Promotion,2022-04-14,9199,583288,2352,29,2022-05-13,0.015771,317.21,0.004032,0.25568,81.1,20113.38,0.044,0.226,False
CAMP100104,TikTok,Beauty,Seasonal Sale,2022-04-15,3274,408103,4454,29,2022-05-14,0.008022,112.9,0.010914,1.360415,153.59,14072.52,0.023,0.643,False
CAMP100105,TikTok,Gaming,Brand Awareness,2022-04-16,53947,507079,105,23,2022-05-09,0.106388,2345.52,0.000207,0.001946,4.57,22046.91,0.31,0.012,False
CAMP100106,YouTube,Food,Brand Awareness,2022-04-17,78470,301569,1084,15,2022-05-02,0.260206,5231.33,0.003595,0.013814,72.27,20104.6,0.764,0.217,False
CAMP100107,Instagram,Beauty,Product Launch,2022-04-18,5648,261544,256,18,2022-05-06,0.021595,313.78,0.000979,0.045326,14.22,14530.22,0.065,0.059,False
CAMP100108,Instagram,Food,Brand Awareness,2022-04-19,94160,398210,3156,23,2022-05-12,0.236458,4093.91,0.007925,0.033517,137.22,17313.48,0.712,0.476,False
CAMP100109,Twitter,Food,Brand Awareness,2022-04-20,96502,72882,891,22,2022-05-12,1.324086,4386.45,0.012225,0.009233,40.5,3312.82,3.672,0.685,True
CAMP100110,YouTube,Gaming,Seasonal Sale,2022-04-21,13046,738786,1193,3,2022-04-24,0.017659,4348.67,0.001615,0.091446,397.67,246262.0,0.052,0.098,False
CAMP100111,Instagram,Fashion,Giveaway,2022-04-22,22169,307019,4477,2,2022-04-24,0.072207,11084.5,0.014582,0.201949,2238.5,153509.5,0.217,0.876,False
CAMP100112,Instagram,Tech,Brand Awareness,2022-04-23,38884,642465,3860,3,2022-04-26,0.060523,12961.33,0.006008,0.09927,1286.67,214155.0,0.182,0.361,False
CAMP100113,YouTube,Travel,Product Launch,2022-04-24,26444,293480,978,22,2022-05-16,0.090105,1202.0,0.003332,0.036984,44.45,13340.0,0.265,0.201,False
CAMP100114,Instagram,Travel,Event Promotion,2022-04-25,77597,3432,4321,27,2022-05-22,22.609848,2873.96,1.259033,0.055685,160.04,127.11,68.093,75.643,True
CAMP100115,TikTok,Travel,Brand Awareness,2022-04-26,82376,749141,73,20,2022-05-16,0.109961,4118.8,9.7e-05,0.000886,3.65,37457.05,0.32,0.006,False
CAMP100116,TikTok,Tech,Brand Awareness,2022-04-27,76710,954399,3098,29,2022-05-26,0.080375,2645.17,0.003246,0.040386,106.83,32910.31,0.234,0.191,False
CAMP100117,TikTok,Fitness,Product Launch,2022-04-28,42809,225396,4877,3,2022-05-01,0.189928,14269.67,0.021637,0.113925,1625.67,75132.0,0.553,1.275,False
CAMP100118,YouTube,Food,Giveaway,2022-04-29,88590,21663,559,2,2022-05-01,4.089461,44295.0,0.025804,0.00631,279.5,10831.5,12.014,1.559,True
CAMP100119,YouTube,Fashion,Event Promotion,2022-04-30,6793,64476,3283,29,2022-05-29,0.105357,234.24,0.050918,0.483292,113.21,2223.31,0.31,3.076,False
CAMP100120,YouTube,Fitness,Seasonal Sale,2022-05-01,87175,178177,3371,16,2022-05-17,0.489261,5448.44,0.018919,0.038669,210.69,11136.06,1.437,1.143,True
CAMP100121,YouTube,Fitness,Seasonal Sale,2022-05-02,60722,838775,248,10,2022-05-12,0.072394,6072.2,0.000296,0.004084,24.8,83877.5,0.213,0.018,False
CAMP100122,Instagram,Travel,Event Promotion,2022-05-03,53738,723951,1855,22,2022-05-25,0.074229,2442.64,0.002562,0.034519,84.32,32906.86,0.224,0.154,False
CAMP100123,YouTube,Food,Event Promotion,2022-05-04,89356,956081,2373,27,2022-05-31,0.093461,3309.48,0.002482,0.026557,87.89,35410.41,0.275,0.15,False
CAMP100124,Instagram,Fitness,Giveaway,2022-05-05,99357,958664,607,28,2022-06-02,0.103641,3548.46,0.000633,0.006109,21.68,34238.0,0.312,0.038,False
CAMP100125,YouTube,Fashion,Brand Awareness,2022-05-06,32820,627719,1211,27,2022-06-02,0.052285,1215.56,0.001929,0.036898,44.85,23248.85,0.154,0.117,False
CAMP100126,Instagram,Travel,Product Launch,2022-05-07,52163,305713,4520,23,2022-05-30,0.170627,2267.96,0.014785,0.086651,196.52,13291.87,0.514,0.888,False
CAMP100127,Instagram,Beauty,Product Launch,2022-05-08,38333,156332,3394,8,2022-05-16,0.245203,4791.62,0.02171,0.08854,424.25,19541.5,0.738,1.304,False
CAMP100128,Instagram,Fitness,Brand Awareness,2022-05-09,20172,722186,923,23,2022-06-01,0.027932,877.04,0.001278,0.045756,40.13,31399.39,0.084,0.077,False
CAMP100129,YouTube,Fashion,Seasonal Sale,2022-05-10,29556,473989,3825,2,2022-05-12,0.062356,14778.0,0.00807,0.129415,1912.5,236994.5,0.183,0.487,False
CAMP100130,Instagram,Gaming,Giveaway,2022-05-11,79731,66162,4922,14,2022-05-25,1.205088,5695.07,0.074393,0.061733,351.57,4725.86,3.629,4.47,True
CAMP100131,Twitter,Food,Seasonal Sale,2022-05-12,80601,71798,1833,6,2022-05-18,1.122608,13433.5,0.02553,0.022742,305.5,11966.33,3.113,1.431,True
CAMP100132,YouTube,Food,Seasonal Sale,2022-05-13,72957,618852,1938,5,2022-05-18,0.117891,14591.4,0.003132,0.026564,387.6,123770.4,0.346,0.189,False
CAMP100133,Instagram,Fashion,Event Promotion,2022-05-14,47967,670002,1575,10,2022-05-24,0.071592,4796.7,0.002351,0.032835,157.5,67000.2,0.216,0.141,False
CAMP100134,YouTube,Food,Product Launch,2022-05-15,82189,220943,3501,3,2022-05-18,0.371992,27396.33,0.015846,0.042597,1167.0,73647.67,1.093,0.957,False
CAMP100135,Instagram,Gaming,Seasonal Sale,2022-05-16,54965,331179,4152,2,2022-05-18,0.165968,27482.5,0.012537,0.075539,2076.0,165589.5,0.5,0.753,False
CAMP100136,Twitter,Tech,Giveaway,2022-05-17,12342,120893,3250,22,2022-06-08,0.10209,561.0,0.026883,0.263328,147.73,5495.14,0.283,1.507,False
CAMP100137,YouTube,Fitness,Product Launch,2022-05-18,76631,926767,2678,27,2022-06-14,0.082686,2838.19,0.00289,0.034947,99.19,34324.7,0.243,0.175,False
CAMP100138,TikTok,Fitness,Event Promotion,2022-05-19,67121,124644,922,11,2022-05-30,0.538502,6101.91,0.007397,0.013736,83.82,11331.27,1.567,0.436,True
CAMP100139,Instagram,Travel,Giveaway,2022-05-20,33853,508137,1107,2,2022-05-22,0.066622,16926.5,0.002179,0.0327,553.5,254068.5,0.201,0.131,False
CAMP100140,YouTube,Food,Product Launch,2022-05-21,69473,521689,1858,14,2022-06-04,0.133169,4962.36,0.003562,0.026744,132.71,37263.5,0.391,0.215,False
CAMP100141,YouTube,Tech,Seasonal Sale,2022-05-22,47358,425137,4559,14,2022-06-05,0.111395,3382.71,0.010724,0.096267,325.64,30366.93,0.327,0.648,False
CAMP100142,Twitter,Fitness,Product Launch,2022-05-23,41519,605437,3526,13,2022-06-05,0.068577,3193.77,0.005824,0.084925,271.23,46572.08,0.19,0.326,False
CAMP100143,YouTube,Beauty,Giveaway,2022-05-24,32146,184608,3105,17,2022-06-10,0.174131,1890.94,0.016819,0.096591,182.65,10859.29,0.512,1.016,False
CAMP100144,YouTube,Fitness,Brand Awareness,2022-05-25,11672,976241,2650,12,2022-06-06,0.011956,972.67,0.002714,0.227039,220.83,81353.42,0.035,0.164,False
CAMP100145,Instagram,Gaming,Event Promotion,2022-05-26,60284,214132,4994,25,2022-06-20,0.281527,2411.36,0.023322,0.082841,199.76,8565.28,0.848,1.401,False
CAMP100146,Instagram,Food,Giveaway,2022-05-27,42016,736295,4074,14,2022-06-10,0.057064,3001.14,0.005533,0.096963,291.0,52592.5,0.172,0.332,False
CAMP100147,YouTube,Food,Event Promotion,2022-05-28,77632,294778,4533,12,2022-06-09,0.263358,6469.33,0.015378,0.058391,377.75,24564.83,0.774,0.929,False
CAMP100148,YouTube,Fashion,Brand Awareness,2022-05-29,26076,72827,2222,18,2022-06-16,0.358054,1448.67,0.030511,0.085212,123.44,4045.94,1.052,1.843,False
CAMP100149,Instagram,Food,Giveaway,2022-05-30,6682,7138,3132,24,2022-06-23,0.936117,278.42,0.438778,0.468722,130.5,297.42,2.819,26.362,True
CAMP100150,TikTok,Beauty,Product Launch,2022-05-31,76646,587474,4078,24,2022-06-24,0.130467,3193.58,0.006942,0.053206,169.92,24478.08,0.38,0.409,False
CAMP100151,TikTok,Fitness,Event Promotion,2022-06-01,25808,967446,1184,25,2022-06-26,0.026676,1032.32,0.001224,0.045877,47.36,38697.84,0.078,0.072,False
CAMP100152,Instagram,Fashion,Product Launch,2022-06-02,83880,669320,568,9,2022-06-11,0.125321,9320.0,0.000849,0.006772,63.11,74368.89,0.377,0.051,False
CAMP100153,YouTube,Fashion,Giveaway,2022-06-03,50680,668727,405,8,2022-06-11,0.075786,6335.0,0.000606,0.007991,50.62,83590.88,0.223,0.037,False
CAMP100154,Instagram,Fitness,Giveaway,2022-06-04,78141,221022,4071,25,2022-06-29,0.353544,3125.64,0.018419,0.052098,162.84,8840.88,1.065,1.107,False
CAMP100155,YouTube,Food,Seasonal Sale,2022-06-05,11406,605139,2970,21,2022-06-26,0.018849,543.14,0.004908,0.260389,141.43,28816.14,0.055,0.296,False
CAMP100156,Instagram,Travel,Event Promotion,2022-06-06,81723,37180,4812,26,2022-07-02,2.198037,3143.19,0.129424,0.058882,185.08,1430.0,6.62,7.776,True
CAMP100157,YouTube,Food,Product Launch,2022-06-07,81229,27419,4989,24,2022-07-01,2.962508,3384.54,0.181954,0.061419,207.88,1142.46,8.703,10.991,True
CAMP100158,TikTok,Travel,Brand Awareness,2022-06-08,46995,170162,844,21,2022-06-29,0.276178,2237.86,0.00496,0.017959,40.19,8102.95,0.804,0.292,False
CAMP100159,TikTok,Gaming,Giveaway,2022-06-09,19889,558826,2104,15,2022-06-24,0.035591,1325.93,0.003765,0.105787,140.27,37255.07,0.104,0.222,False
CAMP100160,Instagram,Tech,Product Launch,2022-06-10,87601,66153,2917,8,2022-06-18,1.324218,10950.12,0.044095,0.033299,364.62,8269.12,3.988,2.649,True
CAMP100161,Twitter,Fitness,Seasonal Sale,2022-06-11,9299,854551,3738,14,2022-06-25,0.010882,664.21,0.004374,0.401979,267.0,61039.36,0.03,0.245,False
CAMP100162,Instagram,Fashion,Seasonal Sale,2022-06-12,27628,906738,4217,28,2022-07-10,0.03047,986.71,0.004651,0.152635,150.61,32383.5,0.092,0.279,False
CAMP100163,Instagram,Travel,Brand Awareness,2022-06-13,25558,382324,4647,23,2022-07-06,0.066849,1111.22,0.012155,0.181822,202.04,16622.78,0.201,0.73,False
CAMP100164,YouTube,Beauty,Product Launch,2022-06-14,1253,691130,3796,29,2022-07-13,0.001813,43.21,0.005492,3.029529,130.9,23832.07,0.005,0.332,False
CAMP100165,Instagram,Travel,Brand Awareness,2022-06-15,82098,185352,4941,10,2022-06-25,0.44293,8209.8,0.026657,0.060184,494.1,18535.2,1.334,1.602,True
CAMP100166,TikTok,Fitness,Giveaway,2022-06-16,61530,444357,290,18,2022-07-04,0.13847,3418.33,0.000653,0.004713,16.11,24686.5,0.403,0.038,False
CAMP100167,TikTok,Fitness,Giveaway,2022-06-17,75971,819661,1655,9,2022-06-26,0.092686,8441.22,0.002019,0.021785,183.89,91073.44,0.27,0.119,False
CAMP100168,Instagram,Food,Giveaway,2022-06-18,34487,614203,4115,26,2022-07-14,0.056149,1326.42,0.0067,0.11932,158.27,23623.19,0.169,0.403,False
CAMP100169,Twitter,Gaming,Product Launch,2022-06-19,62164,465628,480,16,2022-07-05,0.133506,3885.25,0.001031,0.007722,30.0,29101.75,0.37,0.058,False
CAMP100170,Instagram,Fitness,Event Promotion,2022-06-20,8820,55149,2671,14,2022-07-04,0.15993,630.0,0.048432,0.302834,190.79,3939.21,0.482,2.91,False
CAMP100171,YouTube,Gaming,Seasonal Sale,2022-06-21,92560,254593,1218,24,2022-07-15,0.363561,3856.67,0.004784,0.013159,50.75,10608.04,1.068,0.289,False
CAMP100172,Instagram,Food,Event Promotion,2022-06-22,47635,35767,3369,2,2022-06-24,1.331814,23817.5,0.094193,0.070725,1684.5,17883.5,4.011,5.659,True
CAMP100173,Twitter,Tech,Brand Awareness,2022-06-23,6604,218881,3240,9,2022-07-02,0.030172,733.78,0.014803,0.490612,360.0,24320.11,0.084,0.83,False
CAMP100174,Instagram,Tech,Event Promotion,2022-06-24,56529,600073,647,10,2022-07-04,0.094204,5652.9,0.001078,0.011445,64.7,60007.3,0.284,0.065,False
CAMP100175,Instagram,Fitness,Product Launch,2022-06-25,30556,847073,354,26,2022-07-21,0.036072,1175.23,0.000418,0.011585,13.62,32579.73,0.109,0.025,False
CAMP100176,YouTube,Gaming,Giveaway,2022-06-26,78424,787561,2763,7,2022-07-03,0.099578,11203.43,0.003508,0.035232,394.71,112508.71,0.293,0.212,False
CAMP100177,Twitter,Food,Event Promotion,2022-06-27,24777,733699,530,19,2022-07-16,0.03377,1304.05,0.000722,0.021391,27.89,38615.74,0.094,0.04,False
CAMP100178,TikTok,Gaming,Event Promotion,2022-06-28,78232,767977,4419,23,2022-07-21,0.101868,3401.39,0.005754,0.056486,192.13,33390.3,0.296,0.339,False
CAMP100179,TikTok,Gaming,Giveaway,2022-06-29,95296,990787,3853,4,2022-07-03,0.096182,23824.0,0.003889,0.040432,963.25,247696.75,0.28,0.229,False
CAMP100180,TikTok,Food,Product Launch,2022-06-30,82532,366404,3760,4,2022-07-04,0.225249,20633.0,0.010262,0.045558,940.0,91601.0,0.656,0.605,False
CAMP100181,TikTok,Travel,Brand Awareness,2022-07-01,52056,775667,258,18,2022-07-19,0.067111,2892.0,0.000333,0.004956,14.33,43092.61,0.195,0.02,False
CAMP100182,YouTube,Fitness,Brand Awareness,2022-07-02,22279,437966,2212,3,2022-07-05,0.050869,7426.33,0.005051,0.099286,737.33,145988.67,0.149,0.305,False
CAMP100183,Instagram,Travel,Product Launch,2022-07-03,32086,270006,209,7,2022-07-10,0.118834,4583.71,0.000774,0.006514,29.86,38572.29,0.358,0.047,False
CAMP100184,TikTok,Gaming,Product Launch,2022-07-04,75917,230305,764,12,2022-07-16,0.329637,6326.42,0.003317,0.010064,63.67,19192.08,0.959,0.195,False
CAMP100185,YouTube,Fitness,Brand Awareness,2022-07-05,10250,753987,1999,15,2022-07-20,0.013594,683.33,0.002651,0.195024,133.27,50265.8,0.04,0.16,False
CAMP100186,Instagram,Fitness,Giveaway,2022-07-06,69109,555703,3652,9,2022-07-15,0.124363,7678.78,0.006572,0.052844,405.78,61744.78,0.375,0.395,False
CAMP100187,Instagram,Gaming,Giveaway,2022-07-07,48510,716487,230,2,2022-07-09,0.067705,24255.0,0.000321,0.004741,115.0,358243.5,0.204,0.019,False
CAMP100188,TikTok,Fitness,Product Launch,2022-07-08,13599,146277,4280,13,2022-07-21,0.092967,1046.08,0.02926,0.314729,329.23,11252.08,0.271,1.724,False
CAMP100189,Instagram,Travel,Brand Awareness,2022-07-09,62433,622157,4450,12,2022-07-21,0.100349,5202.75,0.007153,0.071276,370.83,51846.42,0.302,0.43,False
CAMP100190,Twitter,Fashion,Event Promotion,2022-07-10,34275,547688,4438,9,2022-07-19,0.062581,3808.33,0.008103,0.129482,493.11,60854.22,0.174,0.454,False
CAMP100191,Instagram,Travel,Giveaway,2022-07-11,63346,517968,4928,20,2022-07-31,0.122297,3167.3,0.009514,0.077795,246.4,25898.4,0.368,0.572,False
CAMP100192,Instagram,Beauty,Giveaway,2022-07-12,68695,223052,4613,16,2022-07-28,0.307978,4293.44,0.020681,0.067152,288.31,13940.75,0.928,1.243,False
CAMP100193,TikTok,Beauty,Seasonal Sale,2022-07-13,88981,976804,96,8,2022-07-21,0.091094,11122.62,9.8e-05,0.001079,12.0,122100.5,0.265,0.006,False
CAMP100194,Instagram,Beauty,Product Launch,2022-07-14,54285,201623,1317,28,2022-08-11,0.26924,1938.75,0.006532,0.024261,47.04,7200.82,0.811,0.392,False
CAMP100195,Instagram,Fitness,Giveaway,2022-07-15,18041,154470,149,22,2022-08-06,0.116793,820.05,0.000965,0.008259,6.77,7021.36,0.352,0.058,False
CAMP100196,YouTube,Fitness,Seasonal Sale,2022-07-16,96145,397284,3036,23,2022-08-08,0.242006,4180.22,0.007642,0.031577,132.0,17273.22,0.711,0.462,False
CAMP100197,TikTok,Travel,Event Promotion,2022-07-17,6927,489774,3374,24,2022-08-10,0.014143,288.62,0.006889,0.48708,140.58,20407.25,0.041,0.406,False
CAMP100198,Instagram,Gaming,Product Launch,2022-07-18,62545,794680,103,8,2022-07-26,0.078705,7818.12,0.00013,0.001647,12.88,99335.0,0.237,0.008,False
CAMP100199,Instagram,Travel,Giveaway,2022-07-19,48106,783710,1981,6,2022-07-25,0.061382,8017.67,0.002528,0.04118,330.17,130618.33,0.185,0.152,False
CAMP100200,TikTok,Fashion,Giveaway,2022-07-20,5992,453153,2475,2,2022-07-22,0.013223,2996.0,0.005462,0.413051,1237.5,226576.5,0.038,0.322,False
CAMP100201,Twitter,Travel,Seasonal Sale,2022-07-21,94388,279693,4094,21,2022-08-11,0.33747,4494.67,0.014637,0.043374,194.95,13318.71,0.936,0.82,False
CAMP100202,YouTube,Food,Product Launch,2022-07-22,89711,149206,2865,3,2022-07-25,0.601256,29903.67,0.019202,0.031936,955.0,49735.33,1.766,1.16,True
CAMP100203,Instagram,Gaming,Event Promotion,2022-07-23,82752,556106,4653,17,2022-08-09,0.148806,4867.76,0.008367,0.056228,273.71,32712.12,0.448,0.503,False
CAMP100204,Instagram,Food,Product Launch,2022-07-24,62376,933053,1495,7,2022-07-31,0.066852,8910.86,0.001602,0.023968,213.57,133293.29,0.201,0.096,False
CAMP100205,Instagram,Beauty,Event Promotion,2022-07-25,38880,209435,1344,12,2022-08-06,0.185642,3240.0,0.006417,0.034568,112.0,17452.92,0.559,0.386,False
CAMP100206,Instagram,Gaming,Product Launch,2022-07-26,41618,543745,1439,20,2022-08-15,0.07654,2080.9,0.002646,0.034576,71.95,27187.25,0.231,0.159,False
CAMP100207,YouTube,Food,Giveaway,2022-07-27,89985,396847,2696,28,2022-08-24,0.22675,3213.75,0.006794,0.029961,96.29,14173.11,0.666,0.41,False
CAMP100208,Instagram,Fitness,Giveaway,2022-07-28,67202,922211,394,3,2022-07-31,0.072871,22400.67,0.000427,0.005863,131.33,307403.67,0.219,0.026,False
CAMP100209,YouTube,Beauty,Seasonal Sale,2022-07-29,18932,419983,920,10,2022-08-08,0.045078,1893.2,0.002191,0.048595,92.0,41998.3,0.132,0.132,False
CAMP100210,YouTube,Fashion,Seasonal Sale,2022-07-30,59155,218379,4827,18,2022-08-17,0.270882,3286.39,0.022104,0.081599,268.17,12132.17,0.796,1.335,False
CAMP100211,YouTube,Fitness,Product Launch,2022-07-31,1302,852761,4261,22,2022-08-22,0.001527,59.18,0.004997,3.272657,193.68,38761.86,0.004,0.302,False
CAMP100212,Instagram,Tech,Giveaway,2022-08-01,36567,579301,4015,26,2022-08-27,0.063123,1406.42,0.006931,0.109798,154.42,22280.81,0.19,0.416,False
CAMP100213,TikTok,Beauty,Seasonal Sale,2022-08-02,57100,897543,3647,3,2022-08-05,0.063618,19033.33,0.004063,0.06387,1215.67,299181.0,0.185,0.239,False
CAMP100214,TikTok,Beauty,Event Promotion,2022-08-03,7343,4028,3548,16,2022-08-19,1.822989,458.94,0.880834,0.483181,221.75,251.75,5.305,51.893,True
CAMP100215,TikTok,Gaming,Seasonal Sale,2022-08-04,82229,214396,2886,25,2022-08-29,0.383538,3289.16,0.013461,0.035097,115.44,8575.84,1.116,0.793,False
CAMP100216,Instagram,Tech,Seasonal Sale,2022-08-05,26920,659085,4329,6,2022-08-11,0.040845,4486.67,0.006568,0.16081,721.5,109847.5,0.123,0.395,False
CAMP100217,Instagram,Fitness,Giveaway,2022-08-06,95189,11130,2781,23,2022-08-29,8.552471,4138.65,0.249865,0.029216,120.91,483.91,25.757,15.012,True
CAMP100218,Twitter,Fitness,Brand Awareness,2022-08-07,28343,949727,3902,6,2022-08-13,0.029843,4723.83,0.004109,0.137671,650.33,158287.83,0.083,0.23,False
CAMP100219,Instagram,Fashion,Seasonal Sale,2022-08-08,34437,174209,55,25,2022-09-02,0.197676,1377.48,0.000316,0.001597,2.2,6968.36,0.595,0.019,False
CAMP100220,Instagram,Beauty,Giveaway,2022-08-09,32496,638695,2391,24,2022-09-02,0.050879,1354.0,0.003744,0.073578,99.62,26612.29,0.153,0.225,False
CAMP100221,YouTube,Food,Seasonal Sale,2022-08-10,48668,426043,4476,4,2022-08-14,0.114233,12167.0,0.010506,0.09197,1119.0,106510.75,0.336,0.635,False
CAMP100222,YouTube,Beauty,Giveaway,2022-08-11,75068,830663,4820,17,2022-08-28,0.090371,4415.76,0.005803,0.064208,283.53,48862.53,0.265,0.351,False
CAMP100223,Twitter,Beauty,Giveaway,2022-08-12,15947,732898,961,16,2022-08-28,0.021759,996.69,0.001311,0.060262,60.06,45806.12,0.06,0.073,False
CAMP100224,Instagram,Travel,Giveaway,2022-08-13,78701,221189,2648,18,2022-08-31,0.355809,4372.28,0.011972,0.033646,147.11,12288.28,1.072,0.719,False
CAMP100225,Twitter,Fashion,Product Launch,2022-08-14,6980,836224,1965,24,2022-09-07,0.008347,290.83,0.00235,0.281519,81.88,34842.67,0.023,0.132,False
CAMP100226,Instagram,Beauty,Product Launch,2022-08-15,4518,881345,2310,7,2022-08-22,0.005126,645.43,0.002621,0.511288,330.0,125906.43,0.015,0.157,False
CAMP100227,YouTube,Beauty,Event Promotion,2022-08-16,19161,196950,942,6,2022-08-22,0.097289,3193.5,0.004783,0.049162,157.0,32825.0,0.286,0.289,False
CAMP100228,YouTube,Travel,Brand Awareness,2022-08-17,61563,702309,109,26,2022-09-12,0.087658,2367.81,0.000155,0.001771,4.19,27011.88,0.258,0.009,False
CAMP100229,Instagram,Fitness,Brand Awareness,2022-08-18,96938,792099,3003,21,2022-09-08,0.122381,4616.1,0.003791,0.030979,143.0,37719.0,0.369,0.228,False
CAMP100230,Instagram,Tech,Brand Awareness,2022-08-19,9543,907757,2349,17,2022-09-05,0.010513,561.35,0.002588,0.246149,138.18,53397.47,0.032,0.155,False
CAMP100231,YouTube,Beauty,Event Promotion,2022-08-20,4240,471330,839,1,2022-08-21,0.008996,4240.0,0.00178,0.197877,839.0,471330.0,0.026,0.108,False
CAMP100232,Twitter,Food,Brand Awareness,2022-08-21,24557,121433,2265,7,2022-08-28,0.202227,3508.14,0.018652,0.092234,323.57,17347.57,0.561,1.045,False
CAMP100233,YouTube,Beauty,Product Launch,2022-08-22,33413,79106,3217,26,2022-09-17,0.422383,1285.12,0.040667,0.09628,123.73,3042.54,1.241,2.456,False
CAMP100234,Twitter,Fitness,Seasonal Sale,2022-08-23,95021,679646,433,6,2022-08-29,0.13981,15836.83,0.000637,0.004557,72.17,113274.33,0.388,0.036,False
CAMP100235,TikTok,Travel,Giveaway,2022-08-24,45545,613987,2410,27,2022-09-20,0.074179,1686.85,0.003925,0.052915,89.26,22740.26,0.216,0.231,False
CAMP100236,YouTube,Gaming,Event Promotion,2022-08-25,38530,113172,2946,10,2022-09-04,0.340455,3853.0,0.026031,0.07646,294.6,11317.2,1.0,1.572,False
CAMP100237,TikTok,Fitness,Brand Awareness,2022-08-26,18582,154314,697,12,2022-09-07,0.120417,1548.5,0.004517,0.037509,58.08,12859.5,0.35,0.266,False
CAMP100238,Instagram,Tech,Brand Awareness,2022-08-27,92770,113163,67,13,2022-09-09,0.819791,7136.15,0.000592,0.000722,5.15,8704.85,2.469,0.036,True
CAMP100239,Instagram,Fashion,Brand Awareness,2022-08-28,93064,862422,3473,21,2022-09-18,0.10791,4431.62,0.004027,0.037318,165.38,41067.71,0.325,0.242,False
CAMP100240,TikTok,Food,Event Promotion,2022-08-29,78867,186665,4745,1,2022-08-30,0.422506,78867.0,0.02542,0.060165,4745.0,186665.0,1.23,1.498,False
CAMP100241,TikTok,Gaming,Product Launch,2022-08-30,76464,314841,3831,20,2022-09-19,0.242865,3823.2,0.012168,0.050102,191.55,15742.05,0.707,0.717,False
CAMP100242,Instagram,Fashion,Product Launch,2022-08-31,85886,917036,2883,20,2022-09-20,0.093656,4294.3,0.003144,0.033568,144.15,45851.8,0.282,0.189,False
CAMP100243,YouTube,Fitness,Event Promotion,2022-09-01,46330,467935,1213,13,2022-09-14,0.099009,3563.85,0.002592,0.026182,93.31,35995.0,0.291,0.157,False
CAMP100244,YouTube,Tech,Seasonal Sale,2022-09-02,40502,884245,2356,24,2022-09-26,0.045804,1687.58,0.002664,0.05817,98.17,36843.54,0.135,0.161,False
CAMP100245,TikTok,Food,Brand Awareness,2022-09-03,191,197238,629,5,2022-09-08,0.000968,38.2,0.003189,3.293194,125.8,39447.6,0.003,0.188,False
CAMP100246,YouTube,Travel,Brand Awareness,2022-09-04,94677,758960,1472,19,2022-09-23,0.124746,4983.0,0.001939,0.015548,77.47,39945.26,0.366,0.117,False
CAMP100247,YouTube,Food,Product Launch,2022-09-05,68777,247452,2629,7,2022-09-12,0.277941,9825.29,0.010624,0.038225,375.57,35350.29,0.817,0.642,False
CAMP100248,Instagram,Tech,Seasonal Sale,2022-09-06,13547,622216,4450,1,2022-09-07,0.021772,13547.0,0.007152,0.328486,4450.0,622216.0,0.066,0.43,False
CAMP100249,YouTube,Beauty,Brand Awareness,2022-09-07,5466,203718,1140,10,2022-09-17,0.026831,546.6,0.005596,0.208562,114.0,20371.8,0.079,0.338,False
CAMP100250,YouTube,Travel,Brand Awareness,2022-09-08,49946,721736,3766,22,2022-09-30,0.069203,2270.27,0.005218,0.075401,171.18,32806.18,0.203,0.315,False
CAMP100251,TikTok,Food,Brand Awareness,2022-09-09,35919,483840,92,7,2022-09-16,0.074237,5131.29,0.00019,0.002561,13.14,69120.0,0.216,0.011,False
CAMP100252,YouTube,Beauty,Product Launch,2022-09-10,61711,878166,4716,6,2022-09-16,0.070273,10285.17,0.00537,0.076421,786.0,146361.0,0.206,0.324,False
CAMP100253,Instagram,Travel,Seasonal Sale,2022-09-11,35034,772087,3334,2,2022-09-13,0.045376,17517.0,0.004318,0.095165,1667.0,386043.5,0.137,0.259,False
CAMP100254,Instagram,Fashion,Brand Awareness,2022-09-12,41915,539331,1928,15,2022-09-27,0.077717,2794.33,0.003575,0.045998,128.53,35955.4,0.234,0.215,False
CAMP100255,TikTok,Travel,Brand Awareness,2022-09-13,72041,446014,4934,17,2022-09-30,0.161522,4237.71,0.011062,0.068489,290.24,26236.12,0.47,0.652,False
CAMP100256,TikTok,Travel,Seasonal Sale,2022-09-14,57747,517697,3517,29,2022-10-13,0.111546,1991.28,0.006794,0.060904,121.28,17851.62,0.325,0.4,False
CAMP100257,Instagram,Gaming,Event Promotion,2022-09-15,13732,95555,4106,12,2022-09-27,0.143708,1144.33,0.04297,0.29901,342.17,7962.92,0.433,2.582,False
CAMP100258,Instagram,Travel,Seasonal Sale,2022-09-16,40531,939775,408,27,2022-10-13,0.043128,1501.15,0.000434,0.010066,15.11,34806.48,0.13,0.026,False
CAMP100259,YouTube,Travel,Product Launch,2022-09-17,90828,381955,1474,6,2022-09-23,0.237798,15138.0,0.003859,0.016228,245.67,63659.17,0.699,0.233,False
CAMP100260,Instagram,Gaming,Event Promotion,2022-09-18,23335,116757,2532,10,2022-09-28,0.19986,2333.5,0.021686,0.108507,253.2,11675.7,0.602,1.303,False
CAMP100261,TikTok,Tech,Brand Awareness,2022-09-19,47791,215462,3474,3,2022-09-22,0.221807,15930.33,0.016123,0.072692,1158.0,71820.67,0.645,0.95,False
CAMP100262,Instagram,Fitness,Seasonal Sale,2022-09-20,6054,974255,2372,17,2022-10-07,0.006214,356.12,0.002435,0.391807,139.53,57309.12,0.019,0.146,False
CAMP100263,Instagram,Tech,Brand Awareness,2022-09-21,39928,200883,1485,17,2022-10-08,0.198762,2348.71,0.007392,0.037192,87.35,11816.65,0.599,0.444,False
CAMP100264,Twitter,Fitness,Product Launch,2022-09-22,6605,116332,4646,2,2022-09-24,0.056777,3302.5,0.039937,0.703407,2323.0,58166.0,0.157,2.238,False
CAMP100265,Instagram,Tech,Product Launch,2022-09-23,12032,9581,427,20,2022-10-13,1.255819,601.6,0.044567,0.035489,21.35,479.05,3.782,2.678,True
CAMP100266,Instagram,Beauty,Product Launch,2022-09-24,18373,239106,2873,18,2022-10-12,0.07684,1020.72,0.012016,0.156371,159.61,13283.67,0.231,0.722,False
CAMP100267,Instagram,Gaming,Brand Awareness,2022-09-25,84425,986392,4107,17,2022-10-12,0.08559,4966.18,0.004164,0.048647,241.59,58023.06,0.258,0.25,False
CAMP100268,Instagram,Beauty,Event Promotion,2022-09-26,86451,701091,1310,28,2022-10-24,0.123309,3087.54,0.001869,0.015153,46.79,25038.96,0.371,0.112,False
CAMP100269,Instagram,Food,Product Launch,2022-09-27,50461,471815,650,20,2022-10-17,0.106951,2523.05,0.001378,0.012881,32.5,23590.75,0.322,0.083,False
CAMP100270,Instagram,Travel,Event Promotion,2022-09-28,20275,422813,4622,19,2022-10-17,0.047953,1067.11,0.010932,0.227965,243.26,22253.32,0.144,0.657,False
CAMP100271,Instagram,Travel,Product Launch,2022-09-29,43738,806430,4982,29,2022-10-28,0.054237,1508.21,0.006178,0.113906,171.79,27807.93,0.163,0.371,False
CAMP100272,Instagram,Travel,Event Promotion,2022-09-30,27206,426648,2540,28,2022-10-28,0.063767,971.64,0.005953,0.093362,90.71,15237.43,0.192,0.358,False
CAMP100273,YouTube,Gaming,Product Launch,2022-10-01,19146,799449,1138,23,2022-10-24,0.023949,832.43,0.001423,0.059438,49.48,34758.65,0.07,0.086,False
CAMP100274,YouTube,Fitness,Product Launch,2022-10-02,87235,901370,2181,28,2022-10-30,0.09678,3115.54,0.00242,0.025001,77.89,32191.79,0.284,0.146,False
CAMP100275,Instagram,Fashion,Giveaway,2022-10-03,61675,598723,1405,17,2022-10-20,0.103011,3627.94,0.002347,0.022781,82.65,35219.0,0.31,0.141,False
CAMP100276,Instagram,Fashion,Product Launch,2022-10-04,36425,695150,454,28,2022-11-01,0.052399,1300.89,0.000653,0.012464,16.21,24826.79,0.158,0.039,False
CAMP100277,YouTube,Food,Product Launch,2022-10-05,54787,595581,3687,25,2022-10-30,0.091989,2191.48,0.006191,0.067297,147.48,23823.24,0.27,0.374,False
CAMP100278,TikTok,Beauty,Product Launch,2022-10-06,98733,732621,3242,18,2022-10-24,0.134767,5485.17,0.004425,0.032836,180.11,40701.17,0.392,0.261,False
CAMP100279,TikTok,Tech,Giveaway,2022-10-07,81201,603306,3876,19,2022-10-26,0.134593,4273.74,0.006425,0.047733,204.0,31752.95,0.392,0.379,False
CAMP100280,Instagram,Fitness,Seasonal Sale,2022-10-08,71176,423793,3049,16,2022-10-24,0.16795,4448.5,0.007195,0.042837,190.56,26487.06,0.506,0.432,False
CAMP100281,Instagram,Gaming,Event Promotion,2022-10-09,66479,614320,2899,21,2022-10-30,0.108216,3165.67,0.004719,0.043608,138.05,29253.33,0.326,0.284,False
CAMP100282,Instagram,Gaming,Event Promotion,2022-10-10,27668,835501,3288,10,2022-10-20,0.033115,2766.8,0.003935,0.118838,328.8,83550.1,0.1,0.236,False
CAMP100283,Instagram,Travel,Product Launch,2022-10-11,91272,904797,2830,2,2022-10-13,0.100876,45636.0,0.003128,0.031006,1415.0,452398.5,0.304,0.188,False
CAMP100284,YouTube,Fashion,Event Promotion,2022-10-12,69439,394871,3928,20,2022-11-01,0.175852,3471.95,0.009948,0.056568,196.4,19743.55,0.517,0.601,False
CAMP100285,YouTube,Gaming,Giveaway,2022-10-13,32505,46549,2697,10,2022-10-23,0.698296,3250.5,0.057939,0.082972,269.7,4654.9,2.051,3.5,True
CAMP100286,Instagram,Travel,Giveaway,2022-10-14,59552,171915,2503,19,2022-11-02,0.346404,3134.32,0.01456,0.04203,131.74,9048.16,1.043,0.875,False
CAMP100287,Instagram,Beauty,Seasonal Sale,2022-10-15,5049,261895,1645,12,2022-10-27,0.019279,420.75,0.006281,0.325807,137.08,21824.58,0.058,0.377,False
CAMP100288,YouTube,Beauty,Brand Awareness,2022-10-16,15643,473703,2497,14,2022-10-30,0.033023,1117.36,0.005271,0.159624,178.36,33835.93,0.097,0.318,False
CAMP100289,Instagram,Fitness,Product Launch,2022-10-17,9506,627382,3930,3,2022-10-20,0.015152,3168.67,0.006264,0.413423,1310.0,209127.33,0.046,0.376,False
CAMP100290,TikTok,Tech,Brand Awareness,2022-10-18,1343,802367,3285,13,2022-10-31,0.001674,103.31,0.004094,2.446016,252.69,61720.54,0.005,0.241,False
CAMP100291,Instagram,Fashion,Brand Awareness,2022-10-19,79486,361704,2359,24,2022-11-12,0.219754,3311.92,0.006522,0.029678,98.29,15071.0,0.662,0.392,False
CAMP100292,Twitter,Gaming,Event Promotion,2022-10-20,92306,332075,2499,24,2022-11-13,0.277967,3846.08,0.007525,0.027073,104.12,13836.46,0.771,0.422,False
CAMP100293,Instagram,Food,Product Launch,2022-10-21,16549,339629,2989,26,2022-11-16,0.048727,636.5,0.008801,0.180615,114.96,13062.65,0.147,0.529,False
CAMP100294,TikTok,Travel,Event Promotion,2022-10-22,24361,56446,2738,4,2022-10-26,0.431581,6090.25,0.048507,0.112393,684.5,14111.5,1.256,2.858,True
CAMP100295,Twitter,Fashion,Seasonal Sale,2022-10-23,46415,94481,2322,5,2022-10-28,0.491263,9283.0,0.024576,0.050027,464.4,18896.2,1.362,1.377,True
CAMP100296,Twitter,Food,Product Launch,2022-10-24,48460,151110,3821,2,2022-10-26,0.320694,24230.0,0.025286,0.078849,1910.5,75555.0,0.889,1.417,False
CAMP100297,TikTok,Travel,Product Launch,2022-10-25,88524,179676,2608,16,2022-11-10,0.492687,5532.75,0.014515,0.029461,163.0,11229.75,1.434,0.855,True
CAMP100298,TikTok,Travel,Event Promotion,2022-10-26,38409,795450,879,11,2022-11-06,0.048286,3491.73,0.001105,0.022885,79.91,72313.64,0.141,0.065,False
CAMP100299,YouTube,Beauty,Seasonal Sale,2022-10-27,83705,176491,3356,4,2022-10-31,0.474273,20926.25,0.019015,0.040093,839.0,44122.75,1.393,1.149,True
CAMP100300,TikTok,Fashion,Brand Awareness,2022-10-28,50730,967433,595,9,2022-11-06,0.052438,5636.67,0.000615,0.011729,66.11,107492.56,0.153,0.036,False
CAMP100301,Instagram,Fashion,Brand Awareness,2022-10-29,85762,520538,1089,24,2022-11-22,0.164756,3573.42,0.002092,0.012698,45.38,21689.08,0.496,0.126,False
CAMP100302,YouTube,Tech,Event Promotion,2022-10-30,81930,429459,3373,17,2022-11-16,0.190775,4819.41,0.007854,0.041169,198.41,25262.29,0.56,0.474,False
CAMP100303,YouTube,Beauty,Seasonal Sale,2022-10-31,41825,938483,2722,27,2022-11-27,0.044567,1549.07,0.0029,0.065081,100.81,34758.63,0.131,0.175,False
CAMP100304,TikTok,Food,Product Launch,2022-11-01,27913,243484,797,4,2022-11-05,0.11464,6978.25,0.003273,0.028553,199.25,60871.0,0.334,0.193,False
CAMP100305,YouTube,Fitness,Product Launch,2022-11-02,48574,161921,4938,28,2022-11-30,0.299986,1734.79,0.030496,0.101659,176.36,5782.89,0.881,1.842,False
CAMP100306,Instagram,Fashion,Seasonal Sale,2022-11-03,69166,267934,521,26,2022-11-29,0.258146,2660.23,0.001945,0.007533,20.04,10305.15,0.777,0.117,False
CAMP100307,YouTube,Beauty,Brand Awareness,2022-11-04,89893,318499,3513,5,2022-11-09,0.28224,17978.6,0.01103,0.03908,702.6,63699.8,0.829,0.666,False
CAMP100308,Instagram,Fitness,Product Launch,2022-11-05,30164,866948,3859,28,2022-12-03,0.034793,1077.29,0.004451,0.127934,137.82,30962.43,0.105,0.267,False
CAMP100309,Instagram,Fashion,Giveaway,2022-11-06,60380,266968,2234,27,2022-12-03,0.226169,2236.3,0.008368,0.036999,82.74,9887.7,0.681,0.503,False
CAMP100310,YouTube,Beauty,Brand Awareness,2022-11-07,71528,874120,3251,4,2022-11-11,0.081829,17882.0,0.003719,0.045451,812.75,218530.0,0.24,0.225,False
CAMP100311,YouTube,Gaming,Event Promotion,2022-11-08,23932,350367,2875,19,2022-11-27,0.068306,1259.58,0.008206,0.120132,151.32,18440.37,0.201,0.496,False
CAMP100312,Instagram,Fashion,Event Promotion,2022-11-09,37633,216833,3090,14,2022-11-23,0.173558,2688.07,0.014251,0.082109,220.71,15488.07,0.523,0.856,False
CAMP100313,Instagram,Beauty,Giveaway,2022-11-10,82130,455614,2689,20,2022-11-30,0.180262,4106.5,0.005902,0.032741,134.45,22780.7,0.543,0.355,False
CAMP100314,Instagram,Beauty,Seasonal Sale,2022-11-11,51555,285844,4983,21,2022-12-02,0.180361,2455.0,0.017433,0.096654,237.29,13611.62,0.543,1.047,False
CAMP100315,Instagram,Gaming,Giveaway,2022-11-12,9788,46599,4576,23,2022-12-05,0.210047,425.57,0.0982,0.467511,198.96,2026.04,0.633,5.9,False
CAMP100316,Instagram,Beauty,Product Launch,2022-11-13,66098,19101,623,20,2022-12-03,3.460447,3304.9,0.032616,0.009425,31.15,955.05,10.422,1.96,True
CAMP100317,YouTube,Fashion,Giveaway,2022-11-14,51281,66059,4224,9,2022-11-23,0.776291,5697.89,0.063943,0.08237,469.33,7339.89,2.281,3.862,True
CAMP100318,Instagram,Fitness,Seasonal Sale,2022-11-15,57290,138149,1826,28,2022-12-13,0.414697,2046.07,0.013218,0.031873,65.21,4933.89,1.249,0.794,False
CAMP100319,Twitter,Travel,Brand Awareness,2022-11-16,14204,722272,3197,23,2022-12-09,0.019666,617.57,0.004426,0.225077,139.0,31403.13,0.055,0.248,False
CAMP100320,Twitter,Travel,Brand Awareness,2022-11-17,37594,72072,554,16,2022-12-03,0.521617,2349.62,0.007687,0.014736,34.62,4504.5,1.447,0.431,True
CAMP100321,YouTube,Fitness,Event Promotion,2022-11-18,4815,868845,866,26,2022-12-14,0.005542,185.19,0.000997,0.179855,33.31,33417.12,0.016,0.06,False
CAMP100322,Instagram,Gaming,Giveaway,2022-11-19,63911,686419,4423,17,2022-12-06,0.093108,3759.47,0.006444,0.069206,260.18,40377.59,0.28,0.387,False
CAMP100323,YouTube,Gaming,Product Launch,2022-11-20,38228,102486,1277,10,2022-11-30,0.373007,3822.8,0.01246,0.033405,127.7,10248.6,1.096,0.753,False
CAMP100324,TikTok,Gaming,Brand Awareness,2022-11-21,49736,756292,4189,6,2022-11-27,0.065763,8289.33,0.005539,0.084225,698.17,126048.67,0.191,0.326,False
CAMP100325,YouTube,Fashion,Brand Awareness,2022-11-22,59834,715195,821,14,2022-12-06,0.083661,4273.86,0.001148,0.013721,58.64,51085.36,0.246,0.069,False
CAMP100326,TikTok,Fitness,Brand Awareness,2022-11-23,13154,829853,297,6,2022-11-29,0.015851,2192.33,0.000358,0.022579,49.5,138308.83,0.046,0.021,False
CAMP100327,YouTube,Beauty,Brand Awareness,2022-11-24,25485,92292,4274,29,2022-12-23,0.276134,878.79,0.04631,0.167706,147.38,3182.48,0.811,2.797,False
CAMP100328,YouTube,Fitness,Product Launch,2022-11-25,50090,857413,1236,28,2022-12-23,0.05842,1788.93,0.001442,0.024676,44.14,30621.89,0.172,0.087,False
CAMP100329,Instagram,Fashion,Seasonal Sale,2022-11-26,3867,295191,2637,13,2022-12-09,0.0131,297.46,0.008933,0.681924,202.85,22707.0,0.039,0.537,False
CAMP100330,TikTok,Beauty,Giveaway,2022-11-27,49972,796168,3997,27,2022-12-24,0.062766,1850.81,0.00502,0.079985,148.04,29487.7,0.183,0.296,False
CAMP100331,Instagram,Beauty,Product Launch,2022-11-28,65277,761325,2579,4,2022-12-02,0.085741,16319.25,0.003388,0.039509,644.75,190331.25,0.258,0.204,False
CAMP100332,YouTube,Beauty,Seasonal Sale,2022-11-29,97607,213546,958,7,2022-12-06,0.457077,13943.86,0.004486,0.009815,136.86,30506.57,1.343,0.271,True
CAMP100333,TikTok,Gaming,Seasonal Sale,2022-11-30,65701,352557,1164,10,2022-12-10,0.186356,6570.1,0.003302,0.017717,116.4,35255.7,0.542,0.195,False
CAMP100334,Instagram,Travel,Brand Awareness,2022-12-01,65302,654935,4853,9,2022-12-10,0.099708,7255.78,0.00741,0.074316,539.22,72770.56,0.3,0.445,False
CAMP100335,YouTube,Travel,Giveaway,2022-12-02,65010,106673,1791,7,2022-12-09,0.609433,9287.14,0.01679,0.02755,255.86,15239.0,1.79,1.014,True
CAMP100336,Instagram,Travel,Product Launch,2022-12-03,92986,798798,1044,15,2022-12-18,0.116407,6199.07,0.001307,0.011227,69.6,53253.2,0.351,0.079,False
CAMP100337,TikTok,Gaming,Brand Awareness,2022-12-04,39700,628474,3156,29,2023-01-02,0.063169,1368.97,0.005022,0.079496,108.83,21671.52,0.184,0.296,False
CAMP100338,Instagram,Fashion,Giveaway,2022-12-05,84258,291493,4738,22,2022-12-27,0.289057,3829.91,0.016254,0.056232,215.36,13249.68,0.871,0.977,False
CAMP100339,Twitter,Fitness,Seasonal Sale,2022-12-06,15859,176775,1722,3,2022-12-09,0.089713,5286.33,0.009741,0.108582,574.0,58925.0,0.249,0.546,False
CAMP100340,Instagram,Gaming,Brand Awareness,2022-12-07,82193,381042,1978,28,2023-01-04,0.215706,2935.46,0.005191,0.024065,70.64,13608.64,0.65,0.312,False
CAMP100341,Twitter,Food,Brand Awareness,2022-12-08,144,800823,2865,2,2022-12-10,0.00018,72.0,0.003578,19.895833,1432.5,400411.5,0.0,0.201,False
CAMP100342,TikTok,Tech,Seasonal Sale,2022-12-09,68255,228589,3351,28,2023-01-06,0.298593,2437.68,0.014659,0.049095,119.68,8163.89,0.869,0.864,False
CAMP100343,YouTube,Beauty,Seasonal Sale,2022-12-10,50686,711521,1978,19,2022-12-29,0.071236,2667.68,0.00278,0.039025,104.11,37448.47,0.209,0.168,False
CAMP100344,TikTok,Food,Event Promotion,2022-12-11,19418,249935,1471,13,2022-12-24,0.077692,1493.69,0.005886,0.075754,113.15,19225.77,0.226,0.347,False
CAMP100345,TikTok,Beauty,Product Launch,2022-12-12,38472,799039,176,22,2023-01-03,0.048148,1748.73,0.00022,0.004575,8.0,36319.95,0.14,0.013,False
CAMP100346,Twitter,Food,Brand Awareness,2022-12-13,92938,804843,2992,6,2022-12-19,0.115473,15489.67,0.003717,0.032194,498.67,134140.5,0.32,0.208,False
CAMP100347,Instagram,Fitness,Brand Awareness,2022-12-14,65510,809575,3375,24,2023-01-07,0.080919,2729.58,0.004169,0.051519,140.62,33732.29,0.244,0.25,False
CAMP100348,YouTube,Fashion,Seasonal Sale,2022-12-15,61754,460630,4507,6,2022-12-21,0.134064,10292.33,0.009784,0.072983,751.17,76771.67,0.394,0.591,False
CAMP100349,Instagram,Beauty,Event Promotion,2022-12-16,31408,816023,3613,24,2023-01-09,0.038489,1308.67,0.004428,0.115034,150.54,34000.96,0.116,0.266,False
CAMP100350,YouTube,Food,Brand Awareness,2022-12-17,65241,258444,1825,28,2023-01-14,0.252438,2330.04,0.007061,0.027973,65.18,9230.14,0.742,0.427,False
CAMP100351,Instagram,Gaming,Event Promotion,2022-12-18,96225,828277,3447,28,2023-01-15,0.116175,3436.61,0.004162,0.035822,123.11,29581.32,0.35,0.25,False
CAMP100352,YouTube,Food,Seasonal Sale,2022-12-19,51904,869198,4426,3,2022-12-22,0.059715,17301.33,0.005092,0.085273,1475.33,289732.67,0.175,0.308,False
CAMP100353,YouTube,Fitness,Seasonal Sale,2022-12-20,83800,207124,3,15,2023-01-04,0.404589,5586.67,1.4e-05,3.6e-05,0.2,13808.27,1.189,0.001,False
CAMP100354,YouTube,Gaming,Giveaway,2022-12-21,2907,127428,2906,23,2023-01-13,0.022813,126.39,0.022805,0.999656,126.35,5540.35,0.067,1.377,False
CAMP100355,YouTube,Fashion,Giveaway,2022-12-22,35730,599529,1210,13,2023-01-04,0.059597,2748.46,0.002018,0.033865,93.08,46117.62,0.175,0.122,False
CAMP100356,TikTok,Fashion,Seasonal Sale,2022-12-23,79234,193759,2459,21,2023-01-13,0.408931,3773.05,0.012691,0.031035,117.1,9226.62,1.19,0.748,False
CAMP100357,TikTok,Travel,Seasonal Sale,2022-12-24,89642,519283,4721,2,2022-12-26,0.172626,44821.0,0.009091,0.052665,2360.5,259641.5,0.502,0.536,False
CAMP100358,YouTube,Travel,Giveaway,2022-12-25,29708,300040,1995,9,2023-01-03,0.099013,3300.89,0.006649,0.067154,221.67,33337.78,0.291,0.402,False
CAMP100359,YouTube,Food,Event Promotion,2022-12-26,31165,484316,736,20,2023-01-15,0.064348,1558.25,0.00152,0.023616,36.8,24215.8,0.189,0.092,False
CAMP100360,Twitter,Food,Seasonal Sale,2022-12-27,24193,587882,1200,6,2023-01-02,0.041153,4032.17,0.002041,0.049601,200.0,97980.33,0.114,0.114,False
CAMP100361,Instagram,Tech,Event Promotion,2022-12-28,75015,679478,2953,29,2023-01-26,0.110401,2586.72,0.004346,0.039365,101.83,23430.28,0.332,0.261,False
CAMP100362,Instagram,Tech,Giveaway,2022-12-29,69745,888747,1178,6,2023-01-04,0.078476,11624.17,0.001325,0.01689,196.33,148124.5,0.236,0.08,False
CAMP100363,Instagram,Beauty,Product Launch,2022-12-30,25308,344189,518,13,2023-01-12,0.073529,1946.77,0.001505,0.020468,39.85,26476.08,0.221,0.09,False
CAMP100364,YouTube,Beauty,Giveaway,2022-12-31,18594,647363,1160,4,2023-01-04,0.028723,4648.5,0.001792,0.062386,290.0,161840.75,0.084,0.108,False
CAMP100365,YouTube,Food,Seasonal Sale,2023-01-01,49507,533133,1107,20,2023-01-21,0.092861,2475.35,0.002076,0.02236,55.35,26656.65,0.273,0.125,False
CAMP100366,TikTok,Travel,Giveaway,2023-01-02,3278,90219,1314,25,2023-01-27,0.036334,131.12,0.014565,0.400854,52.56,3608.76,0.106,0.858,False
CAMP100367,YouTube,Gaming,Brand Awareness,2023-01-03,73297,848445,2866,11,2023-01-14,0.08639,6663.36,0.003378,0.039101,260.55,77131.36,0.254,0.204,False
CAMP100368,Instagram,Tech,Product Launch,2023-01-04,57409,230269,1709,20,2023-01-24,0.249313,2870.45,0.007422,0.029769,85.45,11513.45,0.751,0.446,False
CAMP100369,TikTok,Beauty,Product Launch,2023-01-05,30728,122417,2863,19,2023-01-24,0.251011,1617.26,0.023387,0.093172,150.68,6443.0,0.73,1.378,False
CAMP100370,TikTok,Beauty,Brand Awareness,2023-01-06,52350,692323,1857,8,2023-01-14,0.075615,6543.75,0.002682,0.035473,232.12,86540.38,0.22,0.158,False
CAMP100371,Instagram,Fashion,Brand Awareness,2023-01-07,21647,245138,2665,10,2023-01-17,0.088305,2164.7,0.010871,0.123112,266.5,24513.8,0.266,0.653,False
CAMP100372,Instagram,Food,Product Launch,2023-01-08,33046,851382,232,9,2023-01-17,0.038815,3671.78,0.000272,0.007021,25.78,94598.0,0.117,0.016,False
CAMP100373,Instagram,Travel,Brand Awareness,2023-01-09,19103,85023,3723,13,2023-01-22,0.22468,1469.46,0.043788,0.194891,286.38,6540.23,0.677,2.631,False
CAMP100374,Instagram,Tech,Event Promotion,2023-01-10,85951,366065,586,2,2023-01-12,0.234797,42975.5,0.001601,0.006818,293.0,183032.5,0.707,0.096,False
CAMP100375,Instagram,Gaming,Seasonal Sale,2023-01-11,8868,924945,1667,11,2023-01-22,0.009588,806.18,0.001802,0.187979,151.55,84085.91,0.029,0.108,False
CAMP100376,Twitter,Tech,Product Launch,2023-01-12,9709,842812,448,27,2023-02-08,0.01152,359.59,0.000532,0.046143,16.59,31215.26,0.032,0.03,False
CAMP100377,YouTube,Food,Seasonal Sale,2023-01-13,18732,197987,1369,8,2023-01-21,0.094612,2341.5,0.006915,0.073083,171.12,24748.38,0.278,0.418,False
CAMP100378,Instagram,Travel,Event Promotion,2023-01-14,40212,216874,3186,24,2023-02-07,0.185416,1675.5,0.014691,0.07923,132.75,9036.42,0.558,0.883,False
CAMP100379,TikTok,Travel,Product Launch,2023-01-15,38243,43367,548,1,2023-01-16,0.881846,38243.0,0.012636,0.014329,548.0,43367.0,2.566,0.744,True
CAMP100380,YouTube,Fitness,Product Launch,2023-01-16,97794,621144,758,11,2023-01-27,0.157442,8890.36,0.00122,0.007751,68.91,56467.64,0.463,0.074,False
CAMP100381,Twitter,Fitness,Product Launch,2023-01-17,20116,578406,34,27,2023-02-13,0.034778,745.04,5.9e-05,0.00169,1.26,21422.44,0.096,0.003,False
CAMP100382,TikTok,Gaming,Brand Awareness,2023-01-18,85132,481917,2843,1,2023-01-19,0.176653,85132.0,0.005899,0.033395,2843.0,481917.0,0.514,0.348,False
CAMP100383,YouTube,Fashion,Seasonal Sale,2023-01-19,50894,795433,4170,6,2023-01-25,0.063983,8482.33,0.005242,0.081935,695.0,132572.17,0.188,0.317,False
CAMP100384,Instagram,Beauty,Product Launch,2023-01-20,18122,224218,1212,6,2023-01-26,0.080823,3020.33,0.005405,0.06688,202.0,37369.67,0.243,0.325,False
CAMP100385,Twitter,Fashion,Event Promotion,2023-01-21,21076,592534,1370,16,2023-02-06,0.035569,1317.25,0.002312,0.065003,85.62,37033.38,0.099,0.13,False
CAMP100386,TikTok,Gaming,Brand Awareness,2023-01-22,21973,192116,1289,28,2023-02-19,0.114374,784.75,0.006709,0.058663,46.04,6861.29,0.333,0.395,False
CAMP100387,Twitter,Gaming,Brand Awareness,2023-01-23,58866,125509,4245,29,2023-02-21,0.469018,2029.86,0.033822,0.072113,146.38,4327.9,1.301,1.896,True
CAMP100388,Instagram,Travel,Seasonal Sale,2023-01-24,85535,352607,253,8,2023-02-01,0.242579,10691.88,0.000718,0.002958,31.62,44075.88,0.731,0.043,False
CAMP100389,TikTok,Beauty,Product Launch,2023-01-25,87606,876527,4876,2,2023-01-27,0.099947,43803.0,0.005563,0.055658,2438.0,438263.5,0.291,0.328,False
CAMP100390,YouTube,Fitness,Product Launch,2023-01-26,91046,556736,2338,11,2023-02-06,0.163535,8276.91,0.004199,0.025679,212.55,50612.36,0.48,0.254,False
CAMP100391,Instagram,Tech,Brand Awareness,2023-01-27,85701,158282,4300,13,2023-02-09,0.541445,6592.38,0.027167,0.050174,330.77,12175.54,1.631,1.632,True
CAMP100392,YouTube,Travel,Product Launch,2023-01-28,95885,612847,1032,3,2023-01-31,0.156458,31961.67,0.001684,0.010763,344.0,204282.33,0.46,0.102,False
CAMP100393,YouTube,Fashion,Seasonal Sale,2023-01-29,52237,193209,2103,21,2023-02-19,0.270365,2487.48,0.010885,0.040259,100.14,9200.43,0.794,0.657,False
CAMP100394,Instagram,Fitness,Brand Awareness,2023-01-30,32707,243911,1126,24,2023-02-23,0.134094,1362.79,0.004616,0.034427,46.92,10162.96,0.404,0.277,False
CAMP100395,YouTube,Travel,Event Promotion,2023-01-31,41714,858676,2412,8,2023-02-08,0.048579,5214.25,0.002809,0.057822,301.5,107334.5,0.143,0.17,False
CAMP100396,TikTok,Food,Brand Awareness,2023-02-01,84654,356943,898,1,2023-02-02,0.237164,84654.0,0.002516,0.010608,898.0,356943.0,0.69,0.148,False
CAMP100397,Instagram,Food,Product Launch,2023-02-02,85089,736697,1399,23,2023-02-25,0.115501,3699.52,0.001899,0.016442,60.83,32030.3,0.348,0.114,False
CAMP100398,YouTube,Food,Product Launch,2023-02-03,59108,638454,930,16,2023-02-19,0.09258,3694.25,0.001457,0.015734,58.12,39903.38,0.272,0.088,False
CAMP100399,YouTube,Fitness,Product Launch,2023-02-04,58518,989974,4775,21,2023-02-25,0.059111,2786.57,0.004823,0.081599,227.38,47141.62,0.174,0.291,False
CAMP100400,Instagram,Beauty,Giveaway,2023-02-05,1370,503940,1838,17,2023-02-22,0.002719,80.59,0.003647,1.341606,108.12,29643.53,0.008,0.219,False
CAMP100401,Twitter,Gaming,Product Launch,2023-02-06,14869,887412,3805,24,2023-03-02,0.016755,619.54,0.004288,0.255902,158.54,36975.5,0.046,0.24,False
CAMP100402,TikTok,Fashion,Product Launch,2023-02-07,86484,873217,2323,24,2023-03-03,0.099041,3603.5,0.00266,0.02686,96.79,36384.04,0.288,0.157,False
CAMP100403,Instagram,Fashion,Seasonal Sale,2023-02-08,24272,640721,592,22,2023-03-02,0.037882,1103.27,0.000924,0.02439,26.91,29123.68,0.114,0.056,False
CAMP100404,Twitter,Gaming,Giveaway,2023-02-09,578,869542,2363,3,2023-02-12,0.000665,192.67,0.002718,4.088235,787.67,289847.33,0.002,0.152,False
CAMP100405,TikTok,Tech,Product Launch,2023-02-10,34713,373108,894,22,2023-03-04,0.093037,1577.86,0.002396,0.025754,40.64,16959.45,0.271,0.141,False
CAMP100406,Instagram,Travel,Seasonal Sale,2023-02-11,23408,411081,238,1,2023-02-12,0.056943,23408.0,0.000579,0.010167,238.0,411081.0,0.171,0.035,False
CAMP100407,TikTok,Food,Brand Awareness,2023-02-12,52416,740021,3615,12,2023-02-24,0.07083,4368.0,0.004885,0.068967,301.25,61668.42,0.206,0.288,False
CAMP100408,Instagram,Fitness,Giveaway,2023-02-13,47085,994752,2269,19,2023-03-04,0.047333,2478.16,0.002281,0.048189,119.42,52355.37,0.143,0.137,False
CAMP100409,Twitter,Fitness,Giveaway,2023-02-14,93657,768553,3786,4,2023-02-18,0.121861,23414.25,0.004926,0.040424,946.5,192138.25,0.338,0.276,False
CAMP100410,YouTube,Fitness,Brand Awareness,2023-02-15,35248,711710,2879,18,2023-03-05,0.049526,1958.22,0.004045,0.081678,159.94,39539.44,0.145,0.244,False
CAMP100411,YouTube,Food,Brand Awareness,2023-02-16,74762,214141,3371,16,2023-03-04,0.349125,4672.62,0.015742,0.04509,210.69,13383.81,1.026,0.951,False
CAMP100412,Instagram,Fashion,Giveaway,2023-02-17,95814,970005,4840,3,2023-02-20,0.098777,31938.0,0.00499,0.050515,1613.33,323335.0,0.297,0.3,False
CAMP100413,TikTok,Food,Brand Awareness,2023-02-18,21131,18177,1786,27,2023-03-17,1.162513,782.63,0.098256,0.08452,66.15,673.22,3.383,5.789,True
CAMP100414,Instagram,Fashion,Product Launch,2023-02-19,38424,856270,3517,15,2023-03-06,0.044874,2561.6,0.004107,0.091531,234.47,57084.67,0.135,0.247,False
CAMP100415,Instagram,Fashion,Seasonal Sale,2023-02-20,3682,345580,3021,24,2023-03-16,0.010655,153.42,0.008742,0.820478,125.88,14399.17,0.032,0.525,False
CAMP100416,Instagram,Fashion,Seasonal Sale,2023-02-21,72110,291267,2493,13,2023-03-06,0.247574,5546.92,0.008559,0.034572,191.77,22405.15,0.746,0.514,False
CAMP100417,TikTok,Fitness,Event Promotion,2023-02-22,49656,907806,1260,20,2023-03-14,0.054699,2482.8,0.001388,0.025375,63.0,45390.3,0.159,0.082,False
CAMP100418,Instagram,Beauty,Event Promotion,2023-02-23,44739,508402,3610,20,2023-03-15,0.087999,2236.95,0.007101,0.08069,180.5,25420.1,0.265,0.427,False
CAMP100419,Twitter,Fitness,Brand Awareness,2023-02-24,65869,598623,1425,20,2023-03-16,0.110034,3293.45,0.00238,0.021634,71.25,29931.15,0.305,0.133,False
CAMP100420,YouTube,Travel,Seasonal Sale,2023-02-25,11434,30025,4214,6,2023-03-03,0.380816,1905.67,0.14035,0.36855,702.33,5004.17,1.119,8.478,False
CAMP100421,Instagram,Fitness,Giveaway,2023-02-26,71685,217397,3960,29,2023-03-27,0.329742,2471.9,0.018216,0.055242,136.55,7496.45,0.993,1.094,False
CAMP100422,Instagram,Gaming,Brand Awareness,2023-02-27,93852,364099,234,23,2023-03-22,0.257765,4080.52,0.000643,0.002493,10.17,15830.39,0.776,0.039,False
CAMP100423,Instagram,Gaming,Product Launch,2023-02-28,51421,186485,1357,25,2023-03-25,0.275738,2056.84,0.007277,0.02639,54.28,7459.4,0.83,0.437,False
CAMP100424,YouTube,Tech,Seasonal Sale,2023-03-01,51163,871394,560,11,2023-03-12,0.058714,4651.18,0.000643,0.010945,50.91,79217.64,0.172,0.039,False
CAMP100425,TikTok,Fitness,Event Promotion,2023-03-02,48343,408220,1135,2,2023-03-04,0.118424,24171.5,0.00278,0.023478,567.5,204110.0,0.345,0.164,False
CAMP100426,Instagram,Fitness,Product Launch,2023-03-03,48076,304835,3052,8,2023-03-11,0.157712,6009.5,0.010012,0.063483,381.5,38104.38,0.475,0.602,False
CAMP100427,TikTok,Fitness,Product Launch,2023-03-04,32325,131677,4195,16,2023-03-20,0.245487,2020.31,0.031858,0.129776,262.19,8229.81,0.714,1.877,False
CAMP100428,Instagram,Beauty,Seasonal Sale,2023-03-05,90449,128294,1874,24,2023-03-29,0.705013,3768.71,0.014607,0.020719,78.08,5345.58,2.123,0.878,True
CAMP100429,TikTok,Food,Seasonal Sale,2023-03-06,68513,436568,27,17,2023-03-23,0.156935,4030.18,6.2e-05,0.000394,1.59,25680.47,0.457,0.004,False
CAMP100430,Twitter,Fitness,Giveaway,2023-03-07,13253,309741,2063,6,2023-03-13,0.042787,2208.83,0.00666,0.155663,343.83,51623.5,0.119,0.373,False
CAMP100431,TikTok,Food,Product Launch,2023-03-08,48110,97100,4178,25,2023-04-02,0.495469,1924.4,0.043028,0.086843,167.12,3884.0,1.442,2.535,True
CAMP100432,YouTube,Gaming,Event Promotion,2023-03-09,91748,670082,320,8,2023-03-17,0.136921,11468.5,0.000478,0.003488,40.0,83760.25,0.402,0.029,False
CAMP100433,TikTok,Gaming,Giveaway,2023-03-10,34947,827294,4867,24,2023-04-03,0.042243,1456.12,0.005883,0.139268,202.79,34470.58,0.123,0.347,False
CAMP100434,Instagram,Fashion,Product Launch,2023-03-11,94561,448215,3758,13,2023-03-24,0.210972,7273.92,0.008384,0.039742,289.08,34478.08,0.635,0.504,False
CAMP100435,Instagram,Fitness,Seasonal Sale,2023-03-12,86420,854051,819,13,2023-03-25,0.101188,6647.69,0.000959,0.009477,63.0,65696.23,0.305,0.058,False
CAMP100436,Instagram,Food,Brand Awareness,2023-03-13,37967,51332,222,13,2023-03-26,0.739636,2920.54,0.004325,0.005847,17.08,3948.62,2.228,0.26,True
CAMP100437,YouTube,Fashion,Product Launch,2023-03-14,4776,524131,455,17,2023-03-31,0.009112,280.94,0.000868,0.095268,26.76,30831.24,0.027,0.052,False
CAMP100438,TikTok,Beauty,Product Launch,2023-03-15,19511,192767,1209,2,2023-03-17,0.101215,9755.5,0.006272,0.061965,604.5,96383.5,0.295,0.37,False
CAMP100439,YouTube,Fashion,Product Launch,2023-03-16,35858,845219,4510,13,2023-03-29,0.042425,2758.31,0.005336,0.125774,346.92,65016.85,0.125,0.322,False
CAMP100440,TikTok,Beauty,Seasonal Sale,2023-03-17,93639,302517,3771,28,2023-04-14,0.309533,3344.25,0.012465,0.040272,134.68,10804.18,0.901,0.734,False
CAMP100441,Instagram,Food,Giveaway,2023-03-18,39477,67477,1604,21,2023-04-08,0.585044,1879.86,0.023771,0.040631,76.38,3213.19,1.762,1.428,True
CAMP100442,TikTok,Tech,Giveaway,2023-03-19,77952,930316,1138,21,2023-04-09,0.083791,3712.0,0.001223,0.014599,54.19,44300.76,0.244,0.072,False
CAMP100443,Instagram,Fitness,Seasonal Sale,2023-03-20,40802,652291,62,7,2023-03-27,0.062552,5828.86,9.5e-05,0.00152,8.86,93184.43,0.188,0.006,False
CAMP100444,Instagram,Fitness,Brand Awareness,2023-03-21,98131,251441,4037,23,2023-04-13,0.390274,4266.57,0.016055,0.041139,175.52,10932.22,1.175,0.965,False
CAMP100445,TikTok,Travel,Event Promotion,2023-03-22,12331,646822,3100,25,2023-04-16,0.019064,493.24,0.004793,0.251399,124.0,25872.88,0.055,0.282,False
CAMP100446,Twitter,Food,Product Launch,2023-03-23,21117,365299,688,7,2023-03-30,0.057807,3016.71,0.001883,0.03258,98.29,52185.57,0.16,0.106,False
CAMP100447,YouTube,Gaming,Brand Awareness,2023-03-24,38002,313675,3621,10,2023-04-03,0.121151,3800.2,0.011544,0.095284,362.1,31367.5,0.356,0.697,False
CAMP100448,Instagram,Travel,Event Promotion,2023-03-25,29308,460795,3074,28,2023-04-22,0.063603,1046.71,0.006671,0.104886,109.79,16456.96,0.192,0.401,False
CAMP100449,YouTube,Tech,Event Promotion,2023-03-26,73104,809768,3874,2,2023-03-28,0.090278,36552.0,0.004784,0.052993,1937.0,404884.0,0.265,0.289,False
CAMP100450,Instagram,Fashion,Product Launch,2023-03-27,83069,545772,3212,20,2023-04-16,0.152205,4153.45,0.005885,0.038667,160.6,27288.6,0.458,0.354,False
CAMP100451,TikTok,Travel,Product Launch,2023-03-28,16596,283655,1127,11,2023-04-08,0.058508,1508.73,0.003973,0.067908,102.45,25786.82,0.17,0.234,False
CAMP100452,TikTok,Tech,Product Launch,2023-03-29,61382,529441,3110,6,2023-04-04,0.115937,10230.33,0.005874,0.050666,518.33,88240.17,0.337,0.346,False
CAMP100453,Instagram,Food,Giveaway,2023-03-30,42273,315003,1574,12,2023-04-11,0.134199,3522.75,0.004997,0.037234,131.17,26250.25,0.404,0.3,False
CAMP100454,Instagram,Fitness,Seasonal Sale,2023-03-31,10011,792876,584,7,2023-04-07,0.012626,1430.14,0.000737,0.058336,83.43,113268.0,0.038,0.044,False
CAMP100455,Instagram,Travel,Seasonal Sale,2023-04-01,60669,894784,1209,24,2023-04-25,0.067803,2527.88,0.001351,0.019928,50.38,37282.67,0.204,0.081,False
CAMP100456,Twitter,Travel,Brand Awareness,2023-04-02,70678,820891,1748,8,2023-04-10,0.086099,8834.75,0.002129,0.024732,218.5,102611.38,0.239,0.119,False
CAMP100457,YouTube,Travel,Seasonal Sale,2023-04-03,62718,195735,687,24,2023-04-27,0.320423,2613.25,0.00351,0.010954,28.62,8155.62,0.941,0.212,False
CAMP100458,TikTok,Travel,Product Launch,2023-04-04,83165,184982,4985,10,2023-04-14,0.449584,8316.5,0.026949,0.059941,498.5,18498.2,1.308,1.588,True
CAMP100459,YouTube,Beauty,Giveaway,2023-04-05,95437,445231,94,5,2023-04-10,0.214354,19087.4,0.000211,0.000985,18.8,89046.2,0.63,0.013,False
CAMP100460,YouTube,Fitness,Giveaway,2023-04-06,21060,275370,4090,10,2023-04-16,0.076479,2106.0,0.014853,0.194207,409.0,27537.0,0.225,0.897,False
CAMP100461,Instagram,Food,Brand Awareness,2023-04-07,56817,891924,3881,20,2023-04-27,0.063702,2840.85,0.004351,0.068307,194.05,44596.2,0.192,0.261,False
CAMP100462,Twitter,Tech,Event Promotion,2023-04-08,35377,112399,2138,27,2023-05-05,0.314745,1310.26,0.019022,0.060435,79.19,4162.93,0.873,1.066,False
CAMP100463,Instagram,Fitness,Brand Awareness,2023-04-09,437,246907,3529,17,2023-04-26,0.00177,25.71,0.014293,8.075515,207.59,14523.94,0.005,0.859,False
CAMP100464,YouTube,Beauty,Product Launch,2023-04-10,74296,83613,524,8,2023-04-18,0.88857,9287.0,0.006267,0.007053,65.5,10451.62,2.61,0.379,True
CAMP100465,YouTube,Food,Event Promotion,2023-04-11,9906,589198,1570,9,2023-04-20,0.016813,1100.67,0.002665,0.15849,174.44,65466.44,0.049,0.161,False
CAMP100466,YouTube,Gaming,Event Promotion,2023-04-12,87037,98263,513,6,2023-04-18,0.885756,14506.17,0.005221,0.005894,85.5,16377.17,2.602,0.315,True
CAMP100467,Twitter,Food,Brand Awareness,2023-04-13,40763,588338,1707,9,2023-04-22,0.069285,4529.22,0.002901,0.041876,189.67,65370.89,0.192,0.163,False
CAMP100468,Instagram,Fashion,Product Launch,2023-04-14,89215,570723,842,10,2023-04-24,0.156319,8921.5,0.001475,0.009438,84.2,57072.3,0.471,0.089,False
CAMP100469,YouTube,Fitness,Product Launch,2023-04-15,5409,642939,1857,18,2023-05-03,0.008413,300.5,0.002888,0.343317,103.17,35718.83,0.025,0.174,False
CAMP100470,YouTube,Beauty,Brand Awareness,2023-04-16,92811,110221,628,25,2023-05-11,0.842045,3712.44,0.005698,0.006766,25.12,4408.84,2.474,0.344,True
CAMP100471,YouTube,Travel,Product Launch,2023-04-17,35641,540783,938,23,2023-05-10,0.065906,1549.61,0.001735,0.026318,40.78,23512.3,0.194,0.105,False
CAMP100472,Instagram,Beauty,Brand Awareness,2023-04-18,65466,555327,1690,21,2023-05-09,0.117887,3117.43,0.003043,0.025815,80.48,26444.14,0.355,0.183,False
CAMP100473,Instagram,Beauty,Event Promotion,2023-04-19,72702,834114,477,23,2023-05-12,0.087161,3160.96,0.000572,0.006561,20.74,36265.83,0.262,0.034,False
CAMP100474,Instagram,Fitness,Event Promotion,2023-04-20,31319,882159,1905,25,2023-05-15,0.035503,1252.76,0.002159,0.060826,76.2,35286.36,0.107,0.13,False
CAMP100475,Instagram,Beauty,Giveaway,2023-04-21,74003,183314,303,3,2023-04-24,0.403695,24667.67,0.001653,0.004094,101.0,61104.67,1.216,0.099,False
CAMP100476,YouTube,Beauty,Seasonal Sale,2023-04-22,59217,18199,1289,7,2023-04-29,3.25386,8459.57,0.070828,0.021767,184.14,2599.86,9.559,4.278,True
CAMP100477,YouTube,Gaming,Brand Awareness,2023-04-23,6010,787016,3785,1,2023-04-24,0.007636,6010.0,0.004809,0.629784,3785.0,787016.0,0.022,0.29,False
CAMP100478,YouTube,Beauty,Event Promotion,2023-04-24,88163,330403,3467,17,2023-05-11,0.266835,5186.06,0.010493,0.039325,203.94,19435.47,0.784,0.634,False
CAMP100479,YouTube,Travel,Product Launch,2023-04-25,65889,908995,4683,21,2023-05-16,0.072486,3137.57,0.005152,0.071074,223.0,43285.48,0.213,0.311,False
CAMP100480,YouTube,Fashion,Event Promotion,2023-04-26,97719,115906,2157,22,2023-05-18,0.843088,4441.77,0.01861,0.022073,98.05,5268.45,2.477,1.124,True
CAMP100481,Instagram,Travel,Event Promotion,2023-04-27,23486,66452,615,2,2023-04-29,0.353428,11743.0,0.009255,0.026186,307.5,33226.0,1.064,0.556,False
CAMP100482,YouTube,Beauty,Seasonal Sale,2023-04-28,72119,557946,1468,24,2023-05-22,0.129258,3004.96,0.002631,0.020355,61.17,23247.75,0.38,0.159,False
CAMP100483,Instagram,Travel,Brand Awareness,2023-04-29,28514,567076,3864,3,2023-05-02,0.050283,9504.67,0.006814,0.135512,1288.0,189025.33,0.151,0.409,False
CAMP100484,Instagram,Beauty,Giveaway,2023-04-30,69886,766629,165,25,2023-05-25,0.09116,2795.44,0.000215,0.002361,6.6,30665.16,0.275,0.013,False
CAMP100485,YouTube,Food,Event Promotion,2023-05-01,19250,592816,3396,24,2023-05-25,0.032472,802.08,0.005729,0.176416,141.5,24700.67,0.095,0.346,False
CAMP100486,YouTube,Gaming,Giveaway,2023-05-02,64816,825902,868,12,2023-05-14,0.078479,5401.33,0.001051,0.013392,72.33,68825.17,0.231,0.063,False
CAMP100487,Instagram,Gaming,Event Promotion,2023-05-03,37477,143470,1102,13,2023-05-16,0.261218,2882.85,0.007681,0.029405,84.77,11036.15,0.787,0.461,False
CAMP100488,YouTube,Food,Giveaway,2023-05-04,85602,357426,4309,15,2023-05-19,0.239496,5706.8,0.012056,0.050338,287.27,23828.4,0.704,0.728,False
CAMP100489,YouTube,Beauty,Brand Awareness,2023-05-05,21869,358232,1229,4,2023-05-09,0.061047,5467.25,0.003431,0.056198,307.25,89558.0,0.179,0.207,False
CAMP100490,TikTok,Tech,Brand Awareness,2023-05-06,43948,373655,1599,6,2023-05-12,0.117617,7324.67,0.004279,0.036384,266.5,62275.83,0.342,0.252,False
CAMP100491,YouTube,Food,Giveaway,2023-05-07,55893,476639,2554,12,2023-05-19,0.117265,4657.75,0.005358,0.045694,212.83,39719.92,0.344,0.324,False
CAMP100492,YouTube,Fashion,Giveaway,2023-05-08,39732,316819,1249,6,2023-05-14,0.125409,6622.0,0.003942,0.031436,208.17,52803.17,0.368,0.238,False
CAMP100493,Instagram,Tech,Giveaway,2023-05-09,9506,354489,1765,27,2023-06-05,0.026816,352.07,0.004979,0.185672,65.37,13129.22,0.081,0.299,False
CAMP100494,TikTok,Fashion,Product Launch,2023-05-10,67688,560976,740,23,2023-06-02,0.120661,2942.96,0.001319,0.010933,32.17,24390.26,0.351,0.078,False
CAMP100495,YouTube,Fashion,Product Launch,2023-05-11,92093,654043,1689,29,2023-06-09,0.140806,3175.62,0.002582,0.01834,58.24,22553.21,0.414,0.156,False
CAMP100496,YouTube,Food,Product Launch,2023-05-12,2046,239661,566,17,2023-05-29,0.008537,120.35,0.002362,0.276637,33.29,14097.71,0.025,0.143,False
CAMP100497,YouTube,Fashion,Giveaway,2023-05-13,86161,416435,2610,22,2023-06-04,0.206901,3916.41,0.006267,0.030292,118.64,18928.86,0.608,0.379,False
CAMP100498,Instagram,Tech,Brand Awareness,2023-05-14,41336,406980,3057,17,2023-05-31,0.101568,2431.53,0.007511,0.073955,179.82,23940.0,0.306,0.451,False
CAMP100499,YouTube,Fashion,Seasonal Sale,2023-05-15,61984,707066,4122,13,2023-05-28,0.087664,4768.0,0.00583,0.066501,317.08,54389.69,0.258,0.352,False
CAMP100500,TikTok,Fashion,Event Promotion,2023-05-16,66095,300877,4807,22,2023-06-07,0.219674,3004.32,0.015977,0.072729,218.5,13676.23,0.639,0.941,False
CAMP100501,TikTok,Food,Event Promotion,2023-05-17,26954,231385,189,24,2023-06-10,0.11649,1123.08,0.000817,0.007012,7.88,9641.04,0.339,0.048,False
CAMP100502,Twitter,Fitness,Brand Awareness,2023-05-18,40478,582512,4737,28,2023-06-15,0.069489,1445.64,0.008132,0.117027,169.18,20804.0,0.193,0.456,False
CAMP100503,YouTube,Tech,Brand Awareness,2023-05-19,72757,366225,1885,17,2023-06-05,0.198667,4279.82,0.005147,0.025908,110.88,21542.65,0.584,0.311,False
CAMP100504,YouTube,Beauty,Event Promotion,2023-05-20,29999,919989,1848,2,2023-05-22,0.032608,14999.5,0.002009,0.061602,924.0,459994.5,0.096,0.121,False
CAMP100505,TikTok,Fashion,Product Launch,2023-05-21,2812,505483,2939,2,2023-05-23,0.005563,1406.0,0.005814,1.045164,1469.5,252741.5,0.016,0.343,False
CAMP100506,Instagram,Tech,Giveaway,2023-05-22,47498,478186,967,12,2023-06-03,0.09933,3958.17,0.002022,0.020359,80.58,39848.83,0.299,0.121,False
CAMP100507,TikTok,Food,Seasonal Sale,2023-05-23,73873,153632,663,15,2023-06-07,0.480844,4924.87,0.004316,0.008975,44.2,10242.13,1.399,0.254,True
CAMP100508,YouTube,Fashion,Event Promotion,2023-05-24,61373,46505,2594,2,2023-05-26,1.319708,30686.5,0.055779,0.042266,1297.0,23252.5,3.877,3.369,True
CAMP100509,Instagram,Fitness,Product Launch,2023-05-25,9659,907108,2775,9,2023-06-03,0.010648,1073.22,0.003059,0.287297,308.33,100789.78,0.032,0.184,False
CAMP100510,Instagram,Tech,Product Launch,2023-05-26,90220,961362,1148,3,2023-05-29,0.093846,30073.33,0.001194,0.012724,382.67,320454.0,0.283,0.072,False
CAMP100511,TikTok,Fitness,Brand Awareness,2023-05-27,22282,771847,1183,5,2023-06-01,0.028868,4456.4,0.001533,0.053092,236.6,154369.4,0.084,0.09,False
CAMP100512,Instagram,Tech,Brand Awareness,2023-05-28,52425,121915,4983,13,2023-06-10,0.430013,4032.69,0.040873,0.09505,383.31,9378.08,1.295,2.456,True
CAMP100513,Instagram,Gaming,Product Launch,2023-05-29,43081,631580,126,23,2023-06-21,0.068211,1873.09,0.000199,0.002925,5.48,27460.0,0.205,0.012,False
CAMP100514,Instagram,Food,Seasonal Sale,2023-05-30,72055,962276,1518,11,2023-06-10,0.07488,6550.45,0.001578,0.021067,138.0,87479.64,0.226,0.095,False
CAMP100515,Instagram,Food,Event Promotion,2023-05-31,61536,949146,975,15,2023-06-15,0.064833,4102.4,0.001027,0.015844,65.0,63276.4,0.195,0.062,False
CAMP100516,Instagram,Food,Product Launch,2023-06-01,25336,949498,95,25,2023-06-26,0.026684,1013.44,0.0001,0.00375,3.8,37979.92,0.08,0.006,False
CAMP100517,TikTok,Beauty,Seasonal Sale,2023-06-02,26863,503294,817,29,2023-07-01,0.053374,926.31,0.001623,0.030414,28.17,17354.97,0.155,0.096,False
CAMP100518,Instagram,Fashion,Event Promotion,2023-06-03,73696,801070,1112,29,2023-07-02,0.091997,2541.24,0.001388,0.015089,38.34,27623.1,0.277,0.083,False
CAMP100519,TikTok,Fashion,Seasonal Sale,2023-06-04,15194,541521,975,7,2023-06-11,0.028058,2170.57,0.0018,0.06417,139.29,77360.14,0.082,0.106,False
CAMP100520,TikTok,Food,Product Launch,2023-06-05,68100,99992,70,27,2023-07-02,0.681054,2522.22,0.0007,0.001028,2.59,3703.41,1.982,0.041,True
CAMP100521,Instagram,Tech,Brand Awareness,2023-06-06,6385,719227,796,26,2023-07-02,0.008878,245.58,0.001107,0.124667,30.62,27662.58,0.027,0.067,False
CAMP100522,Instagram,Fashion,Brand Awareness,2023-06-07,6275,581862,3879,15,2023-06-22,0.010784,418.33,0.006667,0.618167,258.6,38790.8,0.032,0.401,False
CAMP100523,YouTube,Gaming,Seasonal Sale,2023-06-08,36378,64579,3732,4,2023-06-12,0.56331,9094.5,0.05779,0.102589,933.0,16144.75,1.655,3.491,True
CAMP100524,Instagram,Tech,Event Promotion,2023-06-09,33190,197091,3009,26,2023-07-05,0.168399,1276.54,0.015267,0.09066,115.73,7580.42,0.507,0.917,False
CAMP100525,Instagram,Fitness,Brand Awareness,2023-06-10,39477,533510,919,1,2023-06-11,0.073995,39477.0,0.001723,0.023279,919.0,533510.0,0.223,0.104,False
CAMP100526,Twitter,Food,Seasonal Sale,2023-06-11,2732,665449,2363,11,2023-06-22,0.004105,248.36,0.003551,0.864934,214.82,60495.36,0.011,0.199,False
CAMP100527,Twitter,Tech,Product Launch,2023-06-12,28339,100141,3260,2,2023-06-14,0.282991,14169.5,0.032554,0.115036,1630.0,50070.5,0.785,1.825,False
CAMP100528,TikTok,Food,Product Launch,2023-06-13,15053,589819,3489,12,2023-06-25,0.025521,1254.42,0.005915,0.231781,290.75,49151.58,0.074,0.348,False
CAMP100529,Instagram,Travel,Seasonal Sale,2023-06-14,94156,671589,4888,21,2023-07-05,0.140199,4483.62,0.007278,0.051914,232.76,31980.43,0.422,0.437,False
CAMP100530,YouTube,Tech,Giveaway,2023-06-15,25496,861424,1871,27,2023-07-12,0.029598,944.3,0.002172,0.073384,69.3,31904.59,0.087,0.131,False
CAMP100531,TikTok,Fashion,Event Promotion,2023-06-16,5753,714025,3719,23,2023-07-09,0.008057,250.13,0.005209,0.646445,161.7,31044.57,0.023,0.307,False
CAMP100532,Instagram,Gaming,Event Promotion,2023-06-17,53374,503072,1403,23,2023-07-10,0.106096,2320.61,0.002789,0.026286,61.0,21872.7,0.32,0.168,False
CAMP100533,YouTube,Travel,Brand Awareness,2023-06-18,2200,331588,2990,12,2023-06-30,0.006635,183.33,0.009017,1.359091,249.17,27632.33,0.019,0.545,False
CAMP100534,Instagram,Beauty,Product Launch,2023-06-19,49746,423485,1823,27,2023-07-16,0.117468,1842.44,0.004305,0.036646,67.52,15684.63,0.354,0.259,False
CAMP100535,Instagram,Fitness,Event Promotion,2023-06-20,82615,371269,1609,5,2023-06-25,0.222521,16523.0,0.004334,0.019476,321.8,74253.8,0.67,0.26,False
CAMP100536,YouTube,Tech,Giveaway,2023-06-21,69314,447295,2031,22,2023-07-13,0.154963,3150.64,0.004541,0.029301,92.32,20331.59,0.455,0.274,False
CAMP100537,Instagram,Fashion,Brand Awareness,2023-06-22,38106,867764,2426,28,2023-07-20,0.043913,1360.93,0.002796,0.063665,86.64,30991.57,0.132,0.168,False
CAMP100538,Instagram,Tech,Giveaway,2023-06-23,95705,523460,3704,10,2023-07-03,0.182832,9570.5,0.007076,0.038702,370.4,52346.0,0.551,0.425,False
CAMP100539,TikTok,Fitness,Product Launch,2023-06-24,78571,780730,928,6,2023-06-30,0.100638,13095.17,0.001189,0.011811,154.67,130121.67,0.293,0.07,False
CAMP100540,Twitter,Gaming,Event Promotion,2023-06-25,1373,6525,2752,23,2023-07-18,0.210421,59.7,0.421762,2.00437,119.65,283.7,0.584,23.639,False
CAMP100541,YouTube,Travel,Giveaway,2023-06-26,80337,708936,945,25,2023-07-21,0.113321,3213.48,0.001333,0.011763,37.8,28357.44,0.333,0.081,False
CAMP100542,TikTok,Fashion,Seasonal Sale,2023-06-27,8840,532195,663,6,2023-07-03,0.01661,1473.33,0.001246,0.075,110.5,88699.17,0.048,0.073,False
CAMP100543,Twitter,Travel,Brand Awareness,2023-06-28,27429,750342,4696,26,2023-07-24,0.036555,1054.96,0.006258,0.171206,180.62,28859.31,0.101,0.351,False
CAMP100544,Instagram,Food,Brand Awareness,2023-06-29,8827,122640,3003,28,2023-07-27,0.071975,315.25,0.024486,0.340206,107.25,4380.0,0.217,1.471,False
CAMP100545,YouTube,Fashion,Giveaway,2023-06-30,81296,405119,3898,7,2023-07-07,0.200672,11613.71,0.009622,0.047948,556.86,57874.14,0.59,0.581,False
CAMP100546,Instagram,Fitness,Product Launch,2023-07-01,12265,775132,1821,6,2023-07-07,0.015823,2044.17,0.002349,0.148471,303.5,129188.67,0.048,0.141,False
CAMP100547,Instagram,Food,Product Launch,2023-07-02,47808,48241,4542,22,2023-07-24,0.991024,2173.09,0.094152,0.095005,206.45,2192.77,2.985,5.657,True
CAMP100548,TikTok,Fashion,Giveaway,2023-07-03,59643,343979,2336,13,2023-07-16,0.173391,4587.92,0.006791,0.039166,179.69,26459.92,0.505,0.4,False
CAMP100549,YouTube,Tech,Seasonal Sale,2023-07-04,48060,278490,3316,13,2023-07-17,0.172574,3696.92,0.011907,0.068997,255.08,21422.31,0.507,0.719,False
CAMP100550,YouTube,Tech,Event Promotion,2023-07-05,74846,557250,2218,16,2023-07-21,0.134313,4677.88,0.00398,0.029634,138.62,34828.12,0.395,0.24,False
CAMP100551,Instagram,Fitness,Product Launch,2023-07-06,71839,567814,1674,18,2023-07-24,0.126519,3991.06,0.002948,0.023302,93.0,31545.22,0.381,0.177,False
CAMP100552,Instagram,Gaming,Brand Awareness,2023-07-07,98843,393759,4625,21,2023-07-28,0.251024,4706.81,0.011746,0.046791,220.24,18750.43,0.756,0.706,False
CAMP100553,Twitter,Gaming,Brand Awareness,2023-07-08,41243,281866,1808,16,2023-07-24,0.146321,2577.69,0.006414,0.043838,113.0,17616.62,0.406,0.359,False
CAMP100554,Instagram,Food,Seasonal Sale,2023-07-09,19255,517762,1941,10,2023-07-19,0.037189,1925.5,0.003749,0.100805,194.1,51776.2,0.112,0.225,False
CAMP100555,Instagram,Travel,Event Promotion,2023-07-10,1538,726968,2889,23,2023-08-02,0.002116,66.87,0.003974,1.878414,125.61,31607.3,0.006,0.239,False
CAMP100556,Instagram,Beauty,Product Launch,2023-07-11,93674,965075,1279,28,2023-08-08,0.097064,3345.5,0.001325,0.013654,45.68,34466.96,0.292,0.08,False
CAMP100557,YouTube,Travel,Giveaway,2023-07-12,58114,375685,877,14,2023-07-26,0.154688,4151.0,0.002334,0.015091,62.64,26834.64,0.454,0.141,False
CAMP100558,YouTube,Fashion,Event Promotion,2023-07-13,14930,876432,3656,22,2023-08-04,0.017035,678.64,0.004171,0.244876,166.18,39837.82,0.05,0.252,False
CAMP100559,YouTube,Beauty,Giveaway,2023-07-14,19224,768805,4410,20,2023-08-03,0.025005,961.2,0.005736,0.229401,220.5,38440.25,0.073,0.346,False
CAMP100560,Instagram,Beauty,Giveaway,2023-07-15,13967,629165,2362,20,2023-08-04,0.022199,698.35,0.003754,0.169113,118.1,31458.25,0.067,0.226,False
CAMP100561,Instagram,Travel,Seasonal Sale,2023-07-16,52507,140029,1381,14,2023-07-30,0.374972,3750.5,0.009862,0.026301,98.64,10002.07,1.129,0.593,False
CAMP100562,TikTok,Travel,Giveaway,2023-07-17,23097,463418,3544,20,2023-08-06,0.049841,1154.85,0.007648,0.15344,177.2,23170.9,0.145,0.451,False
CAMP100563,YouTube,Beauty,Event Promotion,2023-07-18,24382,813395,1462,11,2023-07-29,0.029976,2216.55,0.001797,0.059962,132.91,73945.0,0.088,0.109,False
CAMP100564,YouTube,Fashion,Giveaway,2023-07-19,85595,680655,1395,15,2023-08-03,0.125754,5706.33,0.002049,0.016298,93.0,45377.0,0.369,0.124,False
CAMP100565,YouTube,Fitness,Product Launch,2023-07-20,26693,88108,3582,9,2023-07-29,0.302958,2965.89,0.040655,0.134192,398.0,9789.78,0.89,2.456,False
CAMP100566,TikTok,Gaming,Product Launch,2023-07-21,95788,158966,4773,2,2023-07-23,0.602569,47894.0,0.030025,0.049829,2386.5,79483.0,1.754,1.769,True
CAMP100567,Instagram,Food,Product Launch,2023-07-22,45820,91064,2279,23,2023-08-14,0.503163,1992.17,0.025026,0.049738,99.09,3959.3,1.515,1.504,True
CAMP100568,Instagram,Gaming,Seasonal Sale,2023-07-23,41265,895941,3157,21,2023-08-13,0.046058,1965.0,0.003524,0.076506,150.33,42663.86,0.139,0.212,False
CAMP100569,YouTube,Food,Seasonal Sale,2023-07-24,51558,191328,169,10,2023-08-03,0.269474,5155.8,0.000883,0.003278,16.9,19132.8,0.792,0.053,False
CAMP100570,Instagram,Travel,Product Launch,2023-07-25,17160,547473,3143,8,2023-08-02,0.031344,2145.0,0.005741,0.183159,392.88,68434.12,0.094,0.345,False
CAMP100571,TikTok,Travel,Event Promotion,2023-07-26,64897,420593,542,11,2023-08-06,0.154299,5899.73,0.001289,0.008352,49.27,38235.73,0.449,0.076,False
CAMP100572,YouTube,Travel,Giveaway,2023-07-27,53108,954736,4018,9,2023-08-05,0.055626,5900.89,0.004208,0.075657,446.44,106081.78,0.163,0.254,False
CAMP100573,TikTok,Travel,Event Promotion,2023-07-28,41427,12771,309,2,2023-07-30,3.243834,20713.5,0.024195,0.007459,154.5,6385.5,9.44,1.425,True
CAMP100574,TikTok,Fitness,Product Launch,2023-07-29,27217,619080,4246,12,2023-08-10,0.043964,2268.08,0.006859,0.156005,353.83,51590.0,0.128,0.404,False
CAMP100575,YouTube,Food,Event Promotion,2023-07-30,84439,446995,2537,16,2023-08-15,0.188904,5277.44,0.005676,0.030045,158.56,27937.19,0.555,0.343,False
CAMP100576,Twitter,Beauty,Product Launch,2023-07-31,13904,383373,1666,13,2023-08-13,0.036268,1069.54,0.004346,0.119822,128.15,29490.23,0.101,0.244,False
CAMP100577,YouTube,Fitness,Giveaway,2023-08-01,153,506457,1048,3,2023-08-04,0.000302,51.0,0.002069,6.849673,349.33,168819.0,0.001,0.125,False
CAMP100578,TikTok,Beauty,Seasonal Sale,2023-08-02,74783,561448,24,12,2023-08-14,0.133197,6231.92,4.3e-05,0.000321,2.0,46787.33,0.388,0.003,False
CAMP100579,Instagram,Fitness,Brand Awareness,2023-08-03,22924,24419,2149,3,2023-08-06,0.938777,7641.33,0.088005,0.093745,716.33,8139.67,2.827,5.287,True
CAMP100580,YouTube,Fitness,Brand Awareness,2023-08-04,53892,202663,3332,2,2023-08-06,0.265919,26946.0,0.016441,0.061827,1666.0,101331.5,0.781,0.993,False
CAMP100581,YouTube,Gaming,Event Promotion,2023-08-05,73336,209720,207,12,2023-08-17,0.349685,6111.33,0.000987,0.002823,17.25,17476.67,1.027,0.06,False
CAMP100582,Instagram,Gaming,Seasonal Sale,2023-08-06,4657,422505,1291,26,2023-09-01,0.011022,179.12,0.003056,0.277217,49.65,16250.19,0.033,0.184,False
CAMP100583,Instagram,Travel,Event Promotion,2023-08-07,47711,841745,4000,29,2023-09-05,0.056681,1645.21,0.004752,0.083838,137.93,29025.69,0.171,0.286,False
CAMP100584,Twitter,Food,Event Promotion,2023-08-08,70975,217743,1291,29,2023-09-06,0.325958,2447.41,0.005929,0.01819,44.52,7508.38,0.904,0.332,False
CAMP100585,YouTube,Gaming,Product Launch,2023-08-09,65944,306650,4502,19,2023-08-28,0.215046,3470.74,0.014681,0.06827,236.95,16139.47,0.632,0.887,False
CAMP100586,Instagram,Food,Product Launch,2023-08-10,13536,756349,4045,8,2023-08-18,0.017897,1692.0,0.005348,0.298833,505.62,94543.62,0.054,0.321,False
CAMP100587,Instagram,Fashion,Giveaway,2023-08-11,33537,351361,2894,19,2023-08-30,0.095449,1765.11,0.008237,0.086293,152.32,18492.68,0.287,0.495,False
CAMP100588,Instagram,Travel,Product Launch,2023-08-12,42417,593222,854,16,2023-08-28,0.071503,2651.06,0.00144,0.020133,53.38,37076.38,0.215,0.087,False
CAMP100589,Instagram,Gaming,Giveaway,2023-08-13,49724,369358,2114,27,2023-09-09,0.134623,1841.63,0.005723,0.042515,78.3,13679.93,0.405,0.344,False
CAMP100590,Twitter,Travel,Giveaway,2023-08-14,59468,909729,1121,21,2023-09-04,0.065369,2831.81,0.001232,0.01885,53.38,43320.43,0.181,0.069,False
CAMP100591,YouTube,Fitness,Seasonal Sale,2023-08-15,91513,881012,3435,6,2023-08-21,0.103873,15252.17,0.003899,0.037536,572.5,146835.33,0.305,0.236,False
CAMP100592,Instagram,Tech,Seasonal Sale,2023-08-16,7211,322915,4637,24,2023-09-09,0.022331,300.46,0.01436,0.643045,193.21,13454.79,0.067,0.863,False
CAMP100593,YouTube,Travel,Product Launch,2023-08-17,38968,571747,2641,7,2023-08-24,0.068156,5566.86,0.004619,0.067774,377.29,81678.14,0.2,0.279,False
CAMP100594,Instagram,Tech,Seasonal Sale,2023-08-18,16378,710558,960,26,2023-09-13,0.023049,629.92,0.001351,0.058615,36.92,27329.15,0.069,0.081,False
CAMP100595,Instagram,Travel,Product Launch,2023-08-19,26266,276461,459,22,2023-09-10,0.095008,1193.91,0.00166,0.017475,20.86,12566.41,0.286,0.1,False
CAMP100596,TikTok,Tech,Giveaway,2023-08-20,77518,116965,3710,7,2023-08-27,0.662745,11074.0,0.031719,0.04786,530.0,16709.29,1.929,1.869,True
CAMP100597,YouTube,Beauty,Giveaway,2023-08-21,1668,651616,196,12,2023-09-02,0.00256,139.0,0.000301,0.117506,16.33,54301.33,0.008,0.018,False
CAMP100598,Twitter,Food,Brand Awareness,2023-08-22,49058,480171,4272,20,2023-09-11,0.102168,2452.9,0.008897,0.087081,213.6,24008.55,0.283,0.499,False
CAMP100599,YouTube,Fashion,Product Launch,2023-08-23,93067,113157,4773,3,2023-08-26,0.822459,31022.33,0.04218,0.051286,1591.0,37719.0,2.416,2.548,True
CAMP100600,YouTube,Beauty,Brand Awareness,2023-08-24,21385,322673,1058,23,2023-09-16,0.066275,929.78,0.003279,0.049474,46.0,14029.26,0.195,0.198,False
CAMP100601,TikTok,Travel,Giveaway,2023-08-25,22603,205940,372,29,2023-09-23,0.109755,779.41,0.001806,0.016458,12.83,7101.38,0.319,0.106,False
CAMP100602,Twitter,Fashion,Product Launch,2023-08-26,62189,950443,2657,24,2023-09-19,0.065432,2591.21,0.002796,0.042725,110.71,39601.79,0.181,0.157,False
CAMP100603,TikTok,Food,Giveaway,2023-08-27,81546,60051,4959,2,2023-08-29,1.357946,40773.0,0.08258,0.060812,2479.5,30025.5,3.952,4.865,True
CAMP100604,Twitter,Gaming,Giveaway,2023-08-28,91088,801725,1527,1,2023-08-29,0.113615,91088.0,0.001905,0.016764,1527.0,801725.0,0.315,0.107,False
CAMP100605,TikTok,Fitness,Brand Awareness,2023-08-29,47421,744351,1354,25,2023-09-23,0.063708,1896.84,0.001819,0.028553,54.16,29774.04,0.185,0.107,False
CAMP100606,TikTok,Tech,Event Promotion,2023-08-30,88221,13647,4597,23,2023-09-22,6.464498,3835.7,0.336851,0.052108,199.87,593.35,18.813,19.845,True
CAMP100607,Instagram,Travel,Product Launch,2023-08-31,71620,94916,3483,18,2023-09-18,0.754562,3978.89,0.036696,0.048632,193.5,5273.11,2.272,2.205,True
CAMP100608,TikTok,Fitness,Giveaway,2023-09-01,92814,80471,262,25,2023-09-26,1.153384,3712.56,0.003256,0.002823,10.48,3218.84,3.356,0.192,True
CAMP100609,YouTube,Travel,Brand Awareness,2023-09-02,79868,757159,2806,13,2023-09-15,0.105484,6143.69,0.003706,0.035133,215.85,58243.0,0.31,0.224,False
CAMP100610,YouTube,Beauty,Event Promotion,2023-09-03,13835,209239,2119,19,2023-09-22,0.066121,728.16,0.010127,0.153162,111.53,11012.58,0.194,0.612,False
CAMP100611,YouTube,Food,Giveaway,2023-09-04,38054,749124,770,28,2023-10-02,0.050798,1359.07,0.001028,0.020234,27.5,26754.43,0.149,0.062,False
CAMP100612,Twitter,Tech,Brand Awareness,2023-09-05,86102,372591,2613,25,2023-09-30,0.23109,3444.08,0.007013,0.030348,104.52,14903.64,0.641,0.393,False
CAMP100613,Twitter,Fitness,Event Promotion,2023-09-06,95974,713139,4106,13,2023-09-19,0.13458,7382.62,0.005758,0.042782,315.85,54856.85,0.373,0.323,False
CAMP100614,Instagram,Beauty,Product Launch,2023-09-07,71924,564056,3335,5,2023-09-12,0.127512,14384.8,0.005913,0.046368,667.0,112811.2,0.384,0.355,False
CAMP100615,TikTok,Food,Brand Awareness,2023-09-08,39968,686234,2458,15,2023-09-23,0.058243,2664.53,0.003582,0.061499,163.87,45748.93,0.169,0.211,False
CAMP100616,TikTok,Tech,Seasonal Sale,2023-09-09,63054,77990,1806,27,2023-10-06,0.808488,2335.33,0.023157,0.028642,66.89,2888.52,2.353,1.364,True
CAMP100617,Instagram,Fashion,Product Launch,2023-09-10,74591,394714,821,18,2023-09-28,0.188975,4143.94,0.00208,0.011007,45.61,21928.56,0.569,0.125,False
CAMP100618,Instagram,Tech,Seasonal Sale,2023-09-11,92169,844230,2849,21,2023-10-02,0.109175,4389.0,0.003375,0.030911,135.67,40201.43,0.329,0.203,False
CAMP100619,Instagram,Fitness,Product Launch,2023-09-12,2255,496534,2410,3,2023-09-15,0.004541,751.67,0.004854,1.068736,803.33,165511.33,0.014,0.292,False
CAMP100620,TikTok,Beauty,Brand Awareness,2023-09-13,52298,19409,4487,23,2023-10-06,2.694523,2273.83,0.231181,0.085797,195.09,843.87,7.841,13.62,True
CAMP100621,YouTube,Travel,Brand Awareness,2023-09-14,77720,264319,3253,1,2023-09-15,0.294039,77720.0,0.012307,0.041855,3253.0,264319.0,0.864,0.743,False
CAMP100622,Twitter,Gaming,Brand Awareness,2023-09-15,34160,176292,3952,19,2023-10-04,0.193769,1797.89,0.022417,0.115691,208.0,9278.53,0.537,1.256,False
CAMP100623,YouTube,Travel,Giveaway,2023-09-16,43478,504582,1074,20,2023-10-06,0.086166,2173.9,0.002128,0.024702,53.7,25229.1,0.253,0.129,False
CAMP100624,Twitter,Fashion,Product Launch,2023-09-17,37204,438587,1975,17,2023-10-04,0.084827,2188.47,0.004503,0.053086,116.18,25799.24,0.235,0.252,False
CAMP100625,YouTube,Gaming,Giveaway,2023-09-18,20248,980619,4282,9,2023-09-27,0.020648,2249.78,0.004367,0.211478,475.78,108957.67,0.061,0.264,False
CAMP100626,TikTok,Travel,Event Promotion,2023-09-19,83255,322738,2473,19,2023-10-08,0.257965,4381.84,0.007663,0.029704,130.16,16986.21,0.751,0.451,False
CAMP100627,Instagram,Gaming,Product Launch,2023-09-20,88783,831942,1184,5,2023-09-25,0.106718,17756.6,0.001423,0.013336,236.8,166388.4,0.321,0.085,False
CAMP100628,YouTube,Beauty,Brand Awareness,2023-09-21,94692,548977,3891,12,2023-10-03,0.172488,7891.0,0.007088,0.041091,324.25,45748.08,0.507,0.428,False
CAMP100629,TikTok,Food,Seasonal Sale,2023-09-22,67979,453224,1425,28,2023-10-20,0.14999,2427.82,0.003144,0.020962,50.89,16186.57,0.436,0.185,False
CAMP100630,Twitter,Fashion,Seasonal Sale,2023-09-23,26570,487527,1400,25,2023-10-18,0.0545,1062.8,0.002872,0.052691,56.0,19501.08,0.151,0.161,False
CAMP100631,TikTok,Gaming,Event Promotion,2023-09-24,39638,819677,3096,8,2023-10-02,0.048358,4954.75,0.003777,0.078107,387.0,102459.62,0.141,0.223,False
CAMP100632,Instagram,Beauty,Product Launch,2023-09-25,89865,378757,2662,14,2023-10-09,0.237263,6418.93,0.007028,0.029622,190.14,27054.07,0.715,0.422,False
CAMP100633,Instagram,Food,Seasonal Sale,2023-09-26,63257,498101,189,23,2023-10-19,0.126996,2750.3,0.000379,0.002988,8.22,21656.57,0.382,0.023,False
CAMP100634,Instagram,Beauty,Product Launch,2023-09-27,84029,662165,4681,1,2023-09-28,0.1269,84029.0,0.007069,0.055707,4681.0,662165.0,0.382,0.425,False
CAMP100635,Instagram,Travel,Brand Awareness,2023-09-28,65204,493613,2795,9,2023-10-07,0.132095,7244.89,0.005662,0.042865,310.56,54845.89,0.398,0.34,False
CAMP100636,YouTube,Beauty,Product Launch,2023-09-29,116,624967,4174,17,2023-10-16,0.000186,6.82,0.006679,35.982759,245.53,36762.76,0.001,0.403,False
CAMP100637,TikTok,Food,Product Launch,2023-09-30,53711,329891,2371,15,2023-10-15,0.162814,3580.73,0.007187,0.044144,158.07,21992.73,0.474,0.423,False
CAMP100638,TikTok,Travel,Seasonal Sale,2023-10-01,5037,308413,2288,13,2023-10-14,0.016332,387.46,0.007419,0.454239,176.0,23724.08,0.048,0.437,False
CAMP100639,TikTok,Beauty,Event Promotion,2023-10-02,36077,923221,3896,18,2023-10-20,0.039077,2004.28,0.00422,0.107991,216.44,51290.06,0.114,0.249,False
CAMP100640,TikTok,Food,Seasonal Sale,2023-10-03,31782,574023,911,17,2023-10-20,0.055367,1869.53,0.001587,0.028664,53.59,33766.06,0.161,0.093,False
CAMP100641,TikTok,Beauty,Seasonal Sale,2023-10-04,39843,746564,3382,29,2023-11-02,0.053368,1373.9,0.00453,0.084883,116.62,25743.59,0.155,0.267,False
CAMP100642,Instagram,Tech,Product Launch,2023-10-05,72946,935966,1105,22,2023-10-27,0.077937,3315.73,0.001181,0.015148,50.23,42543.91,0.235,0.071,False
CAMP100643,Instagram,Food,Seasonal Sale,2023-10-06,26122,436973,1078,13,2023-10-19,0.059779,2009.38,0.002467,0.041268,82.92,33613.31,0.18,0.148,False
CAMP100644,YouTube,Travel,Brand Awareness,2023-10-07,19094,37973,4915,7,2023-10-14,0.502831,2727.71,0.129434,0.257411,702.14,5424.71,1.477,7.818,True
CAMP100645,TikTok,Fashion,Product Launch,2023-10-08,17413,120682,4790,16,2023-10-24,0.144288,1088.31,0.039691,0.275082,299.38,7542.62,0.42,2.338,False
CAMP100646,Instagram,Food,Event Promotion,2023-10-09,66871,486180,3393,19,2023-10-28,0.137544,3519.53,0.006979,0.050739,178.58,25588.42,0.414,0.419,False
CAMP100647,YouTube,Food,Giveaway,2023-10-10,64672,937339,2514,17,2023-10-27,0.068995,3804.24,0.002682,0.038873,147.88,55137.59,0.203,0.162,False
CAMP100648,YouTube,Food,Event Promotion,2023-10-11,64583,764352,633,21,2023-11-01,0.084494,3075.38,0.000828,0.009801,30.14,36397.71,0.248,0.05,False
CAMP100649,Instagram,Fitness,Seasonal Sale,2023-10-12,71458,598952,3927,4,2023-10-16,0.119305,17864.5,0.006556,0.054955,981.75,149738.0,0.359,0.394,False
CAMP100650,YouTube,Fashion,Giveaway,2023-10-13,75451,839845,2582,6,2023-10-19,0.089839,12575.17,0.003074,0.034221,430.33,139974.17,0.264,0.186,False
CAMP100651,TikTok,Food,Product Launch,2023-10-14,52386,308168,4576,4,2023-10-18,0.169992,13096.5,0.014849,0.087352,1144.0,77042.0,0.495,0.875,False
CAMP100652,YouTube,Gaming,Event Promotion,2023-10-15,33202,647302,374,21,2023-11-05,0.051293,1581.05,0.000578,0.011264,17.81,30823.9,0.151,0.035,False
CAMP100653,Instagram,Beauty,Brand Awareness,2023-10-16,17818,875497,2324,26,2023-11-11,0.020352,685.31,0.002654,0.13043,89.38,33672.96,0.061,0.159,False
CAMP100654,TikTok,Travel,Event Promotion,2023-10-17,38813,990310,695,4,2023-10-21,0.039193,9703.25,0.000702,0.017906,173.75,247577.5,0.114,0.041,False
CAMP100655,Instagram,Fitness,Event Promotion,2023-10-18,5199,88483,4454,24,2023-11-11,0.058757,216.62,0.050337,0.856703,185.58,3686.79,0.177,3.024,False
CAMP100656,TikTok,Food,Product Launch,2023-10-19,36610,473145,3926,3,2023-10-22,0.077376,12203.33,0.008298,0.107238,1308.67,157715.0,0.225,0.489,False
CAMP100657,Instagram,Travel,Giveaway,2023-10-20,32878,357018,2723,14,2023-11-03,0.092091,2348.43,0.007627,0.082821,194.5,25501.29,0.277,0.458,False
CAMP100658,YouTube,Gaming,Event Promotion,2023-10-21,2859,129471,1878,7,2023-10-28,0.022082,408.43,0.014505,0.656873,268.29,18495.86,0.065,0.876,False
CAMP100659,Instagram,Fashion,Brand Awareness,2023-10-22,78783,618445,1930,13,2023-11-04,0.127389,6060.23,0.003121,0.024498,148.46,47572.69,0.384,0.188,False
CAMP100660,Instagram,Gaming,Brand Awareness,2023-10-23,26787,816211,3851,14,2023-11-06,0.032819,1913.36,0.004718,0.143764,275.07,58300.79,0.099,0.283,False
CAMP100661,TikTok,Tech,Seasonal Sale,2023-10-24,8826,112776,4115,20,2023-11-13,0.078261,441.3,0.036488,0.466236,205.75,5638.8,0.228,2.15,False
CAMP100662,Instagram,Fashion,Seasonal Sale,2023-10-25,79948,511885,2760,6,2023-10-31,0.156184,13324.67,0.005392,0.034522,460.0,85314.17,0.47,0.324,False
CAMP100663,Instagram,Beauty,Brand Awareness,2023-10-26,38689,658425,3448,1,2023-10-27,0.05876,38689.0,0.005237,0.089121,3448.0,658425.0,0.177,0.315,False
CAMP100664,Instagram,Food,Giveaway,2023-10-27,27354,635553,2713,10,2023-11-06,0.04304,2735.4,0.004269,0.099181,271.3,63555.3,0.13,0.256,False
CAMP100665,TikTok,Gaming,Event Promotion,2023-10-28,9855,929410,4094,4,2023-11-01,0.010604,2463.75,0.004405,0.415424,1023.5,232352.5,0.031,0.26,False
CAMP100666,TikTok,Fashion,Brand Awareness,2023-10-29,78843,268984,4293,17,2023-11-15,0.293114,4637.82,0.01596,0.05445,252.53,15822.59,0.853,0.94,False
CAMP100667,Twitter,Gaming,Brand Awareness,2023-10-30,11621,633536,1719,26,2023-11-25,0.018343,446.96,0.002713,0.147922,66.12,24366.77,0.051,0.152,False
CAMP100668,Instagram,Fashion,Brand Awareness,2023-10-31,47984,772471,1124,12,2023-11-12,0.062118,3998.67,0.001455,0.023424,93.67,64372.58,0.187,0.087,False
CAMP100669,YouTube,Fitness,Brand Awareness,2023-11-01,2492,286806,2970,18,2023-11-19,0.008689,138.44,0.010355,1.191814,165.0,15933.67,0.026,0.625,False
CAMP100670,Instagram,Tech,Brand Awareness,2023-11-02,61321,427231,2462,8,2023-11-10,0.143531,7665.12,0.005763,0.040149,307.75,53403.88,0.432,0.346,False
CAMP100671,YouTube,Beauty,Brand Awareness,2023-11-03,56506,319503,1934,7,2023-11-10,0.176856,8072.29,0.006053,0.034226,276.29,45643.29,0.52,0.366,False
CAMP100672,Twitter,Gaming,Product Launch,2023-11-04,10041,945543,1203,16,2023-11-20,0.010619,627.56,0.001272,0.119809,75.19,59096.44,0.029,0.071,False
CAMP100673,TikTok,Fitness,Event Promotion,2023-11-05,70444,451367,171,23,2023-11-28,0.156068,3062.78,0.000379,0.002427,7.43,19624.65,0.454,0.022,False
CAMP100674,YouTube,Beauty,Product Launch,2023-11-06,43497,518351,3734,13,2023-11-19,0.083914,3345.92,0.007204,0.085845,287.23,39873.15,0.247,0.435,False
CAMP100675,Instagram,Fashion,Seasonal Sale,2023-11-07,12921,436110,3101,5,2023-11-12,0.029628,2584.2,0.007111,0.239997,620.2,87222.0,0.089,0.427,False
CAMP100676,Twitter,Tech,Product Launch,2023-11-08,89779,15069,403,21,2023-11-29,5.957861,4275.19,0.026744,0.004489,19.19,717.57,16.524,1.499,True
CAMP100677,YouTube,Food,Event Promotion,2023-11-09,53581,88386,3931,29,2023-12-08,0.606216,1847.62,0.044475,0.073366,135.55,3047.79,1.781,2.686,True
CAMP100678,Instagram,Travel,Seasonal Sale,2023-11-10,87450,16100,373,7,2023-11-17,5.431677,12492.86,0.023168,0.004265,53.29,2300.0,16.358,1.392,True
CAMP100679,Instagram,Fitness,Brand Awareness,2023-11-11,58314,154027,4913,13,2023-11-24,0.378596,4485.69,0.031897,0.084251,377.92,11848.23,1.14,1.916,False
CAMP100680,Instagram,Gaming,Product Launch,2023-11-12,90567,447275,2713,23,2023-12-05,0.202486,3937.7,0.006066,0.029956,117.96,19446.74,0.61,0.364,False
CAMP100681,Instagram,Beauty,Product Launch,2023-11-13,52098,959483,929,19,2023-12-02,0.054298,2742.0,0.000968,0.017832,48.89,50499.11,0.164,0.058,False
CAMP100682,Instagram,Travel,Seasonal Sale,2023-11-14,45897,617278,4681,15,2023-11-29,0.074354,3059.8,0.007583,0.101989,312.07,41151.87,0.224,0.456,False
CAMP100683,YouTube,Fashion,Event Promotion,2023-11-15,96933,669930,4463,6,2023-11-21,0.144691,16155.5,0.006662,0.046042,743.83,111655.0,0.425,0.402,False
CAMP100684,YouTube,Tech,Giveaway,2023-11-16,204,925032,3030,10,2023-11-26,0.000221,20.4,0.003276,14.852941,303.0,92503.2,0.001,0.198,False
CAMP100685,Instagram,Beauty,Giveaway,2023-11-17,73846,605780,326,15,2023-12-02,0.121902,4923.07,0.000538,0.004415,21.73,40385.33,0.367,0.032,False
CAMP100686,YouTube,Gaming,Product Launch,2023-11-18,59391,401179,545,1,2023-11-19,0.148041,59391.0,0.001358,0.009176,545.0,401179.0,0.435,0.082,False
CAMP100687,Twitter,Food,Event Promotion,2023-11-19,16867,564531,2855,27,2023-12-16,0.029878,624.7,0.005057,0.169265,105.74,20908.56,0.083,0.283,False
CAMP100688,TikTok,Food,Brand Awareness,2023-11-20,51380,902542,2563,29,2023-12-19,0.056928,1771.72,0.00284,0.049883,88.38,31122.14,0.166,0.167,False
CAMP100689,YouTube,Beauty,Brand Awareness,2023-11-21,28925,375700,2035,12,2023-12-03,0.07699,2410.42,0.005417,0.070354,169.58,31308.33,0.226,0.327,False
CAMP100690,Instagram,Travel,Brand Awareness,2023-11-22,453,354128,3233,7,2023-11-29,0.001279,64.71,0.009129,7.136865,461.86,50589.71,0.004,0.548,False
CAMP100691,TikTok,Food,Brand Awareness,2023-11-23,53583,130869,1773,18,2023-12-11,0.40944,2976.83,0.013548,0.033089,98.5,7270.5,1.192,0.798,False
CAMP100692,Instagram,Fashion,Event Promotion,2023-11-24,25676,87823,3657,15,2023-12-09,0.292361,1711.73,0.041641,0.142429,243.8,5854.87,0.88,2.502,False
CAMP100693,Instagram,Travel,Brand Awareness,2023-11-25,79755,547069,2742,13,2023-12-08,0.145786,6135.0,0.005012,0.03438,210.92,42082.23,0.439,0.301,False
CAMP100694,Twitter,Fitness,Giveaway,2023-11-26,36702,155368,398,14,2023-12-10,0.236226,2621.57,0.002562,0.010844,28.43,11097.71,0.655,0.144,False
CAMP100695,YouTube,Tech,Seasonal Sale,2023-11-27,31657,771008,2660,23,2023-12-20,0.041059,1376.39,0.00345,0.084026,115.65,33522.09,0.121,0.208,False
CAMP100696,TikTok,Fitness,Giveaway,2023-11-28,4810,662195,4615,14,2023-12-12,0.007264,343.57,0.006969,0.959459,329.64,47299.64,0.021,0.411,False
CAMP100697,YouTube,Food,Event Promotion,2023-11-29,1953,483766,242,6,2023-12-05,0.004037,325.5,0.0005,0.123912,40.33,80627.67,0.012,0.03,False
CAMP100698,YouTube,Fashion,Brand Awareness,2023-11-30,3263,898416,4821,1,2023-12-01,0.003632,3263.0,0.005366,1.477475,4821.0,898416.0,0.011,0.324,False
CAMP100699,Instagram,Tech,Giveaway,2023-12-01,36469,873337,1421,6,2023-12-07,0.041758,6078.17,0.001627,0.038965,236.83,145556.17,0.126,0.098,False
CAMP100700,Instagram,Tech,Seasonal Sale,2023-12-02,24633,243063,1953,28,2023-12-30,0.101344,879.75,0.008035,0.079284,69.75,8680.82,0.305,0.483,False
CAMP100701,Instagram,Gaming,Brand Awareness,2023-12-03,95715,335165,1916,25,2023-12-28,0.285576,3828.6,0.005717,0.020018,76.64,13406.6,0.86,0.343,False
CAMP100702,Instagram,Gaming,Event Promotion,2023-12-04,55081,831105,3773,15,2023-12-19,0.066274,3672.07,0.00454,0.068499,251.53,55407.0,0.2,0.273,False
CAMP100703,TikTok,Fitness,Brand Awareness,2023-12-05,62228,700184,3739,6,2023-12-11,0.088874,10371.33,0.00534,0.060085,623.17,116697.33,0.259,0.315,False
CAMP100704,Instagram,Food,Event Promotion,2023-12-06,8016,269862,4453,25,2023-12-31,0.029704,320.64,0.016501,0.555514,178.12,10794.48,0.089,0.991,False
CAMP100705,YouTube,Beauty,Event Promotion,2023-12-07,7320,17685,3716,19,2023-12-26,0.41391,385.26,0.210122,0.50765,195.58,930.79,1.216,12.692,False
CAMP100706,TikTok,Travel,Seasonal Sale,2023-12-08,34730,677124,334,3,2023-12-11,0.05129,11576.67,0.000493,0.009617,111.33,225708.0,0.149,0.029,False
CAMP100707,TikTok,Fitness,Brand Awareness,2023-12-09,97762,246719,2198,25,2024-01-03,0.396248,3910.48,0.008909,0.022483,87.92,9868.76,1.153,0.525,False
CAMP100708,YouTube,Gaming,Giveaway,2023-12-10,31694,93420,2208,2,2023-12-12,0.339264,15847.0,0.023635,0.069666,1104.0,46710.0,0.997,1.428,False
CAMP100709,YouTube,Food,Giveaway,2023-12-11,12671,282511,4909,6,2023-12-17,0.044851,2111.83,0.017376,0.38742,818.17,47085.17,0.132,1.05,False
CAMP100710,Twitter,Gaming,Seasonal Sale,2023-12-12,57561,315178,3395,21,2024-01-02,0.18263,2741.0,0.010772,0.058981,161.67,15008.48,0.507,0.604,False
CAMP100711,YouTube,Fashion,Giveaway,2023-12-13,80514,212879,2263,12,2023-12-25,0.378215,6709.5,0.01063,0.028107,188.58,17739.92,1.111,0.642,False
CAMP100712,TikTok,Travel,Brand Awareness,2023-12-14,51168,274880,613,19,2024-01-02,0.186147,2693.05,0.00223,0.01198,32.26,14467.37,0.542,0.131,False
CAMP100713,Twitter,Gaming,Giveaway,2023-12-15,63473,374768,1575,27,2024-01-11,0.169366,2350.85,0.004203,0.024814,58.33,13880.3,0.47,0.236,False
CAMP100714,TikTok,Gaming,Product Launch,2023-12-16,86072,616044,2690,3,2023-12-19,0.139717,28690.67,0.004367,0.031253,896.67,205348.0,0.407,0.257,False
CAMP100715,Instagram,Tech,Giveaway,2023-12-17,12995,306050,784,2,2023-12-19,0.04246,6497.5,0.002562,0.060331,392.0,153025.0,0.128,0.154,False
CAMP100716,YouTube,Fitness,Seasonal Sale,2023-12-18,60553,230089,4093,12,2023-12-30,0.263172,5046.08,0.017789,0.067594,341.08,19174.08,0.773,1.075,False
CAMP100717,Instagram,Beauty,Product Launch,2023-12-19,71336,923626,949,19,2024-01-07,0.077235,3754.53,0.001027,0.013303,49.95,48611.89,0.233,0.062,False
CAMP100718,YouTube,Beauty,Product Launch,2023-12-20,9488,876964,2498,25,2024-01-14,0.010819,379.52,0.002848,0.26328,99.92,35078.56,0.032,0.172,False
CAMP100719,Twitter,Food,Brand Awareness,2023-12-21,72763,554482,4163,13,2024-01-03,0.131227,5597.15,0.007508,0.057213,320.23,42652.46,0.364,0.421,False
CAMP100720,YouTube,Travel,Brand Awareness,2023-12-22,59942,275728,2895,20,2024-01-11,0.217395,2997.1,0.010499,0.048297,144.75,13786.4,0.639,0.634,False
CAMP100721,YouTube,Fashion,Seasonal Sale,2023-12-23,87100,497754,2457,22,2024-01-14,0.174986,3959.09,0.004936,0.028209,111.68,22625.18,0.514,0.298,False
CAMP100722,Instagram,Fitness,Giveaway,2023-12-24,91875,797340,1559,7,2023-12-31,0.115227,13125.0,0.001955,0.016969,222.71,113905.71,0.347,0.117,False
CAMP100723,Twitter,Beauty,Giveaway,2023-12-25,52999,444938,146,12,2024-01-06,0.119115,4416.58,0.000328,0.002755,12.17,37078.17,0.33,0.018,False
CAMP100724,Instagram,Fitness,Seasonal Sale,2023-12-26,1013,926488,2588,17,2024-01-12,0.001093,59.59,0.002793,2.554788,152.24,54499.29,0.003,0.168,False
CAMP100725,Instagram,Food,Event Promotion,2023-12-27,9062,348129,4222,1,2023-12-28,0.026031,9062.0,0.012128,0.465902,4222.0,348129.0,0.078,0.729,False
CAMP100726,Instagram,Travel,Brand Awareness,2023-12-28,50465,967771,3534,19,2024-01-16,0.052146,2656.05,0.003652,0.070029,186.0,50935.32,0.157,0.219,False
CAMP100727,Instagram,Beauty,Event Promotion,2023-12-29,38157,368675,1587,24,2024-01-22,0.103498,1589.88,0.004305,0.041591,66.12,15361.46,0.312,0.259,False
CAMP100728,YouTube,Food,Event Promotion,2023-12-30,85788,131536,4217,9,2024-01-08,0.652202,9532.0,0.03206,0.049156,468.56,14615.11,1.916,1.937,True
CAMP100729,YouTube,Fitness,Seasonal Sale,2023-12-31,50914,629123,1113,16,2024-01-16,0.080929,3182.12,0.001769,0.02186,69.56,39320.19,0.238,0.107,False
CAMP100730,Instagram,Fashion,Event Promotion,2024-01-01,97937,508623,2565,9,2024-01-10,0.192553,10881.89,0.005043,0.02619,285.0,56513.67,0.58,0.303,False
CAMP100731,Instagram,Travel,Product Launch,2024-01-02,76824,583151,311,9,2024-01-11,0.131739,8536.0,0.000533,0.004048,34.56,64794.56,0.397,0.032,False
CAMP100732,Instagram,Travel,Product Launch,2024-01-03,1299,366706,4595,20,2024-01-23,0.003542,64.95,0.01253,3.537336,229.75,18335.3,0.011,0.753,False
CAMP100733,Instagram,Fashion,Event Promotion,2024-01-04,65442,146362,1929,15,2024-01-19,0.447124,4362.8,0.01318,0.029476,128.6,9757.47,1.347,0.792,True
CAMP100734,Instagram,Tech,Giveaway,2024-01-05,92170,713477,4966,14,2024-01-19,0.129184,6583.57,0.00696,0.053879,354.71,50962.64,0.389,0.418,False
CAMP100735,YouTube,Fashion,Brand Awareness,2024-01-06,41933,400702,4707,17,2024-01-23,0.104649,2466.65,0.011747,0.11225,276.88,23570.71,0.307,0.71,False
CAMP100736,Instagram,Fashion,Seasonal Sale,2024-01-07,25115,623017,1310,5,2024-01-12,0.040312,5023.0,0.002103,0.05216,262.0,124603.4,0.121,0.126,False
CAMP100737,Instagram,Gaming,Event Promotion,2024-01-08,63714,277937,2210,29,2024-02-06,0.229239,2197.03,0.007951,0.034686,76.21,9584.03,0.69,0.478,False
CAMP100738,Instagram,Fashion,Product Launch,2024-01-09,55474,518170,4880,7,2024-01-16,0.107058,7924.86,0.009418,0.087969,697.14,74024.29,0.322,0.566,False
CAMP100739,YouTube,Food,Product Launch,2024-01-10,18452,491436,4284,3,2024-01-13,0.037547,6150.67,0.008717,0.23217,1428.0,163812.0,0.11,0.527,False
CAMP100740,Instagram,Beauty,Product Launch,2024-01-11,18596,86376,3842,12,2024-01-23,0.215291,1549.67,0.04448,0.206604,320.17,7198.0,0.648,2.672,False
CAMP100741,Instagram,Travel,Product Launch,2024-01-12,71431,493004,2838,19,2024-01-31,0.144889,3759.53,0.005757,0.039731,149.37,25947.58,0.436,0.346,False
CAMP100742,TikTok,Tech,Seasonal Sale,2024-01-13,28673,68484,1559,16,2024-01-29,0.418682,1792.06,0.022764,0.054372,97.44,4280.25,1.218,1.341,False
CAMP100743,Instagram,Gaming,Seasonal Sale,2024-01-14,94771,566546,704,12,2024-01-26,0.167279,7897.58,0.001243,0.007428,58.67,47212.17,0.504,0.075,False
CAMP100744,YouTube,Food,Giveaway,2024-01-15,80206,673282,4049,11,2024-01-26,0.119127,7291.45,0.006014,0.050483,368.09,61207.45,0.35,0.363,False
CAMP100745,YouTube,Gaming,Event Promotion,2024-01-16,93235,668513,3737,26,2024-02-11,0.139466,3585.96,0.00559,0.040082,143.73,25712.04,0.41,0.338,False
CAMP100746,Instagram,Food,Giveaway,2024-01-17,95270,319951,4668,28,2024-02-14,0.297764,3402.5,0.01459,0.048998,166.71,11426.82,0.897,0.877,False
CAMP100747,YouTube,Food,Event Promotion,2024-01-18,95148,757523,1407,5,2024-01-23,0.125604,19029.6,0.001857,0.014787,281.4,151504.6,0.369,0.112,False
CAMP100748,TikTok,Tech,Product Launch,2024-01-19,21890,799639,570,10,2024-01-29,0.027375,2189.0,0.000713,0.026039,57.0,79963.9,0.08,0.042,False
CAMP100749,TikTok,Travel,Event Promotion,2024-01-20,92413,522479,390,19,2024-02-08,0.176874,4863.84,0.000746,0.00422,20.53,27498.89,0.515,0.044,False
CAMP100750,Instagram,Tech,Giveaway,2024-01-21,80884,923433,1591,1,2024-01-22,0.087591,80884.0,0.001723,0.01967,1591.0,923433.0,0.264,0.104,False
CAMP100751,Instagram,Food,Giveaway,2024-01-22,33718,689929,611,17,2024-02-08,0.048872,1983.41,0.000886,0.018121,35.94,40584.06,0.147,0.053,False
CAMP100752,Instagram,Fitness,Product Launch,2024-01-23,6106,907816,3707,29,2024-02-21,0.006726,210.55,0.004083,0.607108,127.83,31304.0,0.02,0.245,False
CAMP100753,YouTube,Fashion,Seasonal Sale,2024-01-24,24656,629463,4437,27,2024-02-20,0.03917,913.19,0.007049,0.179956,164.33,23313.44,0.115,0.426,False
CAMP100754,YouTube,Tech,Brand Awareness,2024-01-25,22190,388722,2372,21,2024-02-15,0.057084,1056.67,0.006102,0.106895,112.95,18510.57,0.168,0.369,False
CAMP100755,Instagram,Food,Giveaway,2024-01-26,57592,392281,700,5,2024-01-31,0.146813,11518.4,0.001784,0.012154,140.0,78456.2,0.442,0.107,False
CAMP100756,Instagram,Food,Brand Awareness,2024-01-27,64299,672616,4402,25,2024-02-21,0.095595,2571.96,0.006545,0.068461,176.08,26904.64,0.288,0.393,False
CAMP100757,Twitter,Tech,Giveaway,2024-01-28,16534,787070,2007,22,2024-02-19,0.021007,751.55,0.00255,0.121386,91.23,35775.91,0.058,0.143,False
CAMP100758,Instagram,Tech,Event Promotion,2024-01-29,11081,745197,2463,9,2024-02-07,0.01487,1231.22,0.003305,0.222272,273.67,82799.67,0.045,0.199,False
CAMP100759,YouTube,Fitness,Product Launch,2024-01-30,25597,719040,4662,23,2024-02-22,0.035599,1112.91,0.006484,0.182131,202.7,31262.61,0.105,0.392,False
CAMP100760,TikTok,Beauty,Product Launch,2024-01-31,82376,116454,2799,17,2024-02-17,0.707369,4845.65,0.024035,0.033978,164.65,6850.24,2.059,1.416,True
CAMP100761,Instagram,Tech,Brand Awareness,2024-02-01,55449,713111,1608,6,2024-02-07,0.077756,9241.5,0.002255,0.029,268.0,118851.83,0.234,0.135,False
CAMP100762,Instagram,Food,Seasonal Sale,2024-02-02,84630,208035,615,23,2024-02-25,0.406807,3679.57,0.002956,0.007267,26.74,9045.0,1.225,0.178,False
CAMP100763,Instagram,Travel,Product Launch,2024-02-03,89250,388363,4483,15,2024-02-18,0.229811,5950.0,0.011543,0.05023,298.87,25890.87,0.692,0.694,False
CAMP100764,Twitter,Tech,Event Promotion,2024-02-04,32045,57860,941,8,2024-02-12,0.553837,4005.62,0.016263,0.029365,117.62,7232.5,1.536,0.911,True
CAMP100765,Instagram,Tech,Brand Awareness,2024-02-05,44947,653872,1762,16,2024-02-21,0.06874,2809.19,0.002695,0.039202,110.12,40867.0,0.207,0.162,False
CAMP100766,Instagram,Gaming,Giveaway,2024-02-06,91274,499968,1516,23,2024-02-29,0.18256,3968.43,0.003032,0.016609,65.91,21737.74,0.55,0.182,False
CAMP100767,Instagram,Fitness,Event Promotion,2024-02-07,76146,326238,610,19,2024-02-26,0.233406,4007.68,0.00187,0.008011,32.11,17170.42,0.703,0.112,False
CAMP100768,Instagram,Beauty,Giveaway,2024-02-08,23429,499160,4332,18,2024-02-26,0.046937,1301.61,0.008679,0.184899,240.67,27731.11,0.141,0.521,False
CAMP100769,YouTube,Food,Brand Awareness,2024-02-09,66511,743862,1442,1,2024-02-10,0.089413,66511.0,0.001939,0.021681,1442.0,743862.0,0.263,0.117,False
CAMP100770,Instagram,Travel,Giveaway,2024-02-10,27151,523824,2847,14,2024-02-24,0.051832,1939.36,0.005435,0.104858,203.36,37416.0,0.156,0.327,False
CAMP100771,YouTube,Fashion,Event Promotion,2024-02-11,60809,203922,1814,29,2024-03-11,0.298197,2096.86,0.008896,0.029831,62.55,7031.79,0.876,0.537,False
CAMP100772,YouTube,Gaming,Seasonal Sale,2024-02-12,24734,579983,523,20,2024-03-03,0.042646,1236.7,0.000902,0.021145,26.15,28999.15,0.125,0.054,False
CAMP100773,TikTok,Food,Product Launch,2024-02-13,10973,963940,3371,13,2024-02-26,0.011383,844.08,0.003497,0.307209,259.31,74149.23,0.033,0.206,False
CAMP100774,Instagram,Beauty,Giveaway,2024-02-14,44718,105119,2749,11,2024-02-25,0.425404,4065.27,0.026151,0.061474,249.91,9556.27,1.281,1.571,True
CAMP100775,TikTok,Tech,Seasonal Sale,2024-02-15,80141,728154,3144,10,2024-02-25,0.110061,8014.1,0.004318,0.039231,314.4,72815.4,0.32,0.254,False
CAMP100776,YouTube,Gaming,Event Promotion,2024-02-16,70379,838965,4159,1,2024-02-17,0.083888,70379.0,0.004957,0.059094,4159.0,838965.0,0.246,0.299,False
CAMP100777,Instagram,Fashion,Seasonal Sale,2024-02-17,89814,847051,1109,28,2024-03-16,0.106031,3207.64,0.001309,0.012348,39.61,30251.82,0.319,0.079,False
CAMP100778,TikTok,Travel,Seasonal Sale,2024-02-18,46384,798726,3863,7,2024-02-25,0.058072,6626.29,0.004836,0.083283,551.86,114103.71,0.169,0.285,False
CAMP100779,TikTok,Tech,Seasonal Sale,2024-02-19,87146,460045,287,12,2024-03-02,0.189429,7262.17,0.000624,0.003293,23.92,38337.08,0.551,0.037,False
CAMP100780,Instagram,Fashion,Giveaway,2024-02-20,31311,830973,2573,3,2024-02-23,0.03768,10437.0,0.003096,0.082176,857.67,276991.0,0.113,0.186,False
CAMP100781,Twitter,Beauty,Event Promotion,2024-02-21,67165,136694,1401,2,2024-02-23,0.491353,33582.5,0.010249,0.020859,700.5,68347.0,1.363,0.574,True
CAMP100782,YouTube,Tech,Giveaway,2024-02-22,6405,770408,2055,4,2024-02-26,0.008314,1601.25,0.002667,0.320843,513.75,192602.0,0.024,0.161,False
CAMP100783,YouTube,Fitness,Giveaway,2024-02-23,3551,734693,1695,20,2024-03-14,0.004833,177.55,0.002307,0.47733,84.75,36734.65,0.014,0.139,False
CAMP100784,Twitter,Tech,Seasonal Sale,2024-02-24,57505,54653,4810,2,2024-02-26,1.052184,28752.5,0.08801,0.083645,2405.0,27326.5,2.918,4.933,True
CAMP100785,Instagram,Food,Giveaway,2024-02-25,44667,662637,2761,11,2024-03-07,0.067408,4060.64,0.004167,0.061813,251.0,60239.73,0.203,0.25,False
CAMP100786,TikTok,Fashion,Event Promotion,2024-02-26,71775,268585,4789,29,2024-03-26,0.267234,2475.0,0.01783,0.066722,165.14,9261.55,0.778,1.05,False
CAMP100787,Instagram,Fitness,Event Promotion,2024-02-27,61612,223921,2865,4,2024-03-02,0.275151,15403.0,0.012795,0.046501,716.25,55980.25,0.829,0.769,False
CAMP100788,TikTok,Tech,Seasonal Sale,2024-02-28,10989,392866,2978,26,2024-03-25,0.027971,422.65,0.00758,0.270998,114.54,15110.23,0.081,0.447,False
CAMP100789,YouTube,Beauty,Event Promotion,2024-02-29,13665,996182,1517,18,2024-03-18,0.013717,759.17,0.001523,0.111014,84.28,55343.44,0.04,0.092,False
CAMP100790,Instagram,Fashion,Giveaway,2024-03-01,27752,155089,2130,12,2024-03-13,0.178942,2312.67,0.013734,0.076751,177.5,12924.08,0.539,0.825,False
CAMP100791,YouTube,Travel,Seasonal Sale,2024-03-02,64995,500763,608,20,2024-03-22,0.129792,3249.75,0.001214,0.009355,30.4,25038.15,0.381,0.073,False
CAMP100792,Instagram,Gaming,Brand Awareness,2024-03-03,39803,544667,4994,21,2024-03-24,0.073078,1895.38,0.009169,0.125468,237.81,25936.52,0.22,0.551,False
CAMP100793,Instagram,Tech,Giveaway,2024-03-04,86400,899783,309,9,2024-03-13,0.096023,9600.0,0.000343,0.003576,34.33,99975.89,0.289,0.021,False
CAMP100794,Instagram,Gaming,Giveaway,2024-03-05,85324,655810,1611,27,2024-04-01,0.130105,3160.15,0.002457,0.018881,59.67,24289.26,0.392,0.148,False
CAMP100795,Instagram,Travel,Giveaway,2024-03-06,64652,615575,1702,20,2024-03-26,0.105027,3232.6,0.002765,0.026326,85.1,30778.75,0.316,0.166,False
CAMP100796,Instagram,Tech,Giveaway,2024-03-07,43099,278650,4885,19,2024-03-26,0.154671,2268.37,0.017531,0.113344,257.11,14665.79,0.466,1.053,False
CAMP100797,Instagram,Travel,Giveaway,2024-03-08,71101,45682,187,6,2024-03-14,1.556434,11850.17,0.004094,0.00263,31.17,7613.67,4.687,0.246,True
CAMP100798,TikTok,Travel,Brand Awareness,2024-03-09,65235,511101,3431,25,2024-04-03,0.127636,2609.4,0.006713,0.052594,137.24,20444.04,0.371,0.395,False
CAMP100799,TikTok,Food,Product Launch,2024-03-10,41782,251510,4060,10,2024-03-20,0.166125,4178.2,0.016142,0.097171,406.0,25151.0,0.483,0.951,False
CAMP100800,TikTok,Travel,Brand Awareness,2024-03-11,91295,177262,3265,14,2024-03-25,0.515029,6521.07,0.018419,0.035763,233.21,12661.57,1.499,1.085,True
CAMP100801,Instagram,Food,Seasonal Sale,2024-03-12,79728,543203,3550,22,2024-04-03,0.146774,3624.0,0.006535,0.044526,161.36,24691.05,0.442,0.393,False
CAMP100802,TikTok,Travel,Product Launch,2024-03-13,46177,484137,1387,12,2024-03-25,0.09538,3848.08,0.002865,0.030037,115.58,40344.75,0.278,0.169,False
CAMP100803,YouTube,Fashion,Giveaway,2024-03-14,37028,161081,4455,9,2024-03-23,0.229872,4114.22,0.027657,0.120314,495.0,17897.89,0.675,1.671,False
CAMP100804,Instagram,Fashion,Seasonal Sale,2024-03-15,64572,311730,4762,11,2024-03-26,0.207141,5870.18,0.015276,0.073747,432.91,28339.09,0.624,0.918,False
CAMP100805,Instagram,Beauty,Giveaway,2024-03-16,834,928019,616,15,2024-03-31,0.000899,55.6,0.000664,0.738609,41.07,61867.93,0.003,0.04,False
CAMP100806,YouTube,Travel,Event Promotion,2024-03-17,65948,693820,3895,13,2024-03-30,0.095051,5072.92,0.005614,0.059062,299.62,53370.77,0.279,0.339,False
CAMP100807,Instagram,Fitness,Giveaway,2024-03-18,10000,701479,3593,23,2024-04-10,0.014256,434.78,0.005122,0.3593,156.22,30499.09,0.043,0.308,False
CAMP100808,YouTube,Fitness,Giveaway,2024-03-19,66414,551161,131,12,2024-03-31,0.120498,5534.5,0.000238,0.001972,10.92,45930.08,0.354,0.014,False
CAMP100809,Twitter,Fitness,Seasonal Sale,2024-03-20,22952,291914,3725,26,2024-04-15,0.078626,882.77,0.012761,0.162295,143.27,11227.46,0.218,0.715,False
CAMP100810,Instagram,Beauty,Product Launch,2024-03-21,77808,60343,988,12,2024-04-02,1.289429,6484.0,0.016373,0.012698,82.33,5028.58,3.883,0.984,True
CAMP100811,Instagram,Fashion,Giveaway,2024-03-22,14172,301490,2350,17,2024-04-08,0.047007,833.65,0.007795,0.16582,138.24,17734.71,0.142,0.468,False
CAMP100812,Twitter,Tech,Product Launch,2024-03-23,51369,188171,4839,15,2024-04-07,0.272991,3424.6,0.025716,0.094201,322.6,12544.73,0.757,1.441,False
CAMP100813,YouTube,Fashion,Product Launch,2024-03-24,49764,65430,1168,11,2024-04-04,0.760569,4524.0,0.017851,0.023471,106.18,5948.18,2.234,1.078,True
CAMP100814,Instagram,Tech,Product Launch,2024-03-25,70802,571764,2190,16,2024-04-10,0.123831,4425.12,0.00383,0.030931,136.88,35735.25,0.373,0.23,False
CAMP100815,TikTok,Tech,Giveaway,2024-03-26,74936,821818,1691,5,2024-03-31,0.091183,14987.2,0.002058,0.022566,338.2,164363.6,0.265,0.121,False
CAMP100816,TikTok,Tech,Event Promotion,2024-03-27,89462,738535,3642,27,2024-04-23,0.121134,3313.41,0.004931,0.04071,134.89,27353.15,0.353,0.291,False
CAMP100817,YouTube,Travel,Giveaway,2024-03-28,47325,360447,1375,18,2024-04-15,0.131295,2629.17,0.003815,0.029054,76.39,20024.83,0.386,0.23,False
CAMP100818,YouTube,Tech,Brand Awareness,2024-03-29,76914,423270,3145,9,2024-04-07,0.181714,8546.0,0.00743,0.04089,349.44,47030.0,0.534,0.449,False
CAMP100819,Instagram,Beauty,Product Launch,2024-03-30,74406,105663,2685,4,2024-04-03,0.704182,18601.5,0.025411,0.036086,671.25,26415.75,2.121,1.527,True
CAMP100820,Instagram,Food,Event Promotion,2024-03-31,27797,554694,889,23,2024-04-23,0.050112,1208.57,0.001603,0.031982,38.65,24117.13,0.151,0.096,False
CAMP100821,YouTube,Tech,Event Promotion,2024-04-01,52024,276138,4470,27,2024-04-28,0.188399,1926.81,0.016188,0.085922,165.56,10227.33,0.553,0.978,False
CAMP100822,Instagram,Food,Event Promotion,2024-04-02,85717,768745,3601,28,2024-04-30,0.111503,3061.32,0.004684,0.04201,128.61,27455.18,0.336,0.281,False
CAMP100823,YouTube,Tech,Product Launch,2024-04-03,64750,317158,970,26,2024-04-29,0.204157,2490.38,0.003058,0.014981,37.31,12198.38,0.6,0.185,False
CAMP100824,TikTok,Gaming,Product Launch,2024-04-04,99769,288311,434,22,2024-04-26,0.346046,4534.95,0.001505,0.00435,19.73,13105.05,1.007,0.089,False
CAMP100825,Instagram,Fashion,Brand Awareness,2024-04-05,59744,725202,4755,15,2024-04-20,0.082383,3982.93,0.006557,0.07959,317.0,48346.8,0.248,0.394,False
CAMP100826,YouTube,Fitness,Seasonal Sale,2024-04-06,59983,216773,4403,24,2024-04-30,0.276709,2499.29,0.020312,0.073404,183.46,9032.21,0.813,1.227,False
CAMP100827,Instagram,Gaming,Event Promotion,2024-04-07,64483,991943,734,16,2024-04-23,0.065007,4030.19,0.00074,0.011383,45.88,61996.44,0.196,0.044,False
CAMP100828,TikTok,Fitness,Product Launch,2024-04-08,24593,149819,2700,5,2024-04-13,0.164151,4918.6,0.018022,0.109787,540.0,29963.8,0.478,1.062,False
CAMP100829,Instagram,Food,Seasonal Sale,2024-04-09,13598,323768,449,26,2024-05-05,0.041999,523.0,0.001387,0.03302,17.27,12452.62,0.126,0.083,False
CAMP100830,YouTube,Fitness,Event Promotion,2024-04-10,27351,75723,1049,14,2024-04-24,0.361198,1953.64,0.013853,0.038353,74.93,5408.79,1.061,0.837,False
CAMP100831,YouTube,Fitness,Event Promotion,2024-04-11,39219,504112,2429,25,2024-05-06,0.077798,1568.76,0.004818,0.061934,97.16,20164.48,0.229,0.291,False
CAMP100832,Instagram,Tech,Event Promotion,2024-04-12,57382,560252,3894,18,2024-04-30,0.102422,3187.89,0.00695,0.067861,216.33,31125.11,0.308,0.418,False
CAMP100833,YouTube,Beauty,Event Promotion,2024-04-13,2546,1082,1231,21,2024-05-04,2.35305,121.24,1.137708,0.483504,58.62,51.52,6.913,68.721,True
CAMP100834,TikTok,Beauty,Product Launch,2024-04-14,35429,212345,582,18,2024-05-02,0.166846,1968.28,0.002741,0.016427,32.33,11796.94,0.486,0.161,False
CAMP100835,YouTube,Gaming,Product Launch,2024-04-15,32742,767401,3315,21,2024-05-06,0.042666,1559.14,0.00432,0.101246,157.86,36542.9,0.125,0.261,False
CAMP100836,TikTok,Tech,Brand Awareness,2024-04-16,68044,705225,3279,27,2024-05-13,0.096486,2520.15,0.00465,0.048189,121.44,26119.44,0.281,0.274,False
CAMP100837,Twitter,Fitness,Product Launch,2024-04-17,14073,815253,4428,2,2024-04-19,0.017262,7036.5,0.005431,0.314645,2214.0,407626.5,0.048,0.304,False
CAMP100838,YouTube,Food,Giveaway,2024-04-18,77020,242841,1584,13,2024-05-01,0.317162,5924.62,0.006523,0.020566,121.85,18680.08,0.932,0.394,False
CAMP100839,YouTube,Beauty,Product Launch,2024-04-19,81406,278740,710,14,2024-05-03,0.29205,5814.71,0.002547,0.008722,50.71,19910.0,0.858,0.154,False
CAMP100840,Instagram,Beauty,Product Launch,2024-04-20,13257,967597,944,15,2024-05-05,0.013701,883.8,0.000976,0.071208,62.93,64506.47,0.041,0.059,False
CAMP100841,TikTok,Beauty,Brand Awareness,2024-04-21,34835,239272,1208,3,2024-04-24,0.145587,11611.67,0.005049,0.034678,402.67,79757.33,0.424,0.297,False
CAMP100842,YouTube,Beauty,Product Launch,2024-04-22,61666,380770,735,1,2024-04-23,0.161951,61666.0,0.00193,0.011919,735.0,380770.0,0.476,0.117,False
CAMP100843,YouTube,Tech,Brand Awareness,2024-04-23,33803,706545,1918,1,2024-04-24,0.047843,33803.0,0.002715,0.056741,1918.0,706545.0,0.141,0.164,False
CAMP100844,Instagram,Gaming,Giveaway,2024-04-24,40291,709685,1544,3,2024-04-27,0.056773,13430.33,0.002176,0.038321,514.67,236561.67,0.171,0.131,False
CAMP100845,TikTok,Beauty,Giveaway,2024-04-25,86716,414085,4284,13,2024-05-08,0.209416,6670.46,0.010346,0.049403,329.54,31852.69,0.609,0.61,False
CAMP100846,Instagram,Travel,Brand Awareness,2024-04-26,52373,201809,356,21,2024-05-17,0.259518,2493.95,0.001764,0.006797,16.95,9609.95,0.782,0.106,False
CAMP100847,YouTube,Beauty,Event Promotion,2024-04-27,80202,258814,3408,13,2024-05-10,0.309883,6169.38,0.013168,0.042493,262.15,19908.77,0.91,0.795,False
CAMP100848,Instagram,Fashion,Brand Awareness,2024-04-28,41015,516195,4507,27,2024-05-25,0.079456,1519.07,0.008731,0.109887,166.93,19118.33,0.239,0.525,False
CAMP100849,Twitter,Food,Brand Awareness,2024-04-29,13385,769317,4470,24,2024-05-23,0.017399,557.71,0.00581,0.333956,186.25,32054.88,0.048,0.326,False
CAMP100850,Instagram,Fashion,Giveaway,2024-04-30,5577,663252,34,16,2024-05-16,0.008409,348.56,5.1e-05,0.006096,2.12,41453.25,0.025,0.003,False
CAMP100851,Instagram,Fitness,Brand Awareness,2024-05-01,17465,295458,2335,17,2024-05-18,0.059112,1027.35,0.007903,0.133696,137.35,17379.88,0.178,0.475,False
CAMP100852,TikTok,Fashion,Brand Awareness,2024-05-02,14553,655662,1973,18,2024-05-20,0.022196,808.5,0.003009,0.135573,109.61,36425.67,0.065,0.177,False
CAMP100853,Twitter,Gaming,Brand Awareness,2024-05-03,73020,616828,1916,7,2024-05-10,0.11838,10431.43,0.003106,0.026239,273.71,88118.29,0.328,0.174,False
CAMP100854,Instagram,Food,Seasonal Sale,2024-05-04,38524,154841,500,2,2024-05-06,0.248797,19262.0,0.003229,0.012979,250.0,77420.5,0.749,0.194,False
CAMP100855,YouTube,Fitness,Seasonal Sale,2024-05-05,7279,869993,1555,12,2024-05-17,0.008367,606.58,0.001787,0.213628,129.58,72499.42,0.025,0.108,False
CAMP100856,TikTok,Fitness,Product Launch,2024-05-06,99333,15580,1956,23,2024-05-29,6.375674,4318.83,0.125546,0.019691,85.04,677.39,18.554,7.396,True
CAMP100857,TikTok,Beauty,Brand Awareness,2024-05-07,66811,600222,541,24,2024-05-31,0.11131,2783.79,0.000901,0.008097,22.54,25009.25,0.324,0.053,False
CAMP100858,Instagram,Travel,Brand Awareness,2024-05-08,23272,920689,4846,10,2024-05-18,0.025277,2327.2,0.005263,0.208233,484.6,92068.9,0.076,0.316,False
CAMP100859,YouTube,Gaming,Event Promotion,2024-05-09,21477,478651,1857,26,2024-06-04,0.04487,826.04,0.00388,0.086465,71.42,18409.65,0.132,0.234,False
CAMP100860,TikTok,Beauty,Giveaway,2024-05-10,73314,659465,4190,14,2024-05-24,0.111172,5236.71,0.006354,0.057151,299.29,47104.64,0.324,0.374,False
CAMP100861,TikTok,Travel,Event Promotion,2024-05-11,82544,868338,1323,9,2024-05-20,0.09506,9171.56,0.001524,0.016028,147.0,96482.0,0.277,0.09,False
CAMP100862,TikTok,Beauty,Product Launch,2024-05-12,2619,769848,2554,7,2024-05-19,0.003402,374.14,0.003318,0.975181,364.86,109978.29,0.01,0.195,False
CAMP100863,YouTube,Fitness,Event Promotion,2024-05-13,80535,695736,3430,2,2024-05-15,0.115755,40267.5,0.00493,0.04259,1715.0,347868.0,0.34,0.298,False
CAMP100864,Instagram,Travel,Product Launch,2024-05-14,76466,910412,1392,11,2024-05-25,0.083991,6951.45,0.001529,0.018204,126.55,82764.73,0.253,0.092,False
CAMP100865,Twitter,Gaming,Seasonal Sale,2024-05-15,1673,689335,3910,19,2024-06-03,0.002427,88.05,0.005672,2.337119,205.79,36280.79,0.007,0.318,False
CAMP100866,TikTok,Fashion,Giveaway,2024-05-16,25496,998467,2528,23,2024-06-08,0.025535,1108.52,0.002532,0.099153,109.91,43411.61,0.074,0.149,False
CAMP100867,TikTok,Tech,Brand Awareness,2024-05-17,68477,428311,173,17,2024-06-03,0.159877,4028.06,0.000404,0.002526,10.18,25194.76,0.465,0.024,False
CAMP100868,Instagram,Travel,Giveaway,2024-05-18,27549,493884,4174,13,2024-05-31,0.05578,2119.15,0.008451,0.151512,321.08,37991.08,0.168,0.508,False
CAMP100869,Instagram,Tech,Brand Awareness,2024-05-19,4773,352308,2308,2,2024-05-21,0.013548,2386.5,0.006551,0.483553,1154.0,176154.0,0.041,0.394,False
CAMP100870,TikTok,Fashion,Seasonal Sale,2024-05-20,49744,970369,2865,20,2024-06-09,0.051263,2487.2,0.002952,0.057595,143.25,48518.45,0.149,0.174,False
CAMP100871,Instagram,Fitness,Event Promotion,2024-05-21,45348,422582,2700,19,2024-06-09,0.107312,2386.74,0.006389,0.05954,142.11,22241.16,0.323,0.384,False
CAMP100872,Twitter,Tech,Brand Awareness,2024-05-22,23329,165570,2215,1,2024-05-23,0.140901,23329.0,0.013378,0.094946,2215.0,165570.0,0.391,0.75,False
CAMP100873,Instagram,Gaming,Product Launch,2024-05-23,75377,431509,2911,11,2024-06-03,0.174682,6852.45,0.006746,0.038619,264.64,39228.09,0.526,0.405,False
CAMP100874,TikTok,Food,Event Promotion,2024-05-24,80108,716979,3385,6,2024-05-30,0.11173,13351.33,0.004721,0.042255,564.17,119496.5,0.325,0.278,False
CAMP100875,TikTok,Tech,Seasonal Sale,2024-05-25,98574,578767,12,14,2024-06-08,0.170317,7041.0,2.1e-05,0.000122,0.86,41340.5,0.496,0.001,False
CAMP100876,Instagram,Fitness,Brand Awareness,2024-05-26,80622,856059,934,7,2024-06-02,0.094178,11517.43,0.001091,0.011585,133.43,122294.14,0.284,0.066,False
CAMP100877,Instagram,Travel,Giveaway,2024-05-27,26713,194511,2219,21,2024-06-17,0.137334,1272.05,0.011408,0.083068,105.67,9262.43,0.414,0.685,False
CAMP100878,YouTube,Tech,Product Launch,2024-05-28,8077,245907,4225,29,2024-06-26,0.032846,278.52,0.017181,0.52309,145.69,8479.55,0.096,1.038,False
CAMP100879,YouTube,Travel,Product Launch,2024-05-29,31308,996074,66,5,2024-06-03,0.031431,6261.6,6.6e-05,0.002108,13.2,199214.8,0.092,0.004,False
CAMP100880,YouTube,Fashion,Giveaway,2024-05-30,62743,157929,4056,25,2024-06-24,0.397286,2509.72,0.025682,0.064645,162.24,6317.16,1.167,1.551,False
CAMP100881,YouTube,Tech,Brand Awareness,2024-05-31,8798,392153,4861,19,2024-06-19,0.022435,463.05,0.012396,0.552512,255.84,20639.63,0.066,0.749,False
CAMP100882,Twitter,Fitness,Product Launch,2024-06-01,2532,85785,3176,15,2024-06-16,0.029516,168.8,0.037023,1.254344,211.73,5719.0,0.082,2.075,False
CAMP100883,YouTube,Beauty,Product Launch,2024-06-02,22197,765841,1467,23,2024-06-25,0.028984,965.09,0.001916,0.06609,63.78,33297.43,0.085,0.116,False
CAMP100884,Instagram,Fitness,Product Launch,2024-06-03,99394,57012,1837,20,2024-06-23,1.743387,4969.7,0.032221,0.018482,91.85,2850.6,5.25,1.936,True
CAMP100885,Instagram,Tech,Giveaway,2024-06-04,9803,894048,3542,19,2024-06-23,0.010965,515.95,0.003962,0.361318,186.42,47055.16,0.033,0.238,False
CAMP100886,Instagram,Beauty,Giveaway,2024-06-05,87152,250231,708,14,2024-06-19,0.348286,6225.14,0.002829,0.008124,50.57,17873.64,1.049,0.17,False
CAMP100887,Instagram,Fashion,Seasonal Sale,2024-06-06,30987,123623,320,7,2024-06-13,0.250657,4426.71,0.002589,0.010327,45.71,17660.43,0.755,0.156,False
CAMP100888,Instagram,Gaming,Brand Awareness,2024-06-07,30626,34019,3265,26,2024-07-03,0.900262,1177.92,0.095976,0.106609,125.58,1308.42,2.711,5.766,True
CAMP100889,YouTube,Food,Brand Awareness,2024-06-08,65962,763905,4892,18,2024-06-26,0.086348,3664.56,0.006404,0.074164,271.78,42439.17,0.254,0.387,False
CAMP100890,Instagram,Food,Event Promotion,2024-06-09,22763,460744,4733,10,2024-06-19,0.049405,2276.3,0.010273,0.207925,473.3,46074.4,0.149,0.617,False
CAMP100891,Twitter,Fashion,Brand Awareness,2024-06-10,3762,814428,1758,20,2024-06-30,0.004619,188.1,0.002159,0.467305,87.9,40721.4,0.013,0.121,False
CAMP100892,Instagram,Tech,Brand Awareness,2024-06-11,44300,365165,394,29,2024-07-10,0.121315,1527.59,0.001079,0.008894,13.59,12591.9,0.365,0.065,False
CAMP100893,Instagram,Tech,Seasonal Sale,2024-06-12,69961,758182,1421,17,2024-06-29,0.092275,4115.35,0.001874,0.020311,83.59,44598.94,0.278,0.113,False
CAMP100894,TikTok,Beauty,Giveaway,2024-06-13,9309,355640,3543,20,2024-07-03,0.026175,465.45,0.009962,0.380599,177.15,17782.0,0.076,0.587,False
CAMP100895,TikTok,Tech,Seasonal Sale,2024-06-14,6709,169997,2409,1,2024-06-15,0.039465,6709.0,0.014171,0.35907,2409.0,169997.0,0.115,0.835,False
CAMP100896,Instagram,Tech,Giveaway,2024-06-15,4271,832812,1342,24,2024-07-09,0.005128,177.96,0.001611,0.314212,55.92,34700.5,0.015,0.097,False
CAMP100897,Instagram,Fashion,Brand Awareness,2024-06-16,65423,363530,3255,22,2024-07-08,0.179966,2973.77,0.008954,0.049753,147.95,16524.09,0.542,0.538,False
CAMP100898,Instagram,Fitness,Giveaway,2024-06-17,38168,432390,2799,18,2024-07-05,0.088272,2120.44,0.006473,0.073334,155.5,24021.67,0.266,0.389,False
CAMP100899,YouTube,Food,Brand Awareness,2024-06-18,96783,84870,738,1,2024-06-19,1.140368,96783.0,0.008696,0.007625,738.0,84870.0,3.35,0.525,True
CAMP100900,YouTube,Travel,Giveaway,2024-06-19,79677,971547,53,5,2024-06-24,0.08201,15935.4,5.5e-05,0.000665,10.6,194309.4,0.241,0.003,False
CAMP100901,Instagram,Beauty,Giveaway,2024-06-20,59219,486773,618,7,2024-06-27,0.121656,8459.86,0.00127,0.010436,88.29,69539.0,0.366,0.076,False
CAMP100902,Instagram,Fashion,Seasonal Sale,2024-06-21,58989,845793,4769,13,2024-07-04,0.069744,4537.62,0.005638,0.080846,366.85,65061.0,0.21,0.339,False
CAMP100903,YouTube,Beauty,Product Launch,2024-06-22,56480,250018,107,13,2024-07-05,0.225904,4344.62,0.000428,0.001894,8.23,19232.15,0.664,0.026,False
CAMP100904,Twitter,Fitness,Seasonal Sale,2024-06-23,33260,986239,2272,10,2024-07-03,0.033724,3326.0,0.002304,0.06831,227.2,98623.9,0.094,0.129,False
CAMP100905,YouTube,Travel,Brand Awareness,2024-06-24,79757,195407,1680,22,2024-07-16,0.408158,3625.32,0.008597,0.021064,76.36,8882.14,1.199,0.519,False
CAMP100906,YouTube,Fitness,Brand Awareness,2024-06-25,76418,344209,419,18,2024-07-13,0.22201,4245.44,0.001217,0.005483,23.28,19122.72,0.652,0.074,False
CAMP100907,Instagram,Tech,Brand Awareness,2024-06-26,60596,828327,2325,23,2024-07-19,0.073155,2634.61,0.002807,0.038369,101.09,36014.22,0.22,0.169,False
CAMP100908,Instagram,Fashion,Product Launch,2024-06-27,57079,161545,3949,28,2024-07-25,0.353332,2038.54,0.024445,0.069185,141.04,5769.46,1.064,1.469,False
CAMP100909,Instagram,Gaming,Product Launch,2024-06-28,40035,820742,4858,22,2024-07-20,0.048779,1819.77,0.005919,0.121344,220.82,37306.45,0.147,0.356,False
CAMP100910,TikTok,Beauty,Brand Awareness,2024-06-29,84720,962717,3501,19,2024-07-18,0.088001,4458.95,0.003637,0.041324,184.26,50669.32,0.256,0.214,False
CAMP100911,TikTok,Fashion,Seasonal Sale,2024-06-30,3280,664996,1074,12,2024-07-12,0.004932,273.33,0.001615,0.327439,89.5,55416.33,0.014,0.095,False
CAMP100912,Twitter,Tech,Brand Awareness,2024-07-01,52825,987501,4768,6,2024-07-07,0.053494,8804.17,0.004828,0.09026,794.67,164583.5,0.148,0.271,False
CAMP100913,Twitter,Travel,Brand Awareness,2024-07-02,98283,84939,4028,8,2024-07-10,1.157101,12285.38,0.047422,0.040984,503.5,10617.38,3.209,2.658,True
CAMP100914,Twitter,Food,Event Promotion,2024-07-03,20933,158981,1506,20,2024-07-23,0.13167,1046.65,0.009473,0.071944,75.3,7949.05,0.365,0.531,False
CAMP100915,Twitter,Fitness,Event Promotion,2024-07-04,80289,273306,1505,10,2024-07-14,0.29377,8028.9,0.005507,0.018745,150.5,27330.6,0.815,0.309,False
CAMP100916,Instagram,Food,Giveaway,2024-07-05,96220,970982,960,23,2024-07-28,0.099096,4183.48,0.000989,0.009977,41.74,42216.61,0.298,0.059,False
CAMP100917,Instagram,Fitness,Event Promotion,2024-07-06,46514,290732,1043,12,2024-07-18,0.159989,3876.17,0.003587,0.022423,86.92,24227.67,0.482,0.216,False
CAMP100918,Instagram,Beauty,Event Promotion,2024-07-07,54995,841989,1661,9,2024-07-16,0.065316,6110.56,0.001973,0.030203,184.56,93554.33,0.197,0.119,False
CAMP100919,YouTube,Travel,Product Launch,2024-07-08,22055,624188,3427,19,2024-07-27,0.035334,1160.79,0.00549,0.155384,180.37,32852.0,0.104,0.332,False
CAMP100920,Instagram,Fitness,Giveaway,2024-07-09,89086,618968,4317,18,2024-07-27,0.143927,4949.22,0.006975,0.048459,239.83,34387.11,0.433,0.419,False
CAMP100921,TikTok,Beauty,Giveaway,2024-07-10,89710,400715,4234,23,2024-08-02,0.223875,3900.43,0.010566,0.047197,184.09,17422.39,0.652,0.622,False
CAMP100922,YouTube,Food,Product Launch,2024-07-11,65907,491545,4143,9,2024-07-20,0.134081,7323.0,0.008429,0.062861,460.33,54616.11,0.394,0.509,False
CAMP100923,YouTube,Travel,Event Promotion,2024-07-12,14524,340308,3091,13,2024-07-25,0.042679,1117.23,0.009083,0.21282,237.77,26177.54,0.125,0.549,False
CAMP100924,Instagram,Tech,Brand Awareness,2024-07-13,11541,700230,1320,18,2024-07-31,0.016482,641.17,0.001885,0.114375,73.33,38901.67,0.05,0.113,False
CAMP100925,Instagram,Gaming,Product Launch,2024-07-14,17455,476598,1257,15,2024-07-29,0.036624,1163.67,0.002637,0.072014,83.8,31773.2,0.11,0.158,False
CAMP100926,Instagram,Tech,Seasonal Sale,2024-07-15,28089,678970,932,27,2024-08-11,0.04137,1040.33,0.001373,0.03318,34.52,25147.04,0.125,0.082,False
CAMP100927,TikTok,Fitness,Event Promotion,2024-07-16,43803,651320,611,17,2024-08-02,0.067253,2576.65,0.000938,0.013949,35.94,38312.94,0.196,0.055,False
CAMP100928,YouTube,Food,Giveaway,2024-07-17,33358,596036,3594,12,2024-07-29,0.055966,2779.83,0.00603,0.10774,299.5,49669.67,0.164,0.364,False
CAMP100929,TikTok,Food,Giveaway,2024-07-18,52595,315279,4036,9,2024-07-27,0.16682,5843.89,0.012801,0.076737,448.44,35031.0,0.485,0.754,False
CAMP100930,Instagram,Fashion,Seasonal Sale,2024-07-19,28007,765052,2168,14,2024-08-02,0.036608,2000.5,0.002834,0.077409,154.86,54646.57,0.11,0.17,False
CAMP100931,Instagram,Fashion,Event Promotion,2024-07-20,69451,957623,4765,6,2024-07-26,0.072524,11575.17,0.004976,0.06861,794.17,159603.83,0.218,0.299,False
CAMP100932,YouTube,Fitness,Event Promotion,2024-07-21,65175,720471,563,5,2024-07-26,0.090462,13035.0,0.000781,0.008638,112.6,144094.2,0.266,0.047,False
CAMP100933,TikTok,Travel,Event Promotion,2024-07-22,7802,204265,4682,18,2024-08-09,0.038195,433.44,0.022921,0.600103,260.11,11348.06,0.111,1.35,False
CAMP100934,TikTok,Fitness,Product Launch,2024-07-23,44694,138520,2280,27,2024-08-19,0.322654,1655.33,0.01646,0.051014,84.44,5130.37,0.939,0.97,False
CAMP100935,Instagram,Travel,Product Launch,2024-07-24,98614,407526,2824,28,2024-08-21,0.241982,3521.93,0.00693,0.028637,100.86,14554.5,0.729,0.416,False
CAMP100936,Twitter,Tech,Giveaway,2024-07-25,79217,575037,3426,7,2024-08-01,0.13776,11316.71,0.005958,0.043248,489.43,82148.14,0.382,0.334,False
CAMP100937,Instagram,Travel,Seasonal Sale,2024-07-26,94469,877568,4964,17,2024-08-12,0.107649,5557.0,0.005657,0.052546,292.0,51621.65,0.324,0.34,False
CAMP100938,TikTok,Beauty,Giveaway,2024-07-27,29279,457091,531,12,2024-08-08,0.064055,2439.92,0.001162,0.018136,44.25,38090.92,0.186,0.068,False
CAMP100939,Instagram,Travel,Giveaway,2024-07-28,53699,750206,2471,24,2024-08-21,0.071579,2237.46,0.003294,0.046016,102.96,31258.58,0.216,0.198,False
CAMP100940,Instagram,Tech,Event Promotion,2024-07-29,34661,358324,2572,8,2024-08-06,0.096731,4332.62,0.007178,0.074204,321.5,44790.5,0.291,0.431,False
CAMP100941,TikTok,Beauty,Giveaway,2024-07-30,66065,645941,4909,4,2024-08-03,0.102277,16516.25,0.0076,0.074306,1227.25,161485.25,0.298,0.448,False
CAMP100942,Instagram,Travel,Brand Awareness,2024-07-31,22182,159598,918,21,2024-08-21,0.138987,1056.29,0.005752,0.041385,43.71,7599.9,0.419,0.346,False
CAMP100943,YouTube,Tech,Product Launch,2024-08-01,4509,569499,3548,4,2024-08-05,0.007917,1127.25,0.00623,0.786871,887.0,142374.75,0.023,0.376,False
CAMP100944,YouTube,Beauty,Giveaway,2024-08-02,98389,700237,2760,1,2024-08-03,0.140508,98389.0,0.003942,0.028052,2760.0,700237.0,0.413,0.238,False
CAMP100945,Instagram,Tech,Product Launch,2024-08-03,28012,669065,531,3,2024-08-06,0.041867,9337.33,0.000794,0.018956,177.0,223021.67,0.126,0.048,False
CAMP100946,TikTok,Beauty,Brand Awareness,2024-08-04,35883,500784,2953,26,2024-08-30,0.071654,1380.12,0.005897,0.082295,113.58,19260.92,0.209,0.347,False
CAMP100947,TikTok,Tech,Seasonal Sale,2024-08-05,26912,586022,2109,17,2024-08-22,0.045923,1583.06,0.003599,0.078367,124.06,34471.88,0.134,0.212,False
CAMP100948,TikTok,Tech,Giveaway,2024-08-06,73289,521001,3016,25,2024-08-31,0.14067,2931.56,0.005789,0.041152,120.64,20840.04,0.409,0.341,False
CAMP100949,Instagram,Travel,Giveaway,2024-08-07,22590,279885,977,4,2024-08-11,0.080712,5647.5,0.003491,0.043249,244.25,69971.25,0.243,0.21,False
CAMP100950,YouTube,Food,Product Launch,2024-08-08,1208,350758,4830,10,2024-08-18,0.003444,120.8,0.01377,3.998344,483.0,35075.8,0.01,0.832,False
CAMP100951,Instagram,Tech,Seasonal Sale,2024-08-09,97434,983959,4849,5,2024-08-14,0.099022,19486.8,0.004928,0.049767,969.8,196791.8,0.298,0.296,False
CAMP100952,Instagram,Gaming,Event Promotion,2024-08-10,48694,559500,4649,16,2024-08-26,0.087031,3043.38,0.008309,0.095474,290.56,34968.75,0.262,0.499,False
CAMP100953,Instagram,Fitness,Product Launch,2024-08-11,38989,153817,377,26,2024-09-06,0.253477,1499.58,0.002451,0.009669,14.5,5916.04,0.763,0.147,False
CAMP100954,Twitter,Beauty,Seasonal Sale,2024-08-12,58971,268554,4875,4,2024-08-16,0.219587,14742.75,0.018153,0.082668,1218.75,67138.5,0.609,1.017,False
CAMP100955,TikTok,Fashion,Event Promotion,2024-08-13,40453,421532,447,17,2024-08-30,0.095967,2379.59,0.00106,0.01105,26.29,24796.0,0.279,0.062,False
CAMP100956,TikTok,Food,Brand Awareness,2024-08-14,65858,969351,4808,7,2024-08-21,0.06794,9408.29,0.00496,0.073006,686.86,138478.71,0.198,0.292,False
CAMP100957,YouTube,Tech,Seasonal Sale,2024-08-15,63148,864210,4994,18,2024-09-02,0.07307,3508.22,0.005779,0.079084,277.44,48011.67,0.215,0.349,False
CAMP100958,YouTube,Travel,Product Launch,2024-08-16,30451,779048,2058,25,2024-09-10,0.039087,1218.04,0.002642,0.067584,82.32,31161.92,0.115,0.16,False
CAMP100959,YouTube,Travel,Brand Awareness,2024-08-17,30469,541213,4408,23,2024-09-09,0.056298,1324.74,0.008145,0.144672,191.65,23531.0,0.165,0.492,False
CAMP100960,YouTube,Tech,Brand Awareness,2024-08-18,47207,842309,4939,21,2024-09-08,0.056045,2247.95,0.005864,0.104624,235.19,40109.95,0.165,0.354,False
CAMP100961,YouTube,Food,Giveaway,2024-08-19,87382,986466,184,24,2024-09-12,0.088581,3640.92,0.000187,0.002106,7.67,41102.75,0.26,0.011,False
CAMP100962,Instagram,Tech,Seasonal Sale,2024-08-20,24181,513941,1052,4,2024-08-24,0.04705,6045.25,0.002047,0.043505,263.0,128485.25,0.142,0.123,False
CAMP100963,Instagram,Food,Event Promotion,2024-08-21,85825,11518,4760,12,2024-09-02,7.45138,7152.08,0.413266,0.055462,396.67,959.83,22.441,24.829,True
CAMP100964,Twitter,Beauty,Seasonal Sale,2024-08-22,61969,368521,4325,14,2024-09-05,0.168156,4426.36,0.011736,0.069793,308.93,26322.93,0.466,0.658,False
CAMP100965,YouTube,Beauty,Event Promotion,2024-08-23,34346,498013,2639,11,2024-09-03,0.068966,3122.36,0.005299,0.076836,239.91,45273.91,0.203,0.32,False
CAMP100966,Twitter,Tech,Product Launch,2024-08-24,24338,919344,298,18,2024-09-11,0.026473,1352.11,0.000324,0.012244,16.56,51074.67,0.073,0.018,False
CAMP100967,Instagram,Tech,Event Promotion,2024-08-25,20338,583306,1049,13,2024-09-07,0.034867,1564.46,0.001798,0.051578,80.69,44869.69,0.105,0.108,False
CAMP100968,YouTube,Fitness,Product Launch,2024-08-26,2423,680534,1258,21,2024-09-16,0.00356,115.38,0.001849,0.519191,59.9,32406.38,0.01,0.112,False
CAMP100969,Instagram,Fashion,Brand Awareness,2024-08-27,4707,874765,3253,13,2024-09-09,0.005381,362.08,0.003719,0.691098,250.23,67289.62,0.016,0.223,False
CAMP100970,Instagram,Fitness,Brand Awareness,2024-08-28,39516,708267,4203,29,2024-09-26,0.055793,1362.62,0.005934,0.106362,144.93,24423.0,0.168,0.357,False
CAMP100971,Instagram,Beauty,Seasonal Sale,2024-08-29,13968,345818,589,16,2024-09-14,0.040391,873.0,0.001703,0.042168,36.81,21613.62,0.122,0.102,False
CAMP100972,Instagram,Travel,Seasonal Sale,2024-08-30,11520,230813,4397,15,2024-09-14,0.049911,768.0,0.01905,0.381684,293.13,15387.53,0.15,1.145,False
CAMP100973,Twitter,Beauty,Giveaway,2024-08-31,73547,281624,3134,18,2024-09-18,0.261153,4085.94,0.011128,0.042612,174.11,15645.78,0.724,0.624,False
CAMP100974,Instagram,Food,Product Launch,2024-09-01,38487,353411,792,6,2024-09-07,0.108902,6414.5,0.002241,0.020578,132.0,58901.83,0.328,0.135,False
CAMP100975,YouTube,Tech,Seasonal Sale,2024-09-02,58372,444318,3729,3,2024-09-05,0.131374,19457.33,0.008393,0.063883,1243.0,148106.0,0.386,0.507,False
CAMP100976,YouTube,Fashion,Seasonal Sale,2024-09-03,13159,408533,2467,21,2024-09-24,0.03221,626.62,0.006039,0.187476,117.48,19453.95,0.095,0.365,False
CAMP100977,YouTube,Gaming,Seasonal Sale,2024-09-04,70970,386654,340,18,2024-09-22,0.183549,3942.78,0.000879,0.004791,18.89,21480.78,0.539,0.053,False
CAMP100978,YouTube,Tech,Seasonal Sale,2024-09-05,12458,690320,3856,2,2024-09-07,0.018047,6229.0,0.005586,0.30952,1928.0,345160.0,0.053,0.337,False
CAMP100979,Instagram,Beauty,Giveaway,2024-09-06,54008,283412,1296,3,2024-09-09,0.190564,18002.67,0.004573,0.023996,432.0,94470.67,0.574,0.275,False
CAMP100980,Twitter,Gaming,Brand Awareness,2024-09-07,94489,291659,3708,26,2024-10-03,0.323971,3634.19,0.012713,0.039243,142.62,11217.65,0.899,0.713,False
CAMP100981,TikTok,Beauty,Seasonal Sale,2024-09-08,40750,583999,4079,6,2024-09-14,0.069778,6791.67,0.006985,0.100098,679.83,97333.17,0.203,0.412,False
CAMP100982,TikTok,Beauty,Giveaway,2024-09-09,51278,236573,1508,4,2024-09-13,0.216753,12819.5,0.006374,0.029408,377.0,59143.25,0.631,0.376,False
CAMP100983,YouTube,Beauty,Giveaway,2024-09-10,47964,276234,1512,17,2024-09-27,0.173635,2821.41,0.005474,0.031524,88.94,16249.06,0.51,0.331,False
CAMP100984,Instagram,Fashion,Giveaway,2024-09-11,20351,453521,4136,11,2024-09-22,0.044873,1850.09,0.00912,0.203233,376.0,41229.18,0.135,0.548,False
CAMP100985,Twitter,Gaming,Seasonal Sale,2024-09-12,15889,704679,4539,11,2024-09-23,0.022548,1444.45,0.006441,0.285669,412.64,64061.73,0.063,0.361,False
CAMP100986,Instagram,Fitness,Giveaway,2024-09-13,9727,958908,2579,23,2024-10-06,0.010144,422.91,0.00269,0.265138,112.13,41691.65,0.031,0.162,False
CAMP100987,Instagram,Fashion,Event Promotion,2024-09-14,46920,798950,3323,11,2024-09-25,0.058727,4265.45,0.004159,0.070823,302.09,72631.82,0.177,0.25,False
CAMP100988,Instagram,Gaming,Seasonal Sale,2024-09-15,90772,946166,3335,26,2024-10-11,0.095937,3491.23,0.003525,0.03674,128.27,36391.0,0.289,0.212,False
CAMP100989,TikTok,Fitness,Seasonal Sale,2024-09-16,75539,35970,2733,29,2024-10-15,2.100056,2604.79,0.07598,0.03618,94.24,1240.34,6.111,4.476,True
CAMP100990,YouTube,Fitness,Seasonal Sale,2024-09-17,43507,8926,393,3,2024-09-20,4.874188,14502.33,0.044029,0.009033,131.0,2975.33,14.319,2.659,True
CAMP100991,TikTok,Food,Brand Awareness,2024-09-18,95332,779332,3082,5,2024-09-23,0.122325,19066.4,0.003955,0.032329,616.4,155866.4,0.356,0.233,False
CAMP100992,TikTok,Food,Product Launch,2024-09-19,93783,457078,677,21,2024-10-10,0.205179,4465.86,0.001481,0.007219,32.24,21765.62,0.597,0.087,False
CAMP100993,Instagram,Tech,Event Promotion,2024-09-20,98036,542885,2046,6,2024-09-26,0.180583,16339.33,0.003769,0.02087,341.0,90480.83,0.544,0.226,False
CAMP100994,Twitter,Travel,Event Promotion,2024-09-21,22563,456338,4230,7,2024-09-28,0.049444,3223.29,0.009269,0.187475,604.29,65191.14,0.137,0.52,False
CAMP100995,YouTube,Fashion,Giveaway,2024-09-22,64470,327764,2838,21,2024-10-13,0.196696,3070.0,0.008659,0.04402,135.14,15607.81,0.578,0.523,False
CAMP100996,YouTube,Food,Seasonal Sale,2024-09-23,27888,52993,2628,9,2024-10-02,0.526258,3098.67,0.049591,0.094234,292.0,5888.11,1.546,2.995,True
CAMP100997,Instagram,Tech,Brand Awareness,2024-09-24,59515,924889,2787,7,2024-10-01,0.064348,8502.14,0.003013,0.046829,398.14,132127.0,0.194,0.181,False
CAMP100998,Twitter,Food,Product Launch,2024-09-25,25653,879661,4645,15,2024-10-10,0.029162,1710.2,0.00528,0.18107,309.67,58644.07,0.081,0.296,False