campaign_id,platform,influencer_category,campaign_type,start_date,engagements,estimated_reach,product_sales,campaign_duration_days,end_date
CAMP100000,TikTok,Fitness,Giveaway,2022-01-01 00:00:00,79900,1892,2834,14,2022-01-15 00:00:00
CAMP100001,YouTube,Food,Product Launch,2022-01-02 00:00:00,47985,437228,165,13,2022-01-15 00:00:00
CAMP100002,TikTok,Travel,Brand Awareness,2022-01-03 00:00:00,13875,982513,2539,5,2022-01-08 00:00:00
CAMP100003,YouTube,Food,Brand Awareness,2022-01-04 00:00:00,41200,213400,100,20,2022-01-24 00:00:00
CAMP100004,Instagram,Food,Giveaway,2022-01-05 00:00:00,96998,42501,550,28,2022-02-02 00:00:00
CAMP100005,Twitter,Beauty,Brand Awareness,2022-01-06 00:00:00,76687,443289,2338,27,2022-02-02 00:00:00
CAMP100006,TikTok,Tech,Seasonal Sale,2022-01-07 00:00:00,8878,116825,1027,17,2022-01-24 00:00:00
CAMP100007,TikTok,Gaming,Brand Awareness,2022-01-08 00:00:00,74092,644094,121,13,2022-01-21 00:00:00
CAMP100008,Instagram,Travel,Event Promotion,2022-01-09 00:00:00,84035,66087,3405,14,2022-01-23 00:00:00
CAMP100009,YouTube,Food,Event Promotion,2022-01-10 00:00:00,74906,258767,1149,1,2022-01-11 00:00:00
CAMP100010,Instagram,Tech,Event Promotion,2022-01-11 00:00:00,15117,926004,2657,18,2022-01-29 00:00:00
CAMP100011,Twitter,Fitness,Seasonal Sale,2022-01-12 00:00:00,87945,992541,2901,7,2022-01-19 00:00:00
CAMP100012,YouTube,Travel,Product Launch,2022-01-13 00:00:00,59591,343970,1906,19,2022-02-01 00:00:00
CAMP100013,TikTok,Fashion,Product Launch,2022-01-14 00:00:00,71678,696891,2935,9,2022-01-23 00:00:00
CAMP100014,YouTube,Tech,Product Launch,2022-01-15 00:00:00,65588,420535,279,21,2022-02-05 00:00:00
CAMP100015,Instagram,Tech,Seasonal Sale,2022-01-16 00:00:00,51368,905867,2297,23,2022-02-08 00:00:00
CAMP100016,YouTube,Gaming,Brand Awareness,2022-01-17 00:00:00,14300,719281,3530,11,2022-01-28 00:00:00
CAMP100017,Instagram,Fitness,Giveaway,2022-01-18 00:00:00,66262,130779,4080,25,2022-02-12 00:00:00
CAMP100018,TikTok,Food,Brand Awareness,2022-01-19 00:00:00,5542,362628,1083,18,2022-02-06 00:00:00
CAMP100019,YouTube,Fashion,Product Launch,2022-01-20 00:00:00,94041,941739,881,26,2022-02-15 00:00:00
CAMP100020,TikTok,Gaming,Brand Awareness,2022-01-21 00:00:00,65086,886509,2489,22,2022-02-12 00:00:00
CAMP100021,Instagram,Travel,Product Launch,2022-01-22 00:00:00,62078,100019,2377,8,2022-01-30 00:00:00
CAMP100022,Twitter,Gaming,Brand Awareness,2022-01-23 00:00:00,77601,596436,2704,6,2022-01-29 00:00:00
CAMP100023,TikTok,Gaming,Seasonal Sale,2022-01-24 00:00:00,29510,183606,1242,22,2022-02-15 00:00:00
CAMP100024,TikTok,Travel,Giveaway,2022-01-25 00:00:00,54251,745065,4573,20,2022-02-14 00:00:00
CAMP100025,Instagram,Fitness,Product Launch,2022-01-26 00:00:00,42835,243034,18,19,2022-02-14 00:00:00
CAMP100026,YouTube,Fitness,Seasonal Sale,2022-01-27 00:00:00,94908,818370,3006,10,2022-02-06 00:00:00
CAMP100027,Instagram,Fitness,Product Launch,2022-01-28 00:00:00,64540,342198,2199,23,2022-02-20 00:00:00
CAMP100028,Instagram,Tech,Product Launch,2022-01-29 00:00:00,42387,767627,3108,24,2022-02-22 00:00:00
CAMP100029,YouTube,Fitness,Seasonal Sale,2022-01-30 00:00:00,78786,784142,178,10,2022-02-09 00:00:00
CAMP100030,TikTok,Fashion,Seasonal Sale,2022-01-31 00:00:00,25884,377896,1177,10,2022-02-10 00:00:00
CAMP100031,Twitter,Beauty,Brand Awareness,2022-02-01 00:00:00,67139,384668,2988,14,2022-02-15 00:00:00
CAMP100032,Instagram,Gaming,Product Launch,2022-02-02 00:00:00,53051,742569,4786,27,2022-03-01 00:00:00
CAMP100033,Instagram,Fitness,Event Promotion,2022-02-03 00:00:00,16152,533092,4390,17,2022-02-20 00:00:00
CAMP100034,YouTube,Beauty,Event Promotion,2022-02-04 00:00:00,56221,65176,2644,5,2022-02-09 00:00:00
CAMP100035,Instagram,Travel,Giveaway,2022-02-05 00:00:00,51945,870753,2188,8,2022-02-13 00:00:00
CAMP100036,Instagram,Fitness,Event Promotion,2022-02-06 00:00:00,91998,370665,1502,13,2022-02-19 00:00:00
CAMP100037,YouTube,Fashion,Seasonal Sale,2022-02-07 00:00:00,95253,193054,994,7,2022-02-14 00:00:00
CAMP100038,Instagram,Fashion,Giveaway,2022-02-08 00:00:00,18633,562636,4930,6,2022-02-14 00:00:00
CAMP100039,YouTube,Gaming,Seasonal Sale,2022-02-09 00:00:00,11377,943036,3012,2,2022-02-11 00:00:00
CAMP100040,YouTube,Food,Giveaway,2022-02-10 00:00:00,70726,590195,1474,13,2022-02-23 00:00:00
CAMP100041,TikTok,Gaming,Seasonal Sale,2022-02-11 00:00:00,56156,787107,3403,6,2022-02-17 00:00:00
CAMP100042,TikTok,Beauty,Seasonal Sale,2022-02-12 00:00:00,45946,744577,244,19,2022-03-03 00:00:00
CAMP100043,Instagram,Fitness,Giveaway,2022-02-13 00:00:00,76982,819061,3039,23,2022-03-08 00:00:00
CAMP100044,TikTok,Fashion,Giveaway,2022-02-14 00:00:00,22508,729703,2746,23,2022-03-09 00:00:00
CAMP100045,TikTok,Fashion,Brand Awareness,2022-02-15 00:00:00,8010,545063,2024,14,2022-03-01 00:00:00
CAMP100046,Instagram,Beauty,Giveaway,2022-02-16 00:00:00,46553,590453,3497,23,2022-03-11 00:00:00
CAMP100047,Instagram,Food,Brand Awareness,2022-02-17 00:00:00,55128,835097,1885,20,2022-03-09 00:00:00
CAMP100048,YouTube,Fitness,Product Launch,2022-02-18 00:00:00,5209,610655,4501,23,2022-03-13 00:00:00
CAMP100049,Instagram,Fashion,Product Launch,2022-02-19 00:00:00,74484,901061,2887,15,2022-03-06 00:00:00
CAMP100050,Instagram,Food,Giveaway,2022-02-20 00:00:00,79322,805572,4879,5,2022-02-25 00:00:00
CAMP100051,Instagram,Food,Seasonal Sale,2022-02-21 00:00:00,68391,446138,1200,15,2022-03-08 00:00:00
CAMP100052,TikTok,Tech,Brand Awareness,2022-02-22 00:00:00,92192,570185,4154,12,2022-03-06 00:00:00
CAMP100053,YouTube,Gaming,Seasonal Sale,2022-02-23 00:00:00,37594,200808,191,10,2022-03-05 00:00:00
CAMP100054,TikTok,Beauty,Giveaway,2022-02-24 00:00:00,47307,714802,1182,10,2022-03-06 00:00:00
CAMP100055,TikTok,Tech,Event Promotion,2022-02-25 00:00:00,68348,293838,439,7,2022-03-04 00:00:00
CAMP100056,YouTube,Gaming,Brand Awareness,2022-02-26 00:00:00,52889,456134,1740,3,2022-03-01 00:00:00
CAMP100057,YouTube,Tech,Product Launch,2022-02-27 00:00:00,33777,85832,2230,14,2022-03-13 00:00:00
CAMP100058,Instagram,Food,Event Promotion,2022-02-28 00:00:00,73657,510496,4732,17,2022-03-17 00:00:00
CAMP100059,Instagram,Beauty,Seasonal Sale,2022-03-01 00:00:00,39557,773895,2235,10,2022-03-11 00:00:00
CAMP100060,YouTube,Food,Product Launch,2022-03-02 00:00:00,90065,871443,1674,14,2022-03-16 00:00:00
CAMP100061,YouTube,Fitness,Event Promotion,2022-03-03 00:00:00,16051,272426,3565,17,2022-03-20 00:00:00
CAMP100062,YouTube,Fitness,Giveaway,2022-03-04 00:00:00,58473,579913,3515,9,2022-03-13 00:00:00
CAMP100063,TikTok,Food,Seasonal Sale,2022-03-05 00:00:00,35574,914958,1735,26,2022-03-31 00:00:00
CAMP100064,YouTube,Food,Product Launch,2022-03-06 00:00:00,9817,54246,2163,25,2022-03-31 00:00:00
CAMP100065,YouTube,Tech,Brand Awareness,2022-03-07 00:00:00,25168,645095,4764,15,2022-03-22 00:00:00
CAMP100066,YouTube,Fashion,Seasonal Sale,2022-03-08 00:00:00,35285,592582,941,14,2022-03-22 00:00:00
CAMP100067,Instagram,Travel,Event Promotion,2022-03-09 00:00:00,20821,20266,2303,26,2022-04-04 00:00:00
CAMP100068,Instagram,Beauty,Giveaway,2022-03-10 00:00:00,14954,694205,1416,8,2022-03-18 00:00:00
CAMP100069,YouTube,Fashion,Brand Awareness,2022-03-11 00:00:00,13862,917266,632,10,2022-03-21 00:00:00
CAMP100070,Instagram,Beauty,Giveaway,2022-03-12 00:00:00,60577,967742,4136,28,2022-04-09 00:00:00
CAMP100071,YouTube,Tech,Event Promotion,2022-03-13 00:00:00,1283,253347,1321,24,2022-04-06 00:00:00
CAMP100072,TikTok,Beauty,Event Promotion,2022-03-14 00:00:00,81839,402126,3989,15,2022-03-29 00:00:00
CAMP100073,Instagram,Beauty,Seasonal Sale,2022-03-15 00:00:00,59145,296370,3863,6,2022-03-21 00:00:00
CAMP100074,Instagram,Gaming,Seasonal Sale,2022-03-16 00:00:00,58854,954193,4775,2,2022-03-18 00:00:00
CAMP100075,Instagram,Beauty,Seasonal Sale,2022-03-17 00:00:00,67907,20559,4249,24,2022-04-10 00:00:00
CAMP100076,Instagram,Tech,Giveaway,2022-03-18 00:00:00,546,706942,4983,4,2022-03-22 00:00:00
CAMP100077,YouTube,Travel,Giveaway,2022-03-19 00:00:00,40307,99522,913,19,2022-04-07 00:00:00
CAMP100078,YouTube,Food,Product Launch,2022-03-20 00:00:00,36062,514556,2687,7,2022-03-27 00:00:00
CAMP100079,TikTok,Fashion,Giveaway,2022-03-21 00:00:00,83172,966560,632,3,2022-03-24 00:00:00
CAMP100080,YouTube,Travel,Giveaway,2022-03-22 00:00:00,44128,862711,974,21,2022-04-12 00:00:00
CAMP100081,YouTube,Food,Event Promotion,2022-03-23 00:00:00,35056,246712,3141,14,2022-04-06 00:00:00
CAMP100082,TikTok,Gaming,Seasonal Sale,2022-03-24 00:00:00,62613,63546,588,26,2022-04-19 00:00:00
CAMP100083,Instagram,Tech,Brand Awareness,2022-03-25 00:00:00,14424,765026,3459,26,2022-04-20 00:00:00
CAMP100084,Instagram,Beauty,Product Launch,2022-03-26 00:00:00,12046,271294,125,9,2022-04-04 00:00:00
CAMP100085,Instagram,Tech,Product Launch,2022-03-27 00:00:00,80889,745299,3313,7,2022-04-03 00:00:00
CAMP100086,TikTok,Gaming,Product Launch,2022-03-28 00:00:00,50173,124085,3188,26,2022-04-23 00:00:00
CAMP100087,YouTube,Fashion,Seasonal Sale,2022-03-29 00:00:00,60999,373067,3862,18,2022-04-16 00:00:00
CAMP100088,Instagram,Food,Product Launch,2022-03-30 00:00:00,22050,887799,3933,24,2022-04-23 00:00:00
CAMP100089,YouTube,Gaming,Product Launch,2022-03-31 00:00:00,21563,132334,4015,4,2022-04-04 00:00:00
CAMP100090,Instagram,Travel,Brand Awareness,2022-04-01 00:00:00,79681,683092,1737,11,2022-04-12 00:00:00
CAMP100091,YouTube,Fitness,Giveaway,2022-04-02 00:00:00,96799,943218,4148,25,2022-04-27 00:00:00
CAMP100092,YouTube,Tech,Event Promotion,2022-04-03 00:00:00,98154,262533,413,5,2022-04-08 00:00:00
CAMP100093,Instagram,Tech,Brand Awareness,2022-04-04 00:00:00,79052,301115,86,23,2022-04-27 00:00:00
CAMP100094,Instagram,Food,Seasonal Sale,2022-04-05 00:00:00,36067,542774,1810,16,2022-04-21 00:00:00
CAMP100095,YouTube,Food,Seasonal Sale,2022-04-06 00:00:00,19670,299556,741,1,2022-04-07 00:00:00
CAMP100096,Instagram,Food,Event Promotion,2022-04-07 00:00:00,73939,645587,3946,25,2022-05-02 00:00:00
CAMP100097,Instagram,Travel,Giveaway,2022-04-08 00:00:00,732,396542,2299,1,2022-04-09 00:00:00
CAMP100098,Instagram,Fashion,Brand Awareness,2022-04-09 00:00:00,35084,792744,3170,6,2022-04-15 00:00:00
CAMP100099,Twitter,Beauty,Product Launch,2022-04-10 00:00:00,20282,842018,390,2,2022-04-12 00:00:00
CAMP100100,Twitter,Travel,Brand Awareness,2022-04-11 00:00:00,20391,28608,4131,2,2022-04-13 00:00:00
CAMP100101,YouTube,Food,Event Promotion,2022-04-12 00:00:00,95236,677630,4290,15,2022-04-27 00:00:00
CAMP100102,Instagram,Fashion,Brand Awareness,2022-04-13 00:00:00,3271,851811,226,5,2022-04-18 00:00:00
CAMP100103,Twitter,Fashion,Event Promotion,2022-04-14 00:00:00,9199,583288,2352,29,2022-05-13 00:00:00
CAMP100104,TikTok,Beauty,Seasonal Sale,2022-04-15 00:00:00,3274,408103,4454,29,2022-05-14 00:00:00
CAMP100105,TikTok,Gaming,Brand Awareness,2022-04-16 00:00:00,53947,507079,105,23,2022-05-09 00:00:00
CAMP100106,YouTube,Food,Brand Awareness,2022-04-17 00:00:00,78470,301569,1084,15,2022-05-02 00:00:00
CAMP100107,Instagram,Beauty,Product Launch,2022-04-18 00:00:00,5648,261544,256,18,2022-05-06 00:00:00
CAMP100108,Instagram,Food,Brand Awareness,2022-04-19 00:00:00,94160,398210,3156,23,2022-05-12 00:00:00
CAMP100109,Twitter,Food,Brand Awareness,2022-04-20 00:00:00,96502,72882,891,22,2022-05-12 00:00:00
CAMP100110,YouTube,Gaming,Seasonal Sale,2022-04-21 00:00:00,13046,738786,1193,3,2022-04-24 00:00:00
CAMP100111,Instagram,Fashion,Giveaway,2022-04-22 00:00:00,22169,307019,4477,2,2022-04-24 00:00:00
CAMP100112,Instagram,Tech,Brand Awareness,2022-04-23 00:00:00,38884,642465,3860,3,2022-04-26 00:00:00
CAMP100113,YouTube,Travel,Product Launch,2022-04-24 00:00:00,26444,293480,978,22,2022-05-16 00:00:00
CAMP100114,Instagram,Travel,Event Promotion,2022-04-25 00:00:00,77597,3432,4321,27,2022-05-22 00:00:00
CAMP100115,TikTok,Travel,Brand Awareness,2022-04-26 00:00:00,82376,749141,73,20,2022-05-16 00:00:00
CAMP100116,TikTok,Tech,Brand Awareness,2022-04-27 00:00:00,76710,954399,3098,29,2022-05-26 00:00:00
CAMP100117,TikTok,Fitness,Product Launch,2022-04-28 00:00:00,42809,225396,4877,3,2022-05-01 00:00:00
CAMP100118,YouTube,Food,Giveaway,2022-04-29 00:00:00,88590,21663,559,2,2022-05-01 00:00:00
CAMP100119,YouTube,Fashion,Event Promotion,2022-04-30 00:00:00,6793,64476,3283,29,2022-05-29 00:00:00
CAMP100120,YouTube,Fitness,Seasonal Sale,2022-05-01 00:00:00,87175,178177,3371,16,2022-05-17 00:00:00
CAMP100121,YouTube,Fitness,Seasonal Sale,2022-05-02 00:00:00,60722,838775,248,10,2022-05-12 00:00:00
CAMP100122,Instagram,Travel,Event Promotion,2022-05-03 00:00:00,53738,723951,1855,22,2022-05-25 00:00:00
CAMP100123,YouTube,Food,Event Promotion,2022-05-04 00:00:00,89356,956081,2373,27,2022-05-31 00:00:00
CAMP100124,Instagram,Fitness,Giveaway,2022-05-05 00:00:00,99357,958664,607,28,2022-06-02 00:00:00
CAMP100125,YouTube,Fashion,Brand Awareness,2022-05-06 00:00:00,32820,627719,1211,27,2022-06-02 00:00:00
CAMP100126,Instagram,Travel,Product Launch,2022-05-07 00:00:00,52163,305713,4520,23,2022-05-30 00:00:00
CAMP100127,Instagram,Beauty,Product Launch,2022-05-08 00:00:00,38333,156332,3394,8,2022-05-16 00:00:00
CAMP100128,Instagram,Fitness,Brand Awareness,2022-05-09 00:00:00,20172,722186,923,23,2022-06-01 00:00:00
CAMP100129,YouTube,Fashion,Seasonal Sale,2022-05-10 00:00:00,29556,473989,3825,2,2022-05-12 00:00:00
CAMP100130,Instagram,Gaming,Giveaway,2022-05-11 00:00:00,79731,66162,4922,14,2022-05-25 00:00:00
CAMP100131,Twitter,Food,Seasonal Sale,2022-05-12 00:00:00,80601,71798,1833,6,2022-05-18 00:00:00
CAMP100132,YouTube,Food,Seasonal Sale,2022-05-13 00:00:00,72957,618852,1938,5,2022-05-18 00:00:00
CAMP100133,Instagram,Fashion,Event Promotion,2022-05-14 00:00:00,47967,670002,1575,10,2022-05-24 00:00:00
CAMP100134,YouTube,Food,Product Launch,2022-05-15 00:00:00,82189,220943,3501,3,2022-05-18 00:00:00
CAMP100135,Instagram,Gaming,Seasonal Sale,2022-05-16 00:00:00,54965,331179,4152,2,2022-05-18 00:00:00
CAMP100136,Twitter,Tech,Giveaway,2022-05-17 00:00:00,12342,120893,3250,22,2022-06-08 00:00:00
CAMP100137,YouTube,Fitness,Product Launch,2022-05-18 00:00:00,76631,926767,2678,27,2022-06-14 00:00:00
CAMP100138,TikTok,Fitness,Event Promotion,2022-05-19 00:00:00,67121,124644,922,11,2022-05-30 00:00:00
CAMP100139,Instagram,Travel,Giveaway,2022-05-20 00:00:00,33853,508137,1107,2,2022-05-22 00:00:00
CAMP100140,YouTube,Food,Product Launch,2022-05-21 00:00:00,69473,521689,1858,14,2022-06-04 00:00:00
CAMP100141,YouTube,Tech,Seasonal Sale,2022-05-22 00:00:00,47358,425137,4559,14,2022-06-05 00:00:00
CAMP100142,Twitter,Fitness,Product Launch,2022-05-23 00:00:00,41519,605437,3526,13,2022-06-05 00:00:00
CAMP100143,YouTube,Beauty,Giveaway,2022-05-24 00:00:00,32146,184608,3105,17,2022-06-10 00:00:00
CAMP100144,YouTube,Fitness,Brand Awareness,2022-05-25 00:00:00,11672,976241,2650,12,2022-06-06 00:00:00
CAMP100145,Instagram,Gaming,Event Promotion,2022-05-26 00:00:00,60284,214132,4994,25,2022-06-20 00:00:00
CAMP100146,Instagram,Food,Giveaway,2022-05-27 00:00:00,42016,736295,4074,14,2022-06-10 00:00:00
CAMP100147,YouTube,Food,Event Promotion,2022-05-28 00:00:00,77632,294778,4533,12,2022-06-09 00:00:00
CAMP100148,YouTube,Fashion,Brand Awareness,2022-05-29 00:00:00,26076,72827,2222,18,2022-06-16 00:00:00
CAMP100149,Instagram,Food,Giveaway,2022-05-30 00:00:00,6682,7138,3132,24,2022-06-23 00:00:00
CAMP100150,TikTok,Beauty,Product Launch,2022-05-31 00:00:00,76646,587474,4078,24,2022-06-24 00:00:00
CAMP100151,TikTok,Fitness,Event Promotion,2022-06-01 00:00:00,25808,967446,1184,25,2022-06-26 00:00:00
CAMP100152,Instagram,Fashion,Product Launch,2022-06-02 00:00:00,83880,669320,568,9,2022-06-11 00:00:00
CAMP100153,YouTube,Fashion,Giveaway,2022-06-03 00:00:00,50680,668727,405,8,2022-06-11 00:00:00
CAMP100154,Instagram,Fitness,Giveaway,2022-06-04 00:00:00,78141,221022,4071,25,2022-06-29 00:00:00
CAMP100155,YouTube,Food,Seasonal Sale,2022-06-05 00:00:00,11406,605139,2970,21,2022-06-26 00:00:00
CAMP100156,Instagram,Travel,Event Promotion,2022-06-06 00:00:00,81723,37180,4812,26,2022-07-02 00:00:00
CAMP100157,YouTube,Food,Product Launch,2022-06-07 00:00:00,81229,27419,4989,24,2022-07-01 00:00:00
CAMP100158,TikTok,Travel,Brand Awareness,2022-06-08 00:00:00,46995,170162,844,21,2022-06-29 00:00:00
CAMP100159,TikTok,Gaming,Giveaway,2022-06-09 00:00:00,19889,558826,2104,15,2022-06-24 00:00:00
CAMP100160,Instagram,Tech,Product Launch,2022-06-10 00:00:00,87601,66153,2917,8,2022-06-18 00:00:00
CAMP100161,Twitter,Fitness,Seasonal Sale,2022-06-11 00:00:00,9299,854551,3738,14,2022-06-25 00:00:00
CAMP100162,Instagram,Fashion,Seasonal Sale,2022-06-12 00:00:00,27628,906738,4217,28,2022-07-10 00:00:00
CAMP100163,Instagram,Travel,Brand Awareness,2022-06-13 00:00:00,25558,382324,4647,23,2022-07-06 00:00:00
CAMP100164,YouTube,Beauty,Product Launch,2022-06-14 00:00:00,1253,691130,3796,29,2022-07-13 00:00:00
CAMP100165,Instagram,Travel,Brand Awareness,2022-06-15 00:00:00,82098,185352,4941,10,2022-06-25 00:00:00
CAMP100166,TikTok,Fitness,Giveaway,2022-06-16 00:00:00,61530,444357,290,18,2022-07-04 00:00:00
CAMP100167,TikTok,Fitness,Giveaway,2022-06-17 00:00:00,75971,819661,1655,9,2022-06-26 00:00:00
CAMP100168,Instagram,Food,Giveaway,2022-06-18 00:00:00,34487,614203,4115,26,2022-07-14 00:00:00
CAMP100169,Twitter,Gaming,Product Launch,2022-06-19 00:00:00,62164,465628,480,16,2022-07-05 00:00:00
CAMP100170,Instagram,Fitness,Event Promotion,2022-06-20 00:00:00,8820,55149,2671,14,2022-07-04 00:00:00
CAMP100171,YouTube,Gaming,Seasonal Sale,2022-06-21 00:00:00,92560,254593,1218,24,2022-07-15 00:00:00
CAMP100172,Instagram,Food,Event Promotion,2022-06-22 00:00:00,47635,35767,3369,2,2022-06-24 00:00:00
CAMP100173,Twitter,Tech,Brand Awareness,2022-06-23 00:00:00,6604,218881,3240,9,2022-07-02 00:00:00
CAMP100174,Instagram,Tech,Event Promotion,2022-06-24 00:00:00,56529,600073,647,10,2022-07-04 00:00:00
CAMP100175,Instagram,Fitness,Product Launch,2022-06-25 00:00:00,30556,847073,354,26,2022-07-21 00:00:00
CAMP100176,YouTube,Gaming,Giveaway,2022-06-26 00:00:00,78424,787561,2763,7,2022-07-03 00:00:00
CAMP100177,Twitter,Food,Event Promotion,2022-06-27 00:00:00,24777,733699,530,19,2022-07-16 00:00:00
CAMP100178,TikTok,Gaming,Event Promotion,2022-06-28 00:00:00,78232,767977,4419,23,2022-07-21 00:00:00
CAMP100179,TikTok,Gaming,Giveaway,2022-06-29 00:00:00,95296,990787,3853,4,2022-07-03 00:00:00
CAMP100180,TikTok,Food,Product Launch,2022-06-30 00:00:00,82532,366404,3760,4,2022-07-04 00:00:00
CAMP100181,TikTok,Travel,Brand Awareness,2022-07-01 00:00:00,52056,775667,258,18,2022-07-19 00:00:00
CAMP100182,YouTube,Fitness,Brand Awareness,2022-07-02 00:00:00,22279,437966,2212,3,2022-07-05 00:00:00
CAMP100183,Instagram,Travel,Product Launch,2022-07-03 00:00:00,32086,270006,209,7,2022-07-10 00:00:00
CAMP100184,TikTok,Gaming,Product Launch,2022-07-04 00:00:00,75917,230305,764,12,2022-07-16 00:00:00
CAMP100185,YouTube,Fitness,Brand Awareness,2022-07-05 00:00:00,10250,753987,1999,15,2022-07-20 00:00:00
CAMP100186,Instagram,Fitness,Giveaway,2022-07-06 00:00:00,69109,555703,3652,9,2022-07-15 00:00:00
CAMP100187,Instagram,Gaming,Giveaway,2022-07-07 00:00:00,48510,716487,230,2,2022-07-09 00:00:00
CAMP100188,TikTok,Fitness,Product Launch,2022-07-08 00:00:00,13599,146277,4280,13,2022-07-21 00:00:00
CAMP100189,Instagram,Travel,Brand Awareness,2022-07-09 00:00:00,62433,622157,4450,12,2022-07-21 00:00:00
CAMP100190,Twitter,Fashion,Event Promotion,2022-07-10 00:00:00,34275,547688,4438,9,2022-07-19 00:00:00
CAMP100191,Instagram,Travel,Giveaway,2022-07-11 00:00:00,63346,517968,4928,20,2022-07-31 00:00:00
CAMP100192,Instagram,Beauty,Giveaway,2022-07-12 00:00:00,68695,223052,4613,16,2022-07-28 00:00:00
CAMP100193,TikTok,Beauty,Seasonal Sale,2022-07-13 00:00:00,88981,976804,96,8,2022-07-21 00:00:00
CAMP100194,Instagram,Beauty,Product Launch,2022-07-14 00:00:00,54285,201623,1317,28,2022-08-11 00:00:00
CAMP100195,Instagram,Fitness,Giveaway,2022-07-15 00:00:00,18041,154470,149,22,2022-08-06 00:00:00
CAMP100196,YouTube,Fitness,Seasonal Sale,2022-07-16 00:00:00,96145,397284,3036,23,2022-08-08 00:00:00
CAMP100197,TikTok,Travel,Event Promotion,2022-07-17 00:00:00,6927,489774,3374,24,2022-08-10 00:00:00
CAMP100198,Instagram,Gaming,Product Launch,2022-07-18 00:00:00,62545,794680,103,8,2022-07-26 00:00:00
CAMP100199,Instagram,Travel,Giveaway,2022-07-19 00:00:00,48106,783710,1981,6,2022-07-25 00:00:00
CAMP100200,TikTok,Fashion,Giveaway,2022-07-20 00:00:00,5992,453153,2475,2,2022-07-22 00:00:00
CAMP100201,Twitter,Travel,Seasonal Sale,2022-07-21 00:00:00,94388,279693,4094,21,2022-08-11 00:00:00
CAMP100202,YouTube,Food,Product Launch,2022-07-22 00:00:00,89711,149206,2865,3,2022-07-25 00:00:00
CAMP100203,Instagram,Gaming,Event Promotion,2022-07-23 00:00:00,82752,556106,4653,17,2022-08-09 00:00:00
CAMP100204,Instagram,Food,Product Launch,2022-07-24 00:00:00,62376,933053,1495,7,2022-07-31 00:00:00
CAMP100205,Instagram,Beauty,Event Promotion,2022-07-25 00:00:00,38880,209435,1344,12,2022-08-06 00:00:00
CAMP100206,Instagram,Gaming,Product Launch,2022-07-26 00:00:00,41618,543745,1439,20,2022-08-15 00:00:00
CAMP100207,YouTube,Food,Giveaway,2022-07-27 00:00:00,89985,396847,2696,28,2022-08-24 00:00:00
CAMP100208,Instagram,Fitness,Giveaway,2022-07-28 00:00:00,67202,922211,394,3,2022-07-31 00:00:00
CAMP100209,YouTube,Beauty,Seasonal Sale,2022-07-29 00:00:00,18932,419983,920,10,2022-08-08 00:00:00
CAMP100210,YouTube,Fashion,Seasonal Sale,2022-07-30 00:00:00,59155,218379,4827,18,2022-08-17 00:00:00
CAMP100211,YouTube,Fitness,Product Launch,2022-07-31 00:00:00,1302,852761,4261,22,2022-08-22 00:00:00
CAMP100212,Instagram,Tech,Giveaway,2022-08-01 00:00:00,36567,579301,4015,26,2022-08-27 00:00:00
CAMP100213,TikTok,Beauty,Seasonal Sale,2022-08-02 00:00:00,57100,897543,3647,3,2022-08-05 00:00:00
CAMP100214,TikTok,Beauty,Event Promotion,2022-08-03 00:00:00,7343,4028,3548,16,2022-08-19 00:00:00
CAMP100215,TikTok,Gaming,Seasonal Sale,2022-08-04 00:00:00,82229,214396,2886,25,2022-08-29 00:00:00
CAMP100216,Instagram,Tech,Seasonal Sale,2022-08-05 00:00:00,26920,659085,4329,6,2022-08-11 00:00:00
CAMP100217,Instagram,Fitness,Giveaway,2022-08-06 00:00:00,95189,11130,2781,23,2022-08-29 00:00:00
CAMP100218,Twitter,Fitness,Brand Awareness,2022-08-07 00:00:00,28343,949727,3902,6,2022-08-13 00:00:00
CAMP100219,Instagram,Fashion,Seasonal Sale,2022-08-08 00:00:00,34437,174209,55,25,2022-09-02 00:00:00
CAMP100220,Instagram,Beauty,Giveaway,2022-08-09 00:00:00,32496,638695,2391,24,2022-09-02 00:00:00
CAMP100221,YouTube,Food,Seasonal Sale,2022-08-10 00:00:00,48668,426043,4476,4,2022-08-14 00:00:00
CAMP100222,YouTube,Beauty,Giveaway,2022-08-11 00:00:00,75068,830663,4820,17,2022-08-28 00:00:00
CAMP100223,Twitter,Beauty,Giveaway,2022-08-12 00:00:00,15947,732898,961,16,2022-08-28 00:00:00
CAMP100224,Instagram,Travel,Giveaway,2022-08-13 00:00:00,78701,221189,2648,18,2022-08-31 00:00:00
CAMP100225,Twitter,Fashion,Product Launch,2022-08-14 00:00:00,6980,836224,1965,24,2022-09-07 00:00:00
CAMP100226,Instagram,Beauty,Product Launch,2022-08-15 00:00:00,4518,881345,2310,7,2022-08-22 00:00:00
CAMP100227,YouTube,Beauty,Event Promotion,2022-08-16 00:00:00,19161,196950,942,6,2022-08-22 00:00:00
CAMP100228,YouTube,Travel,Brand Awareness,2022-08-17 00:00:00,61563,702309,109,26,2022-09-12 00:00:00
CAMP100229,Instagram,Fitness,Brand Awareness,2022-08-18 00:00:00,96938,792099,3003,21,2022-09-08 00:00:00
CAMP100230,Instagram,Tech,Brand Awareness,2022-08-19 00:00:00,9543,907757,2349,17,2022-09-05 00:00:00
CAMP100231,YouTube,Beauty,Event Promotion,2022-08-20 00:00:00,4240,471330,839,1,2022-08-21 00:00:00
CAMP100232,Twitter,Food,Brand Awareness,2022-08-21 00:00:00,24557,121433,2265,7,2022-08-28 00:00:00
CAMP100233,YouTube,Beauty,Product Launch,2022-08-22 00:00:00,33413,79106,3217,26,2022-09-17 00:00:00
CAMP100234,Twitter,Fitness,Seasonal Sale,2022-08-23 00:00:00,95021,679646,433,6,2022-08-29 00:00:00
CAMP100235,TikTok,Travel,Giveaway,2022-08-24 00:00:00,45545,613987,2410,27,2022-09-20 00:00:00
CAMP100236,YouTube,Gaming,Event Promotion,2022-08-25 00:00:00,38530,113172,2946,10,2022-09-04 00:00:00
CAMP100237,TikTok,Fitness,Brand Awareness,2022-08-26 00:00:00,18582,154314,697,12,2022-09-07 00:00:00
CAMP100238,Instagram,Tech,Brand Awareness,2022-08-27 00:00:00,92770,113163,67,13,2022-09-09 00:00:00
CAMP100239,Instagram,Fashion,Brand Awareness,2022-08-28 00:00:00,93064,862422,3473,21,2022-09-18 00:00:00
CAMP100240,TikTok,Food,Event Promotion,2022-08-29 00:00:00,78867,186665,4745,1,2022-08-30 00:00:00
CAMP100241,TikTok,Gaming,Product Launch,2022-08-30 00:00:00,76464,314841,3831,20,2022-09-19 00:00:00
CAMP100242,Instagram,Fashion,Product Launch,2022-08-31 00:00:00,85886,917036,2883,20,2022-09-20 00:00:00
CAMP100243,YouTube,Fitness,Event Promotion,2022-09-01 00:00:00,46330,467935,1213,13,2022-09-14 00:00:00
CAMP100244,YouTube,Tech,Seasonal Sale,2022-09-02 00:00:00,40502,884245,2356,24,2022-09-26 00:00:00
CAMP100245,TikTok,Food,Brand Awareness,2022-09-03 00:00:00,191,197238,629,5,2022-09-08 00:00:00
CAMP100246,YouTube,Travel,Brand Awareness,2022-09-04 00:00:00,94677,758960,1472,19,2022-09-23 00:00:00
CAMP100247,YouTube,Food,Product Launch,2022-09-05 00:00:00,68777,247452,2629,7,2022-09-12 00:00:00
CAMP100248,Instagram,Tech,Seasonal Sale,2022-09-06 00:00:00,13547,622216,4450,1,2022-09-07 00:00:00
CAMP100249,YouTube,Beauty,Brand Awareness,2022-09-07 00:00:00,5466,203718,1140,10,2022-09-17 00:00:00
CAMP100250,YouTube,Travel,Brand Awareness,2022-09-08 00:00:00,49946,721736,3766,22,2022-09-30 00:00:00
CAMP100251,TikTok,Food,Brand Awareness,2022-09-09 00:00:00,35919,483840,92,7,2022-09-16 00:00:00
CAMP100252,YouTube,Beauty,Product Launch,2022-09-10 00:00:00,61711,878166,4716,6,2022-09-16 00:00:00
CAMP100253,Instagram,Travel,Seasonal Sale,2022-09-11 00:00:00,35034,772087,3334,2,2022-09-13 00:00:00
CAMP100254,Instagram,Fashion,Brand Awareness,2022-09-12 00:00:00,41915,539331,1928,15,2022-09-27 00:00:00
CAMP100255,TikTok,Travel,Brand Awareness,2022-09-13 00:00:00,72041,446014,4934,17,2022-09-30 00:00:00
CAMP100256,TikTok,Travel,Seasonal Sale,2022-09-14 00:00:00,57747,517697,3517,29,2022-10-13 00:00:00
CAMP100257,Instagram,Gaming,Event Promotion,2022-09-15 00:00:00,13732,95555,4106,12,2022-09-27 00:00:00
CAMP100258,Instagram,Travel,Seasonal Sale,2022-09-16 00:00:00,40531,939775,408,27,2022-10-13 00:00:00
CAMP100259,YouTube,Travel,Product Launch,2022-09-17 00:00:00,90828,381955,1474,6,2022-09-23 00:00:00
CAMP100260,Instagram,Gaming,Event Promotion,2022-09-18 00:00:00,23335,116757,2532,10,2022-09-28 00:00:00
CAMP100261,TikTok,Tech,Brand Awareness,2022-09-19 00:00:00,47791,215462,3474,3,2022-09-22 00:00:00
CAMP100262,Instagram,Fitness,Seasonal Sale,2022-09-20 00:00:00,6054,974255,2372,17,2022-10-07 00:00:00
CAMP100263,Instagram,Tech,Brand Awareness,2022-09-21 00:00:00,39928,200883,1485,17,2022-10-08 00:00:00
CAMP100264,Twitter,Fitness,Product Launch,2022-09-22 00:00:00,6605,116332,4646,2,2022-09-24 00:00:00
CAMP100265,Instagram,Tech,Product Launch,2022-09-23 00:00:00,12032,9581,427,20,2022-10-13 00:00:00
CAMP100266,Instagram,Beauty,Product Launch,2022-09-24 00:00:00,18373,239106,2873,18,2022-10-12 00:00:00
CAMP100267,Instagram,Gaming,Brand Awareness,2022-09-25 00:00:00,84425,986392,4107,17,2022-10-12 00:00:00
CAMP100268,Instagram,Beauty,Event Promotion,2022-09-26 00:00:00,86451,701091,1310,28,2022-10-24 00:00:00
CAMP100269,Instagram,Food,Product Launch,2022-09-27 00:00:00,50461,471815,650,20,2022-10-17 00:00:00
CAMP100270,Instagram,Travel,Event Promotion,2022-09-28 00:00:00,20275,422813,4622,19,2022-10-17 00:00:00
CAMP100271,Instagram,Travel,Product Launch,2022-09-29 00:00:00,43738,806430,4982,29,2022-10-28 00:00:00
CAMP100272,Instagram,Travel,Event Promotion,2022-09-30 00:00:00,27206,426648,2540,28,2022-10-28 00:00:00
CAMP100273,YouTube,Gaming,Product Launch,2022-10-01 00:00:00,19146,799449,1138,23,2022-10-24 00:00:00
CAMP100274,YouTube,Fitness,Product Launch,2022-10-02 00:00:00,87235,901370,2181,28,2022-10-30 00:00:00
CAMP100275,Instagram,Fashion,Giveaway,2022-10-03 00:00:00,61675,598723,1405,17,2022-10-20 00:00:00
CAMP100276,Instagram,Fashion,Product Launch,2022-10-04 00:00:00,36425,695150,454,28,2022-11-01 00:00:00
CAMP100277,YouTube,Food,Product Launch,2022-10-05 00:00:00,54787,595581,3687,25,2022-10-30 00:00:00
CAMP100278,TikTok,Beauty,Product Launch,2022-10-06 00:00:00,98733,732621,3242,18,2022-10-24 00:00:00
CAMP100279,TikTok,Tech,Giveaway,2022-10-07 00:00:00,81201,603306,3876,19,2022-10-26 00:00:00
CAMP100280,Instagram,Fitness,Seasonal Sale,2022-10-08 00:00:00,71176,423793,3049,16,2022-10-24 00:00:00
CAMP100281,Instagram,Gaming,Event Promotion,2022-10-09 00:00:00,66479,614320,2899,21,2022-10-30 00:00:00
CAMP100282,Instagram,Gaming,Event Promotion,2022-10-10 00:00:00,27668,835501,3288,10,2022-10-20 00:00:00
CAMP100283,Instagram,Travel,Product Launch,2022-10-11 00:00:00,91272,904797,2830,2,2022-10-13 00:00:00
CAMP100284,YouTube,Fashion,Event Promotion,2022-10-12 00:00:00,69439,394871,3928,20,2022-11-01 00:00:00
CAMP100285,YouTube,Gaming,Giveaway,2022-10-13 00:00:00,32505,46549,2697,10,2022-10-23 00:00:00
CAMP100286,Instagram,Travel,Giveaway,2022-10-14 00:00:00,59552,171915,2503,19,2022-11-02 00:00:00
CAMP100287,Instagram,Beauty,Seasonal Sale,2022-10-15 00:00:00,5049,261895,1645,12,2022-10-27 00:00:00
CAMP100288,YouTube,Beauty,Brand Awareness,2022-10-16 00:00:00,15643,473703,2497,14,2022-10-30 00:00:00
CAMP100289,Instagram,Fitness,Product Launch,2022-10-17 00:00:00,9506,627382,3930,3,2022-10-20 00:00:00
CAMP100290,TikTok,Tech,Brand Awareness,2022-10-18 00:00:00,1343,802367,3285,13,2022-10-31 00:00:00
CAMP100291,Instagram,Fashion,Brand Awareness,2022-10-19 00:00:00,79486,361704,2359,24,2022-11-12 00:00:00
CAMP100292,Twitter,Gaming,Event Promotion,2022-10-20 00:00:00,92306,332075,2499,24,2022-11-13 00:00:00
CAMP100293,Instagram,Food,Product Launch,2022-10-21 00:00:00,16549,339629,2989,26,2022-11-16 00:00:00
CAMP100294,TikTok,Travel,Event Promotion,2022-10-22 00:00:00,24361,56446,2738,4,2022-10-26 00:00:00
CAMP100295,Twitter,Fashion,Seasonal Sale,2022-10-23 00:00:00,46415,94481,2322,5,2022-10-28 00:00:00
CAMP100296,Twitter,Food,Product Launch,2022-10-24 00:00:00,48460,151110,3821,2,2022-10-26 00:00:00
CAMP100297,TikTok,Travel,Product Launch,2022-10-25 00:00:00,88524,179676,2608,16,2022-11-10 00:00:00
CAMP100298,TikTok,Travel,Event Promotion,2022-10-26 00:00:00,38409,795450,879,11,2022-11-06 00:00:00
CAMP100299,YouTube,Beauty,Seasonal Sale,2022-10-27 00:00:00,83705,176491,3356,4,2022-10-31 00:00:00
CAMP100300,TikTok,Fashion,Brand Awareness,2022-10-28 00:00:00,50730,967433,595,9,2022-11-06 00:00:00
CAMP100301,Instagram,Fashion,Brand Awareness,2022-10-29 00:00:00,85762,520538,1089,24,2022-11-22 00:00:00
CAMP100302,YouTube,Tech,Event Promotion,2022-10-30 00:00:00,81930,429459,3373,17,2022-11-16 00:00:00
CAMP100303,YouTube,Beauty,Seasonal Sale,2022-10-31 00:00:00,41825,938483,2722,27,2022-11-27 00:00:00
CAMP100304,TikTok,Food,Product Launch,2022-11-01 00:00:00,27913,243484,797,4,2022-11-05 00:00:00
CAMP100305,YouTube,Fitness,Product Launch,2022-11-02 00:00:00,48574,161921,4938,28,2022-11-30 00:00:00
CAMP100306,Instagram,Fashion,Seasonal Sale,2022-11-03 00:00:00,69166,267934,521,26,2022-11-29 00:00:00
CAMP100307,YouTube,Beauty,Brand Awareness,2022-11-04 00:00:00,89893,318499,3513,5,2022-11-09 00:00:00
CAMP100308,Instagram,Fitness,Product Launch,2022-11-05 00:00:00,30164,866948,3859,28,2022-12-03 00:00:00
CAMP100309,Instagram,Fashion,Giveaway,2022-11-06 00:00:00,60380,266968,2234,27,2022-12-03 00:00:00
CAMP100310,YouTube,Beauty,Brand Awareness,2022-11-07 00:00:00,71528,874120,3251,4,2022-11-11 00:00:00
CAMP100311,YouTube,Gaming,Event Promotion,2022-11-08 00:00:00,23932,350367,2875,19,2022-11-27 00:00:00
CAMP100312,Instagram,Fashion,Event Promotion,2022-11-09 00:00:00,37633,216833,3090,14,2022-11-23 00:00:00
CAMP100313,Instagram,Beauty,Giveaway,2022-11-10 00:00:00,82130,455614,2689,20,2022-11-30 00:00:00
CAMP100314,Instagram,Beauty,Seasonal Sale,2022-11-11 00:00:00,51555,285844,4983,21,2022-12-02 00:00:00
CAMP100315,Instagram,Gaming,Giveaway,2022-11-12 00:00:00,9788,46599,4576,23,2022-12-05 00:00:00
CAMP100316,Instagram,Beauty,Product Launch,2022-11-13 00:00:00,66098,19101,623,20,2022-12-03 00:00:00
CAMP100317,YouTube,Fashion,Giveaway,2022-11-14 00:00:00,51281,66059,4224,9,2022-11-23 00:00:00
CAMP100318,Instagram,Fitness,Seasonal Sale,2022-11-15 00:00:00,57290,138149,1826,28,2022-12-13 00:00:00
CAMP100319,Twitter,Travel,Brand Awareness,2022-11-16 00:00:00,14204,722272,3197,23,2022-12-09 00:00:00
CAMP100320,Twitter,Travel,Brand Awareness,2022-11-17 00:00:00,37594,72072,554,16,2022-12-03 00:00:00
CAMP100321,YouTube,Fitness,Event Promotion,2022-11-18 00:00:00,4815,868845,866,26,2022-12-14 00:00:00
CAMP100322,Instagram,Gaming,Giveaway,2022-11-19 00:00:00,63911,686419,4423,17,2022-12-06 00:00:00
CAMP100323,YouTube,Gaming,Product Launch,2022-11-20 00:00:00,38228,102486,1277,10,2022-11-30 00:00:00
CAMP100324,TikTok,Gaming,Brand Awareness,2022-11-21 00:00:00,49736,756292,4189,6,2022-11-27 00:00:00
CAMP100325,YouTube,Fashion,Brand Awareness,2022-11-22 00:00:00,59834,715195,821,14,2022-12-06 00:00:00
CAMP100326,TikTok,Fitness,Brand Awareness,2022-11-23 00:00:00,13154,829853,297,6,2022-11-29 00:00:00
CAMP100327,YouTube,Beauty,Brand Awareness,2022-11-24 00:00:00,25485,92292,4274,29,2022-12-23 00:00:00
CAMP100328,YouTube,Fitness,Product Launch,2022-11-25 00:00:00,50090,857413,1236,28,2022-12-23 00:00:00
CAMP100329,Instagram,Fashion,Seasonal Sale,2022-11-26 00:00:00,3867,295191,2637,13,2022-12-09 00:00:00
CAMP100330,TikTok,Beauty,Giveaway,2022-11-27 00:00:00,49972,796168,3997,27,2022-12-24 00:00:00
CAMP100331,Instagram,Beauty,Product Launch,2022-11-28 00:00:00,65277,761325,2579,4,2022-12-02 00:00:00
CAMP100332,YouTube,Beauty,Seasonal Sale,2022-11-29 00:00:00,97607,213546,958,7,2022-12-06 00:00:00
CAMP100333,TikTok,Gaming,Seasonal Sale,2022-11-30 00:00:00,65701,352557,1164,10,2022-12-10 00:00:00
CAMP100334,Instagram,Travel,Brand Awareness,2022-12-01 00:00:00,65302,654935,4853,9,2022-12-10 00:00:00
CAMP100335,YouTube,Travel,Giveaway,2022-12-02 00:00:00,65010,106673,1791,7,2022-12-09 00:00:00
CAMP100336,Instagram,Travel,Product Launch,2022-12-03 00:00:00,92986,798798,1044,15,2022-12-18 00:00:00
CAMP100337,TikTok,Gaming,Brand Awareness,2022-12-04 00:00:00,39700,628474,3156,29,2023-01-02 00:00:00
CAMP100338,Instagram,Fashion,Giveaway,2022-12-05 00:00:00,84258,291493,4738,22,2022-12-27 00:00:00
CAMP100339,Twitter,Fitness,Seasonal Sale,2022-12-06 00:00:00,15859,176775,1722,3,2022-12-09 00:00:00
CAMP100340,Instagram,Gaming,Brand Awareness,2022-12-07 00:00:00,82193,381042,1978,28,2023-01-04 00:00:00
CAMP100341,Twitter,Food,Brand Awareness,2022-12-08 00:00:00,144,800823,2865,2,2022-12-10 00:00:00
CAMP100342,TikTok,Tech,Seasonal Sale,2022-12-09 00:00:00,68255,228589,3351,28,2023-01-06 00:00:00
CAMP100343,YouTube,Beauty,Seasonal Sale,2022-12-10 00:00:00,50686,711521,1978,19,2022-12-29 00:00:00
CAMP100344,TikTok,Food,Event Promotion,2022-12-11 00:00:00,19418,249935,1471,13,2022-12-24 00:00:00
CAMP100345,TikTok,Beauty,Product Launch,2022-12-12 00:00:00,38472,799039,176,22,2023-01-03 00:00:00
CAMP100346,Twitter,Food,Brand Awareness,2022-12-13 00:00:00,92938,804843,2992,6,2022-12-19 00:00:00
CAMP100347,Instagram,Fitness,Brand Awareness,2022-12-14 00:00:00,65510,809575,3375,24,2023-01-07 00:00:00
CAMP100348,YouTube,Fashion,Seasonal Sale,2022-12-15 00:00:00,61754,460630,4507,6,2022-12-21 00:00:00
CAMP100349,Instagram,Beauty,Event Promotion,2022-12-16 00:00:00,31408,816023,3613,24,2023-01-09 00:00:00
CAMP100350,YouTube,Food,Brand Awareness,2022-12-17 00:00:00,65241,258444,1825,28,2023-01-14 00:00:00
CAMP100351,Instagram,Gaming,Event Promotion,2022-12-18 00:00:00,96225,828277,3447,28,2023-01-15 00:00:00
CAMP100352,YouTube,Food,Seasonal Sale,2022-12-19 00:00:00,51904,869198,4426,3,2022-12-22 00:00:00
CAMP100353,YouTube,Fitness,Seasonal Sale,2022-12-20 00:00:00,83800,207124,3,15,2023-01-04 00:00:00
CAMP100354,YouTube,Gaming,Giveaway,2022-12-21 00:00:00,2907,127428,2906,23,2023-01-13 00:00:00
CAMP100355,YouTube,Fashion,Giveaway,2022-12-22 00:00:00,35730,599529,1210,13,2023-01-04 00:00:00
CAMP100356,TikTok,Fashion,Seasonal Sale,2022-12-23 00:00:00,79234,193759,2459,21,2023-01-13 00:00:00
CAMP100357,TikTok,Travel,Seasonal Sale,2022-12-24 00:00:00,89642,519283,4721,2,2022-12-26 00:00:00
CAMP100358,YouTube,Travel,Giveaway,2022-12-25 00:00:00,29708,300040,1995,9,2023-01-03 00:00:00
CAMP100359,YouTube,Food,Event Promotion,2022-12-26 00:00:00,31165,484316,736,20,2023-01-15 00:00:00
CAMP100360,Twitter,Food,Seasonal Sale,2022-12-27 00:00:00,24193,587882,1200,6,2023-01-02 00:00:00
CAMP100361,Instagram,Tech,Event Promotion,2022-12-28 00:00:00,75015,679478,2953,29,2023-01-26 00:00:00
CAMP100362,Instagram,Tech,Giveaway,2022-12-29 00:00:00,69745,888747,1178,6,2023-01-04 00:00:00
CAMP100363,Instagram,Beauty,Product Launch,2022-12-30 00:00:00,25308,344189,518,13,2023-01-12 00:00:00
CAMP100364,YouTube,Beauty,Giveaway,2022-12-31 00:00:00,18594,647363,1160,4,2023-01-04 00:00:00
CAMP100365,YouTube,Food,Seasonal Sale,2023-01-01 00:00:00,49507,533133,1107,20,2023-01-21 00:00:00
CAMP100366,TikTok,Travel,Giveaway,2023-01-02 00:00:00,3278,90219,1314,25,2023-01-27 00:00:00
CAMP100367,YouTube,Gaming,Brand Awareness,2023-01-03 00:00:00,73297,848445,2866,11,2023-01-14 00:00:00
CAMP100368,Instagram,Tech,Product Launch,2023-01-04 00:00:00,57409,230269,1709,20,2023-01-24 00:00:00
CAMP100369,TikTok,Beauty,Product Launch,2023-01-05 00:00:00,30728,122417,2863,19,2023-01-24 00:00:00
CAMP100370,TikTok,Beauty,Brand Awareness,2023-01-06 00:00:00,52350,692323,1857,8,2023-01-14 00:00:00
CAMP100371,Instagram,Fashion,Brand Awareness,2023-01-07 00:00:00,21647,245138,2665,10,2023-01-17 00:00:00
CAMP100372,Instagram,Food,Product Launch,2023-01-08 00:00:00,33046,851382,232,9,2023-01-17 00:00:00
CAMP100373,Instagram,Travel,Brand Awareness,2023-01-09 00:00:00,19103,85023,3723,13,2023-01-22 00:00:00
CAMP100374,Instagram,Tech,Event Promotion,2023-01-10 00:00:00,85951,366065,586,2,2023-01-12 00:00:00
CAMP100375,Instagram,Gaming,Seasonal Sale,2023-01-11 00:00:00,8868,924945,1667,11,2023-01-22 00:00:00
CAMP100376,Twitter,Tech,Product Launch,2023-01-12 00:00:00,9709,842812,448,27,2023-02-08 00:00:00
CAMP100377,YouTube,Food,Seasonal Sale,2023-01-13 00:00:00,18732,197987,1369,8,2023-01-21 00:00:00
CAMP100378,Instagram,Travel,Event Promotion,2023-01-14 00:00:00,40212,216874,3186,24,2023-02-07 00:00:00
CAMP100379,TikTok,Travel,Product Launch,2023-01-15 00:00:00,38243,43367,548,1,2023-01-16 00:00:00
CAMP100380,YouTube,Fitness,Product Launch,2023-01-16 00:00:00,97794,621144,758,11,2023-01-27 00:00:00
CAMP100381,Twitter,Fitness,Product Launch,2023-01-17 00:00:00,20116,578406,34,27,2023-02-13 00:00:00
CAMP100382,TikTok,Gaming,Brand Awareness,2023-01-18 00:00:00,85132,481917,2843,1,2023-01-19 00:00:00
CAMP100383,YouTube,Fashion,Seasonal Sale,2023-01-19 00:00:00,50894,795433,4170,6,2023-01-25 00:00:00
CAMP100384,Instagram,Beauty,Product Launch,2023-01-20 00:00:00,18122,224218,1212,6,2023-01-26 00:00:00
CAMP100385,Twitter,Fashion,Event Promotion,2023-01-21 00:00:00,21076,592534,1370,16,2023-02-06 00:00:00
CAMP100386,TikTok,Gaming,Brand Awareness,2023-01-22 00:00:00,21973,192116,1289,28,2023-02-19 00:00:00
CAMP100387,Twitter,Gaming,Brand Awareness,2023-01-23 00:00:00,58866,125509,4245,29,2023-02-21 00:00:00
CAMP100388,Instagram,Travel,Seasonal Sale,2023-01-24 00:00:00,85535,352607,253,8,2023-02-01 00:00:00
CAMP100389,TikTok,Beauty,Product Launch,2023-01-25 00:00:00,87606,876527,4876,2,2023-01-27 00:00:00
CAMP100390,YouTube,Fitness,Product Launch,2023-01-26 00:00:00,91046,556736,2338,11,2023-02-06 00:00:00
CAMP100391,Instagram,Tech,Brand Awareness,2023-01-27 00:00:00,85701,158282,4300,13,2023-02-09 00:00:00
CAMP100392,YouTube,Travel,Product Launch,2023-01-28 00:00:00,95885,612847,1032,3,2023-01-31 00:00:00
CAMP100393,YouTube,Fashion,Seasonal Sale,2023-01-29 00:00:00,52237,193209,2103,21,2023-02-19 00:00:00
CAMP100394,Instagram,Fitness,Brand Awareness,2023-01-30 00:00:00,32707,243911,1126,24,2023-02-23 00:00:00
CAMP100395,YouTube,Travel,Event Promotion,2023-01-31 00:00:00,41714,858676,2412,8,2023-02-08 00:00:00
CAMP100396,TikTok,Food,Brand Awareness,2023-02-01 00:00:00,84654,356943,898,1,2023-02-02 00:00:00
CAMP100397,Instagram,Food,Product Launch,2023-02-02 00:00:00,85089,736697,1399,23,2023-02-25 00:00:00
CAMP100398,YouTube,Food,Product Launch,2023-02-03 00:00:00,59108,638454,930,16,2023-02-19 00:00:00
CAMP100399,YouTube,Fitness,Product Launch,2023-02-04 00:00:00,58518,989974,4775,21,2023-02-25 00:00:00
CAMP100400,Instagram,Beauty,Giveaway,2023-02-05 00:00:00,1370,503940,1838,17,2023-02-22 00:00:00
CAMP100401,Twitter,Gaming,Product Launch,2023-02-06 00:00:00,14869,887412,3805,24,2023-03-02 00:00:00
CAMP100402,TikTok,Fashion,Product Launch,2023-02-07 00:00:00,86484,873217,2323,24,2023-03-03 00:00:00
CAMP100403,Instagram,Fashion,Seasonal Sale,2023-02-08 00:00:00,24272,640721,592,22,2023-03-02 00:00:00
CAMP100404,Twitter,Gaming,Giveaway,2023-02-09 00:00:00,578,869542,2363,3,2023-02-12 00:00:00
CAMP100405,TikTok,Tech,Product Launch,2023-02-10 00:00:00,34713,373108,894,22,2023-03-04 00:00:00
CAMP100406,Instagram,Travel,Seasonal Sale,2023-02-11 00:00:00,23408,411081,238,1,2023-02-12 00:00:00
CAMP100407,TikTok,Food,Brand Awareness,2023-02-12 00:00:00,52416,740021,3615,12,2023-02-24 00:00:00
CAMP100408,Instagram,Fitness,Giveaway,2023-02-13 00:00:00,47085,994752,2269,19,2023-03-04 00:00:00
CAMP100409,Twitter,Fitness,Giveaway,2023-02-14 00:00:00,93657,768553,3786,4,2023-02-18 00:00:00
CAMP100410,YouTube,Fitness,Brand Awareness,2023-02-15 00:00:00,35248,711710,2879,18,2023-03-05 00:00:00
CAMP100411,YouTube,Food,Brand Awareness,2023-02-16 00:00:00,74762,214141,3371,16,2023-03-04 00:00:00
CAMP100412,Instagram,Fashion,Giveaway,2023-02-17 00:00:00,95814,970005,4840,3,2023-02-20 00:00:00
CAMP100413,TikTok,Food,Brand Awareness,2023-02-18 00:00:00,21131,18177,1786,27,2023-03-17 00:00:00
CAMP100414,Instagram,Fashion,Product Launch,2023-02-19 00:00:00,38424,856270,3517,15,2023-03-06 00:00:00
CAMP100415,Instagram,Fashion,Seasonal Sale,2023-02-20 00:00:00,3682,345580,3021,24,2023-03-16 00:00:00
CAMP100416,Instagram,Fashion,Seasonal Sale,2023-02-21 00:00:00,72110,291267,2493,13,2023-03-06 00:00:00
CAMP100417,TikTok,Fitness,Event Promotion,2023-02-22 00:00:00,49656,907806,1260,20,2023-03-14 00:00:00
CAMP100418,Instagram,Beauty,Event Promotion,2023-02-23 00:00:00,44739,508402,3610,20,2023-03-15 00:00:00
CAMP100419,Twitter,Fitness,Brand Awareness,2023-02-24 00:00:00,65869,598623,1425,20,2023-03-16 00:00:00
CAMP100420,YouTube,Travel,Seasonal Sale,2023-02-25 00:00:00,11434,30025,4214,6,2023-03-03 00:00:00
CAMP100421,Instagram,Fitness,Giveaway,2023-02-26 00:00:00,71685,217397,3960,29,2023-03-27 00:00:00
CAMP100422,Instagram,Gaming,Brand Awareness,2023-02-27 00:00:00,93852,364099,234,23,2023-03-22 00:00:00
CAMP100423,Instagram,Gaming,Product Launch,2023-02-28 00:00:00,51421,186485,1357,25,2023-03-25 00:00:00
CAMP100424,YouTube,Tech,Seasonal Sale,2023-03-01 00:00:00,51163,871394,560,11,2023-03-12 00:00:00
CAMP100425,TikTok,Fitness,Event Promotion,2023-03-02 00:00:00,48343,408220,1135,2,2023-03-04 00:00:00
CAMP100426,Instagram,Fitness,Product Launch,2023-03-03 00:00:00,48076,304835,3052,8,2023-03-11 00:00:00
CAMP100427,TikTok,Fitness,Product Launch,2023-03-04 00:00:00,32325,131677,4195,16,2023-03-20 00:00:00
CAMP100428,Instagram,Beauty,Seasonal Sale,2023-03-05 00:00:00,90449,128294,1874,24,2023-03-29 00:00:00
CAMP100429,TikTok,Food,Seasonal Sale,2023-03-06 00:00:00,68513,436568,27,17,2023-03-23 00:00:00
CAMP100430,Twitter,Fitness,Giveaway,2023-03-07 00:00:00,13253,309741,2063,6,2023-03-13 00:00:00
CAMP100431,TikTok,Food,Product Launch,2023-03-08 00:00:00,48110,97100,4178,25,2023-04-02 00:00:00
CAMP100432,YouTube,Gaming,Event Promotion,2023-03-09 00:00:00,91748,670082,320,8,2023-03-17 00:00:00
CAMP100433,TikTok,Gaming,Giveaway,2023-03-10 00:00:00,34947,827294,4867,24,2023-04-03 00:00:00
CAMP100434,Instagram,Fashion,Product Launch,2023-03-11 00:00:00,94561,448215,3758,13,2023-03-24 00:00:00
CAMP100435,Instagram,Fitness,Seasonal Sale,2023-03-12 00:00:00,86420,854051,819,13,2023-03-25 00:00:00
CAMP100436,Instagram,Food,Brand Awareness,2023-03-13 00:00:00,37967,51332,222,13,2023-03-26 00:00:00
CAMP100437,YouTube,Fashion,Product Launch,2023-03-14 00:00:00,4776,524131,455,17,2023-03-31 00:00:00
CAMP100438,TikTok,Beauty,Product Launch,2023-03-15 00:00:00,19511,192767,1209,2,2023-03-17 00:00:00
CAMP100439,YouTube,Fashion,Product Launch,2023-03-16 00:00:00,35858,845219,4510,13,2023-03-29 00:00:00
CAMP100440,TikTok,Beauty,Seasonal Sale,2023-03-17 00:00:00,93639,302517,3771,28,2023-04-14 00:00:00
CAMP100441,Instagram,Food,Giveaway,2023-03-18 00:00:00,39477,67477,1604,21,2023-04-08 00:00:00
CAMP100442,TikTok,Tech,Giveaway,2023-03-19 00:00:00,77952,930316,1138,21,2023-04-09 00:00:00
CAMP100443,Instagram,Fitness,Seasonal Sale,2023-03-20 00:00:00,40802,652291,62,7,2023-03-27 00:00:00
CAMP100444,Instagram,Fitness,Brand Awareness,2023-03-21 00:00:00,98131,251441,4037,23,2023-04-13 00:00:00
CAMP100445,TikTok,Travel,Event Promotion,2023-03-22 00:00:00,12331,646822,3100,25,2023-04-16 00:00:00
CAMP100446,Twitter,Food,Product Launch,2023-03-23 00:00:00,21117,365299,688,7,2023-03-30 00:00:00
CAMP100447,YouTube,Gaming,Brand Awareness,2023-03-24 00:00:00,38002,313675,3621,10,2023-04-03 00:00:00
CAMP100448,Instagram,Travel,Event Promotion,2023-03-25 00:00:00,29308,460795,3074,28,2023-04-22 00:00:00
CAMP100449,YouTube,Tech,Event Promotion,2023-03-26 00:00:00,73104,809768,3874,2,2023-03-28 00:00:00
CAMP100450,Instagram,Fashion,Product Launch,2023-03-27 00:00:00,83069,545772,3212,20,2023-04-16 00:00:00
CAMP100451,TikTok,Travel,Product Launch,2023-03-28 00:00:00,16596,283655,1127,11,2023-04-08 00:00:00
CAMP100452,TikTok,Tech,Product Launch,2023-03-29 00:00:00,61382,529441,3110,6,2023-04-04 00:00:00
CAMP100453,Instagram,Food,Giveaway,2023-03-30 00:00:00,42273,315003,1574,12,2023-04-11 00:00:00
CAMP100454,Instagram,Fitness,Seasonal Sale,2023-03-31 00:00:00,10011,792876,584,7,2023-04-07 00:00:00
CAMP100455,Instagram,Travel,Seasonal Sale,2023-04-01 00:00:00,60669,894784,1209,24,2023-04-25 00:00:00
CAMP100456,Twitter,Travel,Brand Awareness,2023-04-02 00:00:00,70678,820891,1748,8,2023-04-10 00:00:00
CAMP100457,YouTube,Travel,Seasonal Sale,2023-04-03 00:00:00,62718,195735,687,24,2023-04-27 00:00:00
CAMP100458,TikTok,Travel,Product Launch,2023-04-04 00:00:00,83165,184982,4985,10,2023-04-14 00:00:00
CAMP100459,YouTube,Beauty,Giveaway,2023-04-05 00:00:00,95437,445231,94,5,2023-04-10 00:00:00
CAMP100460,YouTube,Fitness,Giveaway,2023-04-06 00:00:00,21060,275370,4090,10,2023-04-16 00:00:00
CAMP100461,Instagram,Food,Brand Awareness,2023-04-07 00:00:00,56817,891924,3881,20,2023-04-27 00:00:00
CAMP100462,Twitter,Tech,Event Promotion,2023-04-08 00:00:00,35377,112399,2138,27,2023-05-05 00:00:00
CAMP100463,Instagram,Fitness,Brand Awareness,2023-04-09 00:00:00,437,246907,3529,17,2023-04-26 00:00:00
CAMP100464,YouTube,Beauty,Product Launch,2023-04-10 00:00:00,74296,83613,524,8,2023-04-18 00:00:00
CAMP100465,YouTube,Food,Event Promotion,2023-04-11 00:00:00,9906,589198,1570,9,2023-04-20 00:00:00
CAMP100466,YouTube,Gaming,Event Promotion,2023-04-12 00:00:00,87037,98263,513,6,2023-04-18 00:00:00
CAMP100467,Twitter,Food,Brand Awareness,2023-04-13 00:00:00,40763,588338,1707,9,2023-04-22 00:00:00
CAMP100468,Instagram,Fashion,Product Launch,2023-04-14 00:00:00,89215,570723,842,10,2023-04-24 00:00:00
CAMP100469,YouTube,Fitness,Product Launch,2023-04-15 00:00:00,5409,642939,1857,18,2023-05-03 00:00:00
CAMP100470,YouTube,Beauty,Brand Awareness,2023-04-16 00:00:00,92811,110221,628,25,2023-05-11 00:00:00
CAMP100471,YouTube,Travel,Product Launch,2023-04-17 00:00:00,35641,540783,938,23,2023-05-10 00:00:00
CAMP100472,Instagram,Beauty,Brand Awareness,2023-04-18 00:00:00,65466,555327,1690,21,2023-05-09 00:00:00
CAMP100473,Instagram,Beauty,Event Promotion,2023-04-19 00:00:00,72702,834114,477,23,2023-05-12 00:00:00
CAMP100474,Instagram,Fitness,Event Promotion,2023-04-20 00:00:00,31319,882159,1905,25,2023-05-15 00:00:00
CAMP100475,Instagram,Beauty,Giveaway,2023-04-21 00:00:00,74003,183314,303,3,2023-04-24 00:00:00
CAMP100476,YouTube,Beauty,Seasonal Sale,2023-04-22 00:00:00,59217,18199,1289,7,2023-04-29 00:00:00
CAMP100477,YouTube,Gaming,Brand Awareness,2023-04-23 00:00:00,6010,787016,3785,1,2023-04-24 00:00:00
CAMP100478,YouTube,Beauty,Event Promotion,2023-04-24 00:00:00,88163,330403,3467,17,2023-05-11 00:00:00
CAMP100479,YouTube,Travel,Product Launch,2023-04-25 00:00:00,65889,908995,4683,21,2023-05-16 00:00:00
CAMP100480,YouTube,Fashion,Event Promotion,2023-04-26 00:00:00,97719,115906,2157,22,2023-05-18 00:00:00
CAMP100481,Instagram,Travel,Event Promotion,2023-04-27 00:00:00,23486,66452,615,2,2023-04-29 00:00:00
CAMP100482,YouTube,Beauty,Seasonal Sale,2023-04-28 00:00:00,72119,557946,1468,24,2023-05-22 00:00:00
CAMP100483,Instagram,Travel,Brand Awareness,2023-04-29 00:00:00,28514,567076,3864,3,2023-05-02 00:00:00
CAMP100484,Instagram,Beauty,Giveaway,2023-04-30 00:00:00,69886,766629,165,25,2023-05-25 00:00:00
CAMP100485,YouTube,Food,Event Promotion,2023-05-01 00:00:00,19250,592816,3396,24,2023-05-25 00:00:00
CAMP100486,YouTube,Gaming,Giveaway,2023-05-02 00:00:00,64816,825902,868,12,2023-05-14 00:00:00
CAMP100487,Instagram,Gaming,Event Promotion,2023-05-03 00:00:00,37477,143470,1102,13,2023-05-16 00:00:00
CAMP100488,YouTube,Food,Giveaway,2023-05-04 00:00:00,85602,357426,4309,15,2023-05-19 00:00:00
CAMP100489,YouTube,Beauty,Brand Awareness,2023-05-05 00:00:00,21869,358232,1229,4,2023-05-09 00:00:00
CAMP100490,TikTok,Tech,Brand Awareness,2023-05-06 00:00:00,43948,373655,1599,6,2023-05-12 00:00:00
CAMP100491,YouTube,Food,Giveaway,2023-05-07 00:00:00,55893,476639,2554,12,2023-05-19 00:00:00
CAMP100492,YouTube,Fashion,Giveaway,2023-05-08 00:00:00,39732,316819,1249,6,2023-05-14 00:00:00
CAMP100493,Instagram,Tech,Giveaway,2023-05-09 00:00:00,9506,354489,1765,27,2023-06-05 00:00:00
CAMP100494,TikTok,Fashion,Product Launch,2023-05-10 00:00:00,67688,560976,740,23,2023-06-02 00:00:00
CAMP100495,YouTube,Fashion,Product Launch,2023-05-11 00:00:00,92093,654043,1689,29,2023-06-09 00:00:00
CAMP100496,YouTube,Food,Product Launch,2023-05-12 00:00:00,2046,239661,566,17,2023-05-29 00:00:00
CAMP100497,YouTube,Fashion,Giveaway,2023-05-13 00:00:00,86161,416435,2610,22,2023-06-04 00:00:00
CAMP100498,Instagram,Tech,Brand Awareness,2023-05-14 00:00:00,41336,406980,3057,17,2023-05-31 00:00:00
CAMP100499,YouTube,Fashion,Seasonal Sale,2023-05-15 00:00:00,61984,707066,4122,13,2023-05-28 00:00:00
CAMP100500,TikTok,Fashion,Event Promotion,2023-05-16 00:00:00,66095,300877,4807,22,2023-06-07 00:00:00
CAMP100501,TikTok,Food,Event Promotion,2023-05-17 00:00:00,26954,231385,189,24,2023-06-10 00:00:00
CAMP100502,Twitter,Fitness,Brand Awareness,2023-05-18 00:00:00,40478,582512,4737,28,2023-06-15 00:00:00
CAMP100503,YouTube,Tech,Brand Awareness,2023-05-19 00:00:00,72757,366225,1885,17,2023-06-05 00:00:00
CAMP100504,YouTube,Beauty,Event Promotion,2023-05-20 00:00:00,29999,919989,1848,2,2023-05-22 00:00:00
CAMP100505,TikTok,Fashion,Product Launch,2023-05-21 00:00:00,2812,505483,2939,2,2023-05-23 00:00:00
CAMP100506,Instagram,Tech,Giveaway,2023-05-22 00:00:00,47498,478186,967,12,2023-06-03 00:00:00
CAMP100507,TikTok,Food,Seasonal Sale,2023-05-23 00:00:00,73873,153632,663,15,2023-06-07 00:00:00
CAMP100508,YouTube,Fashion,Event Promotion,2023-05-24 00:00:00,61373,46505,2594,2,2023-05-26 00:00:00
CAMP100509,Instagram,Fitness,Product Launch,2023-05-25 00:00:00,9659,907108,2775,9,2023-06-03 00:00:00
CAMP100510,Instagram,Tech,Product Launch,2023-05-26 00:00:00,90220,961362,1148,3,2023-05-29 00:00:00
CAMP100511,TikTok,Fitness,Brand Awareness,2023-05-27 00:00:00,22282,771847,1183,5,2023-06-01 00:00:00
CAMP100512,Instagram,Tech,Brand Awareness,2023-05-28 00:00:00,52425,121915,4983,13,2023-06-10 00:00:00
CAMP100513,Instagram,Gaming,Product Launch,2023-05-29 00:00:00,43081,631580,126,23,2023-06-21 00:00:00
CAMP100514,Instagram,Food,Seasonal Sale,2023-05-30 00:00:00,72055,962276,1518,11,2023-06-10 00:00:00
CAMP100515,Instagram,Food,Event Promotion,2023-05-31 00:00:00,61536,949146,975,15,2023-06-15 00:00:00
CAMP100516,Instagram,Food,Product Launch,2023-06-01 00:00:00,25336,949498,95,25,2023-06-26 00:00:00
CAMP100517,TikTok,Beauty,Seasonal Sale,2023-06-02 00:00:00,26863,503294,817,29,2023-07-01 00:00:00
CAMP100518,Instagram,Fashion,Event Promotion,2023-06-03 00:00:00,73696,801070,1112,29,2023-07-02 00:00:00
CAMP100519,TikTok,Fashion,Seasonal Sale,2023-06-04 00:00:00,15194,541521,975,7,2023-06-11 00:00:00
CAMP100520,TikTok,Food,Product Launch,2023-06-05 00:00:00,68100,99992,70,27,2023-07-02 00:00:00
CAMP100521,Instagram,Tech,Brand Awareness,2023-06-06 00:00:00,6385,719227,796,26,2023-07-02 00:00:00
CAMP100522,Instagram,Fashion,Brand Awareness,2023-06-07 00:00:00,6275,581862,3879,15,2023-06-22 00:00:00
CAMP100523,YouTube,Gaming,Seasonal Sale,2023-06-08 00:00:00,36378,64579,3732,4,2023-06-12 00:00:00
CAMP100524,Instagram,Tech,Event Promotion,2023-06-09 00:00:00,33190,197091,3009,26,2023-07-05 00:00:00
CAMP100525,Instagram,Fitness,Brand Awareness,2023-06-10 00:00:00,39477,533510,919,1,2023-06-11 00:00:00
CAMP100526,Twitter,Food,Seasonal Sale,2023-06-11 00:00:00,2732,665449,2363,11,2023-06-22 00:00:00
CAMP100527,Twitter,Tech,Product Launch,2023-06-12 00:00:00,28339,100141,3260,2,2023-06-14 00:00:00
CAMP100528,TikTok,Food,Product Launch,2023-06-13 00:00:00,15053,589819,3489,12,2023-06-25 00:00:00
CAMP100529,Instagram,Travel,Seasonal Sale,2023-06-14 00:00:00,94156,671589,4888,21,2023-07-05 00:00:00
CAMP100530,YouTube,Tech,Giveaway,2023-06-15 00:00:00,25496,861424,1871,27,2023-07-12 00:00:00
CAMP100531,TikTok,Fashion,Event Promotion,2023-06-16 00:00:00,5753,714025,3719,23,2023-07-09 00:00:00
CAMP100532,Instagram,Gaming,Event Promotion,2023-06-17 00:00:00,53374,503072,1403,23,2023-07-10 00:00:00
CAMP100533,YouTube,Travel,Brand Awareness,2023-06-18 00:00:00,2200,331588,2990,12,2023-06-30 00:00:00
CAMP100534,Instagram,Beauty,Product Launch,2023-06-19 00:00:00,49746,423485,1823,27,2023-07-16 00:00:00
CAMP100535,Instagram,Fitness,Event Promotion,2023-06-20 00:00:00,82615,371269,1609,5,2023-06-25 00:00:00
CAMP100536,YouTube,Tech,Giveaway,2023-06-21 00:00:00,69314,447295,2031,22,2023-07-13 00:00:00
CAMP100537,Instagram,Fashion,Brand Awareness,2023-06-22 00:00:00,38106,867764,2426,28,2023-07-20 00:00:00
CAMP100538,Instagram,Tech,Giveaway,2023-06-23 00:00:00,95705,523460,3704,10,2023-07-03 00:00:00
CAMP100539,TikTok,Fitness,Product Launch,2023-06-24 00:00:00,78571,780730,928,6,2023-06-30 00:00:00
CAMP100540,Twitter,Gaming,Event Promotion,2023-06-25 00:00:00,1373,6525,2752,23,2023-07-18 00:00:00
CAMP100541,YouTube,Travel,Giveaway,2023-06-26 00:00:00,80337,708936,945,25,2023-07-21 00:00:00
CAMP100542,TikTok,Fashion,Seasonal Sale,2023-06-27 00:00:00,8840,532195,663,6,2023-07-03 00:00:00
CAMP100543,Twitter,Travel,Brand Awareness,2023-06-28 00:00:00,27429,750342,4696,26,2023-07-24 00:00:00
CAMP100544,Instagram,Food,Brand Awareness,2023-06-29 00:00:00,8827,122640,3003,28,2023-07-27 00:00:00
CAMP100545,YouTube,Fashion,Giveaway,2023-06-30 00:00:00,81296,405119,3898,7,2023-07-07 00:00:00
CAMP100546,Instagram,Fitness,Product Launch,2023-07-01 00:00:00,12265,775132,1821,6,2023-07-07 00:00:00
CAMP100547,Instagram,Food,Product Launch,2023-07-02 00:00:00,47808,48241,4542,22,2023-07-24 00:00:00
CAMP100548,TikTok,Fashion,Giveaway,2023-07-03 00:00:00,59643,343979,2336,13,2023-07-16 00:00:00
CAMP100549,YouTube,Tech,Seasonal Sale,2023-07-04 00:00:00,48060,278490,3316,13,2023-07-17 00:00:00
CAMP100550,YouTube,Tech,Event Promotion,2023-07-05 00:00:00,74846,557250,2218,16,2023-07-21 00:00:00
CAMP100551,Instagram,Fitness,Product Launch,2023-07-06 00:00:00,71839,567814,1674,18,2023-07-24 00:00:00
CAMP100552,Instagram,Gaming,Brand Awareness,2023-07-07 00:00:00,98843,393759,4625,21,2023-07-28 00:00:00
CAMP100553,Twitter,Gaming,Brand Awareness,2023-07-08 00:00:00,41243,281866,1808,16,2023-07-24 00:00:00
CAMP100554,Instagram,Food,Seasonal Sale,2023-07-09 00:00:00,19255,517762,1941,10,2023-07-19 00:00:00
CAMP100555,Instagram,Travel,Event Promotion,2023-07-10 00:00:00,1538,726968,2889,23,2023-08-02 00:00:00
CAMP100556,Instagram,Beauty,Product Launch,2023-07-11 00:00:00,93674,965075,1279,28,2023-08-08 00:00:00
CAMP100557,YouTube,Travel,Giveaway,2023-07-12 00:00:00,58114,375685,877,14,2023-07-26 00:00:00
CAMP100558,YouTube,Fashion,Event Promotion,2023-07-13 00:00:00,14930,876432,3656,22,2023-08-04 00:00:00
CAMP100559,YouTube,Beauty,Giveaway,2023-07-14 00:00:00,19224,768805,4410,20,2023-08-03 00:00:00
CAMP100560,Instagram,Beauty,Giveaway,2023-07-15 00:00:00,13967,629165,2362,20,2023-08-04 00:00:00
CAMP100561,Instagram,Travel,Seasonal Sale,2023-07-16 00:00:00,52507,140029,1381,14,2023-07-30 00:00:00
CAMP100562,TikTok,Travel,Giveaway,2023-07-17 00:00:00,23097,463418,3544,20,2023-08-06 00:00:00
CAMP100563,YouTube,Beauty,Event Promotion,2023-07-18 00:00:00,24382,813395,1462,11,2023-07-29 00:00:00
CAMP100564,YouTube,Fashion,Giveaway,2023-07-19 00:00:00,85595,680655,1395,15,2023-08-03 00:00:00
CAMP100565,YouTube,Fitness,Product Launch,2023-07-20 00:00:00,26693,88108,3582,9,2023-07-29 00:00:00
CAMP100566,TikTok,Gaming,Product Launch,2023-07-21 00:00:00,95788,158966,4773,2,2023-07-23 00:00:00
CAMP100567,Instagram,Food,Product Launch,2023-07-22 00:00:00,45820,91064,2279,23,2023-08-14 00:00:00
CAMP100568,Instagram,Gaming,Seasonal Sale,2023-07-23 00:00:00,41265,895941,3157,21,2023-08-13 00:00:00
CAMP100569,YouTube,Food,Seasonal Sale,2023-07-24 00:00:00,51558,191328,169,10,2023-08-03 00:00:00
CAMP100570,Instagram,Travel,Product Launch,2023-07-25 00:00:00,17160,547473,3143,8,2023-08-02 00:00:00
CAMP100571,TikTok,Travel,Event Promotion,2023-07-26 00:00:00,64897,420593,542,11,2023-08-06 00:00:00
CAMP100572,YouTube,Travel,Giveaway,2023-07-27 00:00:00,53108,954736,4018,9,2023-08-05 00:00:00
CAMP100573,TikTok,Travel,Event Promotion,2023-07-28 00:00:00,41427,12771,309,2,2023-07-30 00:00:00
CAMP100574,TikTok,Fitness,Product Launch,2023-07-29 00:00:00,27217,619080,4246,12,2023-08-10 00:00:00
CAMP100575,YouTube,Food,Event Promotion,2023-07-30 00:00:00,84439,446995,2537,16,2023-08-15 00:00:00
CAMP100576,Twitter,Beauty,Product Launch,2023-07-31 00:00:00,13904,383373,1666,13,2023-08-13 00:00:00
CAMP100577,YouTube,Fitness,Giveaway,2023-08-01 00:00:00,153,506457,1048,3,2023-08-04 00:00:00
CAMP100578,TikTok,Beauty,Seasonal Sale,2023-08-02 00:00:00,74783,561448,24,12,2023-08-14 00:00:00
CAMP100579,Instagram,Fitness,Brand Awareness,2023-08-03 00:00:00,22924,24419,2149,3,2023-08-06 00:00:00
CAMP100580,YouTube,Fitness,Brand Awareness,2023-08-04 00:00:00,53892,202663,3332,2,2023-08-06 00:00:00
CAMP100581,YouTube,Gaming,Event Promotion,2023-08-05 00:00:00,73336,209720,207,12,2023-08-17 00:00:00
CAMP100582,Instagram,Gaming,Seasonal Sale,2023-08-06 00:00:00,4657,422505,1291,26,2023-09-01 00:00:00
CAMP100583,Instagram,Travel,Event Promotion,2023-08-07 00:00:00,47711,841745,4000,29,2023-09-05 00:00:00
CAMP100584,Twitter,Food,Event Promotion,2023-08-08 00:00:00,70975,217743,1291,29,2023-09-06 00:00:00
CAMP100585,YouTube,Gaming,Product Launch,2023-08-09 00:00:00,65944,306650,4502,19,2023-08-28 00:00:00
CAMP100586,Instagram,Food,Product Launch,2023-08-10 00:00:00,13536,756349,4045,8,2023-08-18 00:00:00
CAMP100587,Instagram,Fashion,Giveaway,2023-08-11 00:00:00,33537,351361,2894,19,2023-08-30 00:00:00
CAMP100588,Instagram,Travel,Product Launch,2023-08-12 00:00:00,42417,593222,854,16,2023-08-28 00:00:00
CAMP100589,Instagram,Gaming,Giveaway,2023-08-13 00:00:00,49724,369358,2114,27,2023-09-09 00:00:00
CAMP100590,Twitter,Travel,Giveaway,2023-08-14 00:00:00,59468,909729,1121,21,2023-09-04 00:00:00
CAMP100591,YouTube,Fitness,Seasonal Sale,2023-08-15 00:00:00,91513,881012,3435,6,2023-08-21 00:00:00
CAMP100592,Instagram,Tech,Seasonal Sale,2023-08-16 00:00:00,7211,322915,4637,24,2023-09-09 00:00:00
CAMP100593,YouTube,Travel,Product Launch,2023-08-17 00:00:00,38968,571747,2641,7,2023-08-24 00:00:00
CAMP100594,Instagram,Tech,Seasonal Sale,2023-08-18 00:00:00,16378,710558,960,26,2023-09-13 00:00:00
CAMP100595,Instagram,Travel,Product Launch,2023-08-19 00:00:00,26266,276461,459,22,2023-09-10 00:00:00
CAMP100596,TikTok,Tech,Giveaway,2023-08-20 00:00:00,77518,116965,3710,7,2023-08-27 00:00:00
CAMP100597,YouTube,Beauty,Giveaway,2023-08-21 00:00:00,1668,651616,196,12,2023-09-02 00:00:00
CAMP100598,Twitter,Food,Brand Awareness,2023-08-22 00:00:00,49058,480171,4272,20,2023-09-11 00:00:00
CAMP100599,YouTube,Fashion,Product Launch,2023-08-23 00:00:00,93067,113157,4773,3,2023-08-26 00:00:00
CAMP100600,YouTube,Beauty,Brand Awareness,2023-08-24 00:00:00,21385,322673,1058,23,2023-09-16 00:00:00
CAMP100601,TikTok,Travel,Giveaway,2023-08-25 00:00:00,22603,205940,372,29,2023-09-23 00:00:00
CAMP100602,Twitter,Fashion,Product Launch,2023-08-26 00:00:00,62189,950443,2657,24,2023-09-19 00:00:00
CAMP100603,TikTok,Food,Giveaway,2023-08-27 00:00:00,81546,60051,4959,2,2023-08-29 00:00:00
CAMP100604,Twitter,Gaming,Giveaway,2023-08-28 00:00:00,91088,801725,1527,1,2023-08-29 00:00:00
CAMP100605,TikTok,Fitness,Brand Awareness,2023-08-29 00:00:00,47421,744351,1354,25,2023-09-23 00:00:00
CAMP100606,TikTok,Tech,Event Promotion,2023-08-30 00:00:00,88221,13647,4597,23,2023-09-22 00:00:00
CAMP100607,Instagram,Travel,Product Launch,2023-08-31 00:00:00,71620,94916,3483,18,2023-09-18 00:00:00
CAMP100608,TikTok,Fitness,Giveaway,2023-09-01 00:00:00,92814,80471,262,25,2023-09-26 00:00:00
CAMP100609,YouTube,Travel,Brand Awareness,2023-09-02 00:00:00,79868,757159,2806,13,2023-09-15 00:00:00
CAMP100610,YouTube,Beauty,Event Promotion,2023-09-03 00:00:00,13835,209239,2119,19,2023-09-22 00:00:00
CAMP100611,YouTube,Food,Giveaway,2023-09-04 00:00:00,38054,749124,770,28,2023-10-02 00:00:00
CAMP100612,Twitter,Tech,Brand Awareness,2023-09-05 00:00:00,86102,372591,2613,25,2023-09-30 00:00:00
CAMP100613,Twitter,Fitness,Event Promotion,2023-09-06 00:00:00,95974,713139,4106,13,2023-09-19 00:00:00
CAMP100614,Instagram,Beauty,Product Launch,2023-09-07 00:00:00,71924,564056,3335,5,2023-09-12 00:00:00
CAMP100615,TikTok,Food,Brand Awareness,2023-09-08 00:00:00,39968,686234,2458,15,2023-09-23 00:00:00
CAMP100616,TikTok,Tech,Seasonal Sale,2023-09-09 00:00:00,63054,77990,1806,27,2023-10-06 00:00:00
CAMP100617,Instagram,Fashion,Product Launch,2023-09-10 00:00:00,74591,394714,821,18,2023-09-28 00:00:00
CAMP100618,Instagram,Tech,Seasonal Sale,2023-09-11 00:00:00,92169,844230,2849,21,2023-10-02 00:00:00
CAMP100619,Instagram,Fitness,Product Launch,2023-09-12 00:00:00,2255,496534,2410,3,2023-09-15 00:00:00
CAMP100620,TikTok,Beauty,Brand Awareness,2023-09-13 00:00:00,52298,19409,4487,23,2023-10-06 00:00:00
CAMP100621,YouTube,Travel,Brand Awareness,2023-09-14 00:00:00,77720,264319,3253,1,2023-09-15 00:00:00
CAMP100622,Twitter,Gaming,Brand Awareness,2023-09-15 00:00:00,34160,176292,3952,19,2023-10-04 00:00:00
CAMP100623,YouTube,Travel,Giveaway,2023-09-16 00:00:00,43478,504582,1074,20,2023-10-06 00:00:00
CAMP100624,Twitter,Fashion,Product Launch,2023-09-17 00:00:00,37204,438587,1975,17,2023-10-04 00:00:00
CAMP100625,YouTube,Gaming,Giveaway,2023-09-18 00:00:00,20248,980619,4282,9,2023-09-27 00:00:00
CAMP100626,TikTok,Travel,Event Promotion,2023-09-19 00:00:00,83255,322738,2473,19,2023-10-08 00:00:00
CAMP100627,Instagram,Gaming,Product Launch,2023-09-20 00:00:00,88783,831942,1184,5,2023-09-25 00:00:00
CAMP100628,YouTube,Beauty,Brand Awareness,2023-09-21 00:00:00,94692,548977,3891,12,2023-10-03 00:00:00
CAMP100629,TikTok,Food,Seasonal Sale,2023-09-22 00:00:00,67979,453224,1425,28,2023-10-20 00:00:00
CAMP100630,Twitter,Fashion,Seasonal Sale,2023-09-23 00:00:00,26570,487527,1400,25,2023-10-18 00:00:00
CAMP100631,TikTok,Gaming,Event Promotion,2023-09-24 00:00:00,39638,819677,3096,8,2023-10-02 00:00:00
CAMP100632,Instagram,Beauty,Product Launch,2023-09-25 00:00:00,89865,378757,2662,14,2023-10-09 00:00:00
CAMP100633,Instagram,Food,Seasonal Sale,2023-09-26 00:00:00,63257,498101,189,23,2023-10-19 00:00:00
CAMP100634,Instagram,Beauty,Product Launch,2023-09-27 00:00:00,84029,662165,4681,1,2023-09-28 00:00:00
CAMP100635,Instagram,Travel,Brand Awareness,2023-09-28 00:00:00,65204,493613,2795,9,2023-10-07 00:00:00
CAMP100636,YouTube,Beauty,Product Launch,2023-09-29 00:00:00,116,624967,4174,17,2023-10-16 00:00:00
CAMP100637,TikTok,Food,Product Launch,2023-09-30 00:00:00,53711,329891,2371,15,2023-10-15 00:00:00
CAMP100638,TikTok,Travel,Seasonal Sale,2023-10-01 00:00:00,5037,308413,2288,13,2023-10-14 00:00:00
CAMP100639,TikTok,Beauty,Event Promotion,2023-10-02 00:00:00,36077,923221,3896,18,2023-10-20 00:00:00
CAMP100640,TikTok,Food,Seasonal Sale,2023-10-03 00:00:00,31782,574023,911,17,2023-10-20 00:00:00
CAMP100641,TikTok,Beauty,Seasonal Sale,2023-10-04 00:00:00,39843,746564,3382,29,2023-11-02 00:00:00
CAMP100642,Instagram,Tech,Product Launch,2023-10-05 00:00:00,72946,935966,1105,22,2023-10-27 00:00:00
CAMP100643,Instagram,Food,Seasonal Sale,2023-10-06 00:00:00,26122,436973,1078,13,2023-10-19 00:00:00
CAMP100644,YouTube,Travel,Brand Awareness,2023-10-07 00:00:00,19094,37973,4915,7,2023-10-14 00:00:00
CAMP100645,TikTok,Fashion,Product Launch,2023-10-08 00:00:00,17413,120682,4790,16,2023-10-24 00:00:00
CAMP100646,Instagram,Food,Event Promotion,2023-10-09 00:00:00,66871,486180,3393,19,2023-10-28 00:00:00
CAMP100647,YouTube,Food,Giveaway,2023-10-10 00:00:00,64672,937339,2514,17,2023-10-27 00:00:00
CAMP100648,YouTube,Food,Event Promotion,2023-10-11 00:00:00,64583,764352,633,21,2023-11-01 00:00:00
CAMP100649,Instagram,Fitness,Seasonal Sale,2023-10-12 00:00:00,71458,598952,3927,4,2023-10-16 00:00:00
CAMP100650,YouTube,Fashion,Giveaway,2023-10-13 00:00:00,75451,839845,2582,6,2023-10-19 00:00:00
CAMP100651,TikTok,Food,Product Launch,2023-10-14 00:00:00,52386,308168,4576,4,2023-10-18 00:00:00
CAMP100652,YouTube,Gaming,Event Promotion,2023-10-15 00:00:00,33202,647302,374,21,2023-11-05 00:00:00
CAMP100653,Instagram,Beauty,Brand Awareness,2023-10-16 00:00:00,17818,875497,2324,26,2023-11-11 00:00:00
CAMP100654,TikTok,Travel,Event Promotion,2023-10-17 00:00:00,38813,990310,695,4,2023-10-21 00:00:00
CAMP100655,Instagram,Fitness,Event Promotion,2023-10-18 00:00:00,5199,88483,4454,24,2023-11-11 00:00:00
CAMP100656,TikTok,Food,Product Launch,2023-10-19 00:00:00,36610,473145,3926,3,2023-10-22 00:00:00
CAMP100657,Instagram,Travel,Giveaway,2023-10-20 00:00:00,32878,357018,2723,14,2023-11-03 00:00:00
CAMP100658,YouTube,Gaming,Event Promotion,2023-10-21 00:00:00,2859,129471,1878,7,2023-10-28 00:00:00
CAMP100659,Instagram,Fashion,Brand Awareness,2023-10-22 00:00:00,78783,618445,1930,13,2023-11-04 00:00:00
CAMP100660,Instagram,Gaming,Brand Awareness,2023-10-23 00:00:00,26787,816211,3851,14,2023-11-06 00:00:00
CAMP100661,TikTok,Tech,Seasonal Sale,2023-10-24 00:00:00,8826,112776,4115,20,2023-11-13 00:00:00
CAMP100662,Instagram,Fashion,Seasonal Sale,2023-10-25 00:00:00,79948,511885,2760,6,2023-10-31 00:00:00
CAMP100663,Instagram,Beauty,Brand Awareness,2023-10-26 00:00:00,38689,658425,3448,1,2023-10-27 00:00:00
CAMP100664,Instagram,Food,Giveaway,2023-10-27 00:00:00,27354,635553,2713,10,2023-11-06 00:00:00
CAMP100665,TikTok,Gaming,Event Promotion,2023-10-28 00:00:00,9855,929410,4094,4,2023-11-01 00:00:00
CAMP100666,TikTok,Fashion,Brand Awareness,2023-10-29 00:00:00,78843,268984,4293,17,2023-11-15 00:00:00
CAMP100667,Twitter,Gaming,Brand Awareness,2023-10-30 00:00:00,11621,633536,1719,26,2023-11-25 00:00:00
CAMP100668,Instagram,Fashion,Brand Awareness,2023-10-31 00:00:00,47984,772471,1124,12,2023-11-12 00:00:00
CAMP100669,YouTube,Fitness,Brand Awareness,2023-11-01 00:00:00,2492,286806,2970,18,2023-11-19 00:00:00
CAMP100670,Instagram,Tech,Brand Awareness,2023-11-02 00:00:00,61321,427231,2462,8,2023-11-10 00:00:00
CAMP100671,YouTube,Beauty,Brand Awareness,2023-11-03 00:00:00,56506,319503,1934,7,2023-11-10 00:00:00
CAMP100672,Twitter,Gaming,Product Launch,2023-11-04 00:00:00,10041,945543,1203,16,2023-11-20 00:00:00
CAMP100673,TikTok,Fitness,Event Promotion,2023-11-05 00:00:00,70444,451367,171,23,2023-11-28 00:00:00
CAMP100674,YouTube,Beauty,Product Launch,2023-11-06 00:00:00,43497,518351,3734,13,2023-11-19 00:00:00
CAMP100675,Instagram,Fashion,Seasonal Sale,2023-11-07 00:00:00,12921,436110,3101,5,2023-11-12 00:00:00
CAMP100676,Twitter,Tech,Product Launch,2023-11-08 00:00:00,89779,15069,403,21,2023-11-29 00:00:00
CAMP100677,YouTube,Food,Event Promotion,2023-11-09 00:00:00,53581,88386,3931,29,2023-12-08 00:00:00
CAMP100678,Instagram,Travel,Seasonal Sale,2023-11-10 00:00:00,87450,16100,373,7,2023-11-17 00:00:00
CAMP100679,Instagram,Fitness,Brand Awareness,2023-11-11 00:00:00,58314,154027,4913,13,2023-11-24 00:00:00
CAMP100680,Instagram,Gaming,Product Launch,2023-11-12 00:00:00,90567,447275,2713,23,2023-12-05 00:00:00
CAMP100681,Instagram,Beauty,Product Launch,2023-11-13 00:00:00,52098,959483,929,19,2023-12-02 00:00:00
CAMP100682,Instagram,Travel,Seasonal Sale,2023-11-14 00:00:00,45897,617278,4681,15,2023-11-29 00:00:00
CAMP100683,YouTube,Fashion,Event Promotion,2023-11-15 00:00:00,96933,669930,4463,6,2023-11-21 00:00:00
CAMP100684,YouTube,Tech,Giveaway,2023-11-16 00:00:00,204,925032,3030,10,2023-11-26 00:00:00
CAMP100685,Instagram,Beauty,Giveaway,2023-11-17 00:00:00,73846,605780,326,15,2023-12-02 00:00:00
CAMP100686,YouTube,Gaming,Product Launch,2023-11-18 00:00:00,59391,401179,545,1,2023-11-19 00:00:00
CAMP100687,Twitter,Food,Event Promotion,2023-11-19 00:00:00,16867,564531,2855,27,2023-12-16 00:00:00
CAMP100688,TikTok,Food,Brand Awareness,2023-11-20 00:00:00,51380,902542,2563,29,2023-12-19 00:00:00
CAMP100689,YouTube,Beauty,Brand Awareness,2023-11-21 00:00:00,28925,375700,2035,12,2023-12-03 00:00:00
CAMP100690,Instagram,Travel,Brand Awareness,2023-11-22 00:00:00,453,354128,3233,7,2023-11-29 00:00:00
CAMP100691,TikTok,Food,Brand Awareness,2023-11-23 00:00:00,53583,130869,1773,18,2023-12-11 00:00:00
CAMP100692,Instagram,Fashion,Event Promotion,2023-11-24 00:00:00,25676,87823,3657,15,2023-12-09 00:00:00
CAMP100693,Instagram,Travel,Brand Awareness,2023-11-25 00:00:00,79755,547069,2742,13,2023-12-08 00:00:00
CAMP100694,Twitter,Fitness,Giveaway,2023-11-26 00:00:00,36702,155368,398,14,2023-12-10 00:00:00
CAMP100695,YouTube,Tech,Seasonal Sale,2023-11-27 00:00:00,31657,771008,2660,23,2023-12-20 00:00:00
CAMP100696,TikTok,Fitness,Giveaway,2023-11-28 00:00:00,4810,662195,4615,14,2023-12-12 00:00:00
CAMP100697,YouTube,Food,Event Promotion,2023-11-29 00:00:00,1953,483766,242,6,2023-12-05 00:00:00
CAMP100698,YouTube,Fashion,Brand Awareness,2023-11-30 00:00:00,3263,898416,4821,1,2023-12-01 00:00:00
CAMP100699,Instagram,Tech,Giveaway,2023-12-01 00:00:00,36469,873337,1421,6,2023-12-07 00:00:00
CAMP100700,Instagram,Tech,Seasonal Sale,2023-12-02 00:00:00,24633,243063,1953,28,2023-12-30 00:00:00
CAMP100701,Instagram,Gaming,Brand Awareness,2023-12-03 00:00:00,95715,335165,1916,25,2023-12-28 00:00:00
CAMP100702,Instagram,Gaming,Event Promotion,2023-12-04 00:00:00,55081,831105,3773,15,2023-12-19 00:00:00
CAMP100703,TikTok,Fitness,Brand Awareness,2023-12-05 00:00:00,62228,700184,3739,6,2023-12-11 00:00:00
CAMP100704,Instagram,Food,Event Promotion,2023-12-06 00:00:00,8016,269862,4453,25,2023-12-31 00:00:00
CAMP100705,YouTube,Beauty,Event Promotion,2023-12-07 00:00:00,7320,17685,3716,19,2023-12-26 00:00:00
CAMP100706,TikTok,Travel,Seasonal Sale,2023-12-08 00:00:00,34730,677124,334,3,2023-12-11 00:00:00
CAMP100707,TikTok,Fitness,Brand Awareness,2023-12-09 00:00:00,97762,246719,2198,25,2024-01-03 00:00:00
CAMP100708,YouTube,Gaming,Giveaway,2023-12-10 00:00:00,31694,93420,2208,2,2023-12-12 00:00:00
CAMP100709,YouTube,Food,Giveaway,2023-12-11 00:00:00,12671,282511,4909,6,2023-12-17 00:00:00
CAMP100710,Twitter,Gaming,Seasonal Sale,2023-12-12 00:00:00,57561,315178,3395,21,2024-01-02 00:00:00
CAMP100711,YouTube,Fashion,Giveaway,2023-12-13 00:00:00,80514,212879,2263,12,2023-12-25 00:00:00
CAMP100712,TikTok,Travel,Brand Awareness,2023-12-14 00:00:00,51168,274880,613,19,2024-01-02 00:00:00
CAMP100713,Twitter,Gaming,Giveaway,2023-12-15 00:00:00,63473,374768,1575,27,2024-01-11 00:00:00
CAMP100714,TikTok,Gaming,Product Launch,2023-12-16 00:00:00,86072,616044,2690,3,2023-12-19 00:00:00
CAMP100715,Instagram,Tech,Giveaway,2023-12-17 00:00:00,12995,306050,784,2,2023-12-19 00:00:00
CAMP100716,YouTube,Fitness,Seasonal Sale,2023-12-18 00:00:00,60553,230089,4093,12,2023-12-30 00:00:00
CAMP100717,Instagram,Beauty,Product Launch,2023-12-19 00:00:00,71336,923626,949,19,2024-01-07 00:00:00
CAMP100718,YouTube,Beauty,Product Launch,2023-12-20 00:00:00,9488,876964,2498,25,2024-01-14 00:00:00
CAMP100719,Twitter,Food,Brand Awareness,2023-12-21 00:00:00,72763,554482,4163,13,2024-01-03 00:00:00
CAMP100720,YouTube,Travel,Brand Awareness,2023-12-22 00:00:00,59942,275728,2895,20,2024-01-11 00:00:00
CAMP100721,YouTube,Fashion,Seasonal Sale,2023-12-23 00:00:00,87100,497754,2457,22,2024-01-14 00:00:00
CAMP100722,Instagram,Fitness,Giveaway,2023-12-24 00:00:00,91875,797340,1559,7,2023-12-31 00:00:00
CAMP100723,Twitter,Beauty,Giveaway,2023-12-25 00:00:00,52999,444938,146,12,2024-01-06 00:00:00
CAMP100724,Instagram,Fitness,Seasonal Sale,2023-12-26 00:00:00,1013,926488,2588,17,2024-01-12 00:00:00
CAMP100725,Instagram,Food,Event Promotion,2023-12-27 00:00:00,9062,348129,4222,1,2023-12-28 00:00:00
CAMP100726,Instagram,Travel,Brand Awareness,2023-12-28 00:00:00,50465,967771,3534,19,2024-01-16 00:00:00
CAMP100727,Instagram,Beauty,Event Promotion,2023-12-29 00:00:00,38157,368675,1587,24,2024-01-22 00:00:00
CAMP100728,YouTube,Food,Event Promotion,2023-12-30 00:00:00,85788,131536,4217,9,2024-01-08 00:00:00
CAMP100729,YouTube,Fitness,Seasonal Sale,2023-12-31 00:00:00,50914,629123,1113,16,2024-01-16 00:00:00
CAMP100730,Instagram,Fashion,Event Promotion,2024-01-01 00:00:00,97937,508623,2565,9,2024-01-10 00:00:00
CAMP100731,Instagram,Travel,Product Launch,2024-01-02 00:00:00,76824,583151,311,9,2024-01-11 00:00:00
CAMP100732,Instagram,Travel,Product Launch,2024-01-03 00:00:00,1299,366706,4595,20,2024-01-23 00:00:00
CAMP100733,Instagram,Fashion,Event Promotion,2024-01-04 00:00:00,65442,146362,1929,15,2024-01-19 00:00:00
CAMP100734,Instagram,Tech,Giveaway,2024-01-05 00:00:00,92170,713477,4966,14,2024-01-19 00:00:00
CAMP100735,YouTube,Fashion,Brand Awareness,2024-01-06 00:00:00,41933,400702,4707,17,2024-01-23 00:00:00
CAMP100736,Instagram,Fashion,Seasonal Sale,2024-01-07 00:00:00,25115,623017,1310,5,2024-01-12 00:00:00
CAMP100737,Instagram,Gaming,Event Promotion,2024-01-08 00:00:00,63714,277937,2210,29,2024-02-06 00:00:00
CAMP100738,Instagram,Fashion,Product Launch,2024-01-09 00:00:00,55474,518170,4880,7,2024-01-16 00:00:00
CAMP100739,YouTube,Food,Product Launch,2024-01-10 00:00:00,18452,491436,4284,3,2024-01-13 00:00:00
CAMP100740,Instagram,Beauty,Product Launch,2024-01-11 00:00:00,18596,86376,3842,12,2024-01-23 00:00:00
CAMP100741,Instagram,Travel,Product Launch,2024-01-12 00:00:00,71431,493004,2838,19,2024-01-31 00:00:00
CAMP100742,TikTok,Tech,Seasonal Sale,2024-01-13 00:00:00,28673,68484,1559,16,2024-01-29 00:00:00
CAMP100743,Instagram,Gaming,Seasonal Sale,2024-01-14 00:00:00,94771,566546,704,12,2024-01-26 00:00:00
CAMP100744,YouTube,Food,Giveaway,2024-01-15 00:00:00,80206,673282,4049,11,2024-01-26 00:00:00
CAMP100745,YouTube,Gaming,Event Promotion,2024-01-16 00:00:00,93235,668513,3737,26,2024-02-11 00:00:00
CAMP100746,Instagram,Food,Giveaway,2024-01-17 00:00:00,95270,319951,4668,28,2024-02-14 00:00:00
CAMP100747,YouTube,Food,Event Promotion,2024-01-18 00:00:00,95148,757523,1407,5,2024-01-23 00:00:00
CAMP100748,TikTok,Tech,Product Launch,2024-01-19 00:00:00,21890,799639,570,10,2024-01-29 00:00:00
CAMP100749,TikTok,Travel,Event Promotion,2024-01-20 00:00:00,92413,522479,390,19,2024-02-08 00:00:00
CAMP100750,Instagram,Tech,Giveaway,2024-01-21 00:00:00,80884,923433,1591,1,2024-01-22 00:00:00
CAMP100751,Instagram,Food,Giveaway,2024-01-22 00:00:00,33718,689929,611,17,2024-02-08 00:00:00
CAMP100752,Instagram,Fitness,Product Launch,2024-01-23 00:00:00,6106,907816,3707,29,2024-02-21 00:00:00
CAMP100753,YouTube,Fashion,Seasonal Sale,2024-01-24 00:00:00,24656,629463,4437,27,2024-02-20 00:00:00
CAMP100754,YouTube,Tech,Brand Awareness,2024-01-25 00:00:00,22190,388722,2372,21,2024-02-15 00:00:00
CAMP100755,Instagram,Food,Giveaway,2024-01-26 00:00:00,57592,392281,700,5,2024-01-31 00:00:00
CAMP100756,Instagram,Food,Brand Awareness,2024-01-27 00:00:00,64299,672616,4402,25,2024-02-21 00:00:00
CAMP100757,Twitter,Tech,Giveaway,2024-01-28 00:00:00,16534,787070,2007,22,2024-02-19 00:00:00
CAMP100758,Instagram,Tech,Event Promotion,2024-01-29 00:00:00,11081,745197,2463,9,2024-02-07 00:00:00
CAMP100759,YouTube,Fitness,Product Launch,2024-01-30 00:00:00,25597,719040,4662,23,2024-02-22 00:00:00
CAMP100760,TikTok,Beauty,Product Launch,2024-01-31 00:00:00,82376,116454,2799,17,2024-02-17 00:00:00
CAMP100761,Instagram,Tech,Brand Awareness,2024-02-01 00:00:00,55449,713111,1608,6,2024-02-07 00:00:00
CAMP100762,Instagram,Food,Seasonal Sale,2024-02-02 00:00:00,84630,208035,615,23,2024-02-25 00:00:00
CAMP100763,Instagram,Travel,Product Launch,2024-02-03 00:00:00,89250,388363,4483,15,2024-02-18 00:00:00
CAMP100764,Twitter,Tech,Event Promotion,2024-02-04 00:00:00,32045,57860,941,8,2024-02-12 00:00:00
CAMP100765,Instagram,Tech,Brand Awareness,2024-02-05 00:00:00,44947,653872,1762,16,2024-02-21 00:00:00
CAMP100766,Instagram,Gaming,Giveaway,2024-02-06 00:00:00,91274,499968,1516,23,2024-02-29 00:00:00
CAMP100767,Instagram,Fitness,Event Promotion,2024-02-07 00:00:00,76146,326238,610,19,2024-02-26 00:00:00
CAMP100768,Instagram,Beauty,Giveaway,2024-02-08 00:00:00,23429,499160,4332,18,2024-02-26 00:00:00
CAMP100769,YouTube,Food,Brand Awareness,2024-02-09 00:00:00,66511,743862,1442,1,2024-02-10 00:00:00
CAMP100770,Instagram,Travel,Giveaway,2024-02-10 00:00:00,27151,523824,2847,14,2024-02-24 00:00:00
CAMP100771,YouTube,Fashion,Event Promotion,2024-02-11 00:00:00,60809,203922,1814,29,2024-03-11 00:00:00
CAMP100772,YouTube,Gaming,Seasonal Sale,2024-02-12 00:00:00,24734,579983,523,20,2024-03-03 00:00:00
CAMP100773,TikTok,Food,Product Launch,2024-02-13 00:00:00,10973,963940,3371,13,2024-02-26 00:00:00
CAMP100774,Instagram,Beauty,Giveaway,2024-02-14 00:00:00,44718,105119,2749,11,2024-02-25 00:00:00
CAMP100775,TikTok,Tech,Seasonal Sale,2024-02-15 00:00:00,80141,728154,3144,10,2024-02-25 00:00:00
CAMP100776,YouTube,Gaming,Event Promotion,2024-02-16 00:00:00,70379,838965,4159,1,2024-02-17 00:00:00
CAMP100777,Instagram,Fashion,Seasonal Sale,2024-02-17 00:00:00,89814,847051,1109,28,2024-03-16 00:00:00
CAMP100778,TikTok,Travel,Seasonal Sale,2024-02-18 00:00:00,46384,798726,3863,7,2024-02-25 00:00:00
CAMP100779,TikTok,Tech,Seasonal Sale,2024-02-19 00:00:00,87146,460045,287,12,2024-03-02 00:00:00
CAMP100780,Instagram,Fashion,Giveaway,2024-02-20 00:00:00,31311,830973,2573,3,2024-02-23 00:00:00
CAMP100781,Twitter,Beauty,Event Promotion,2024-02-21 00:00:00,67165,136694,1401,2,2024-02-23 00:00:00
CAMP100782,YouTube,Tech,Giveaway,2024-02-22 00:00:00,6405,770408,2055,4,2024-02-26 00:00:00
CAMP100783,YouTube,Fitness,Giveaway,2024-02-23 00:00:00,3551,734693,1695,20,2024-03-14 00:00:00
CAMP100784,Twitter,Tech,Seasonal Sale,2024-02-24 00:00:00,57505,54653,4810,2,2024-02-26 00:00:00
CAMP100785,Instagram,Food,Giveaway,2024-02-25 00:00:00,44667,662637,2761,11,2024-03-07 00:00:00
CAMP100786,TikTok,Fashion,Event Promotion,2024-02-26 00:00:00,71775,268585,4789,29,2024-03-26 00:00:00
CAMP100787,Instagram,Fitness,Event Promotion,2024-02-27 00:00:00,61612,223921,2865,4,2024-03-02 00:00:00
CAMP100788,TikTok,Tech,Seasonal Sale,2024-02-28 00:00:00,10989,392866,2978,26,2024-03-25 00:00:00
CAMP100789,YouTube,Beauty,Event Promotion,2024-02-29 00:00:00,13665,996182,1517,18,2024-03-18 00:00:00
CAMP100790,Instagram,Fashion,Giveaway,2024-03-01 00:00:00,27752,155089,2130,12,2024-03-13 00:00:00
CAMP100791,YouTube,Travel,Seasonal Sale,2024-03-02 00:00:00,64995,500763,608,20,2024-03-22 00:00:00
CAMP100792,Instagram,Gaming,Brand Awareness,2024-03-03 00:00:00,39803,544667,4994,21,2024-03-24 00:00:00
CAMP100793,Instagram,Tech,Giveaway,2024-03-04 00:00:00,86400,899783,309,9,2024-03-13 00:00:00
CAMP100794,Instagram,Gaming,Giveaway,2024-03-05 00:00:00,85324,655810,1611,27,2024-04-01 00:00:00
CAMP100795,Instagram,Travel,Giveaway,2024-03-06 00:00:00,64652,615575,1702,20,2024-03-26 00:00:00
CAMP100796,Instagram,Tech,Giveaway,2024-03-07 00:00:00,43099,278650,4885,19,2024-03-26 00:00:00
CAMP100797,Instagram,Travel,Giveaway,2024-03-08 00:00:00,71101,45682,187,6,2024-03-14 00:00:00
CAMP100798,TikTok,Travel,Brand Awareness,2024-03-09 00:00:00,65235,511101,3431,25,2024-04-03 00:00:00
CAMP100799,TikTok,Food,Product Launch,2024-03-10 00:00:00,41782,251510,4060,10,2024-03-20 00:00:00
CAMP100800,TikTok,Travel,Brand Awareness,2024-03-11 00:00:00,91295,177262,3265,14,2024-03-25 00:00:00
CAMP100801,Instagram,Food,Seasonal Sale,2024-03-12 00:00:00,79728,543203,3550,22,2024-04-03 00:00:00
CAMP100802,TikTok,Travel,Product Launch,2024-03-13 00:00:00,46177,484137,1387,12,2024-03-25 00:00:00
CAMP100803,YouTube,Fashion,Giveaway,2024-03-14 00:00:00,37028,161081,4455,9,2024-03-23 00:00:00
CAMP100804,Instagram,Fashion,Seasonal Sale,2024-03-15 00:00:00,64572,311730,4762,11,2024-03-26 00:00:00
CAMP100805,Instagram,Beauty,Giveaway,2024-03-16 00:00:00,834,928019,616,15,2024-03-31 00:00:00
CAMP100806,YouTube,Travel,Event Promotion,2024-03-17 00:00:00,65948,693820,3895,13,2024-03-30 00:00:00
CAMP100807,Instagram,Fitness,Giveaway,2024-03-18 00:00:00,10000,701479,3593,23,2024-04-10 00:00:00
CAMP100808,YouTube,Fitness,Giveaway,2024-03-19 00:00:00,66414,551161,131,12,2024-03-31 00:00:00
CAMP100809,Twitter,Fitness,Seasonal Sale,2024-03-20 00:00:00,22952,291914,3725,26,2024-04-15 00:00:00
CAMP100810,Instagram,Beauty,Product Launch,2024-03-21 00:00:00,77808,60343,988,12,2024-04-02 00:00:00
CAMP100811,Instagram,Fashion,Giveaway,2024-03-22 00:00:00,14172,301490,2350,17,2024-04-08 00:00:00
CAMP100812,Twitter,Tech,Product Launch,2024-03-23 00:00:00,51369,188171,4839,15,2024-04-07 00:00:00
CAMP100813,YouTube,Fashion,Product Launch,2024-03-24 00:00:00,49764,65430,1168,11,2024-04-04 00:00:00
CAMP100814,Instagram,Tech,Product Launch,2024-03-25 00:00:00,70802,571764,2190,16,2024-04-10 00:00:00
CAMP100815,TikTok,Tech,Giveaway,2024-03-26 00:00:00,74936,821818,1691,5,2024-03-31 00:00:00
CAMP100816,TikTok,Tech,Event Promotion,2024-03-27 00:00:00,89462,738535,3642,27,2024-04-23 00:00:00
CAMP100817,YouTube,Travel,Giveaway,2024-03-28 00:00:00,47325,360447,1375,18,2024-04-15 00:00:00
CAMP100818,YouTube,Tech,Brand Awareness,2024-03-29 00:00:00,76914,423270,3145,9,2024-04-07 00:00:00
CAMP100819,Instagram,Beauty,Product Launch,2024-03-30 00:00:00,74406,105663,2685,4,2024-04-03 00:00:00
CAMP100820,Instagram,Food,Event Promotion,2024-03-31 00:00:00,27797,554694,889,23,2024-04-23 00:00:00
CAMP100821,YouTube,Tech,Event Promotion,2024-04-01 00:00:00,52024,276138,4470,27,2024-04-28 00:00:00
CAMP100822,Instagram,Food,Event Promotion,2024-04-02 00:00:00,85717,768745,3601,28,2024-04-30 00:00:00
CAMP100823,YouTube,Tech,Product Launch,2024-04-03 00:00:00,64750,317158,970,26,2024-04-29 00:00:00
CAMP100824,TikTok,Gaming,Product Launch,2024-04-04 00:00:00,99769,288311,434,22,2024-04-26 00:00:00
CAMP100825,Instagram,Fashion,Brand Awareness,2024-04-05 00:00:00,59744,725202,4755,15,2024-04-20 00:00:00
CAMP100826,YouTube,Fitness,Seasonal Sale,2024-04-06 00:00:00,59983,216773,4403,24,2024-04-30 00:00:00
CAMP100827,Instagram,Gaming,Event Promotion,2024-04-07 00:00:00,64483,991943,734,16,2024-04-23 00:00:00
CAMP100828,TikTok,Fitness,Product Launch,2024-04-08 00:00:00,24593,149819,2700,5,2024-04-13 00:00:00
CAMP100829,Instagram,Food,Seasonal Sale,2024-04-09 00:00:00,13598,323768,449,26,2024-05-05 00:00:00
CAMP100830,YouTube,Fitness,Event Promotion,2024-04-10 00:00:00,27351,75723,1049,14,2024-04-24 00:00:00
CAMP100831,YouTube,Fitness,Event Promotion,2024-04-11 00:00:00,39219,504112,2429,25,2024-05-06 00:00:00
CAMP100832,Instagram,Tech,Event Promotion,2024-04-12 00:00:00,57382,560252,3894,18,2024-04-30 00:00:00
CAMP100833,YouTube,Beauty,Event Promotion,2024-04-13 00:00:00,2546,1082,1231,21,2024-05-04 00:00:00
CAMP100834,TikTok,Beauty,Product Launch,2024-04-14 00:00:00,35429,212345,582,18,2024-05-02 00:00:00
CAMP100835,YouTube,Gaming,Product Launch,2024-04-15 00:00:00,32742,767401,3315,21,2024-05-06 00:00:00
CAMP100836,TikTok,Tech,Brand Awareness,2024-04-16 00:00:00,68044,705225,3279,27,2024-05-13 00:00:00
CAMP100837,Twitter,Fitness,Product Launch,2024-04-17 00:00:00,14073,815253,4428,2,2024-04-19 00:00:00
CAMP100838,YouTube,Food,Giveaway,2024-04-18 00:00:00,77020,242841,1584,13,2024-05-01 00:00:00
CAMP100839,YouTube,Beauty,Product Launch,2024-04-19 00:00:00,81406,278740,710,14,2024-05-03 00:00:00
CAMP100840,Instagram,Beauty,Product Launch,2024-04-20 00:00:00,13257,967597,944,15,2024-05-05 00:00:00
CAMP100841,TikTok,Beauty,Brand Awareness,2024-04-21 00:00:00,34835,239272,1208,3,2024-04-24 00:00:00
CAMP100842,YouTube,Beauty,Product Launch,2024-04-22 00:00:00,61666,380770,735,1,2024-04-23 00:00:00
CAMP100843,YouTube,Tech,Brand Awareness,2024-04-23 00:00:00,33803,706545,1918,1,2024-04-24 00:00:00
CAMP100844,Instagram,Gaming,Giveaway,2024-04-24 00:00:00,40291,709685,1544,3,2024-04-27 00:00:00
CAMP100845,TikTok,Beauty,Giveaway,2024-04-25 00:00:00,86716,414085,4284,13,2024-05-08 00:00:00
CAMP100846,Instagram,Travel,Brand Awareness,2024-04-26 00:00:00,52373,201809,356,21,2024-05-17 00:00:00
CAMP100847,YouTube,Beauty,Event Promotion,2024-04-27 00:00:00,80202,258814,3408,13,2024-05-10 00:00:00
CAMP100848,Instagram,Fashion,Brand Awareness,2024-04-28 00:00:00,41015,516195,4507,27,2024-05-25 00:00:00
CAMP100849,Twitter,Food,Brand Awareness,2024-04-29 00:00:00,13385,769317,4470,24,2024-05-23 00:00:00
CAMP100850,Instagram,Fashion,Giveaway,2024-04-30 00:00:00,5577,663252,34,16,2024-05-16 00:00:00
CAMP100851,Instagram,Fitness,Brand Awareness,2024-05-01 00:00:00,17465,295458,2335,17,2024-05-18 00:00:00
CAMP100852,TikTok,Fashion,Brand Awareness,2024-05-02 00:00:00,14553,655662,1973,18,2024-05-20 00:00:00
CAMP100853,Twitter,Gaming,Brand Awareness,2024-05-03 00:00:00,73020,616828,1916,7,2024-05-10 00:00:00
CAMP100854,Instagram,Food,Seasonal Sale,2024-05-04 00:00:00,38524,154841,500,2,2024-05-06 00:00:00
CAMP100855,YouTube,Fitness,Seasonal Sale,2024-05-05 00:00:00,7279,869993,1555,12,2024-05-17 00:00:00
CAMP100856,TikTok,Fitness,Product Launch,2024-05-06 00:00:00,99333,15580,1956,23,2024-05-29 00:00:00
CAMP100857,TikTok,Beauty,Brand Awareness,2024-05-07 00:00:00,66811,600222,541,24,2024-05-31 00:00:00
CAMP100858,Instagram,Travel,Brand Awareness,2024-05-08 00:00:00,23272,920689,4846,10,2024-05-18 00:00:00
CAMP100859,YouTube,Gaming,Event Promotion,2024-05-09 00:00:00,21477,478651,1857,26,2024-06-04 00:00:00
CAMP100860,TikTok,Beauty,Giveaway,2024-05-10 00:00:00,73314,659465,4190,14,2024-05-24 00:00:00
CAMP100861,TikTok,Travel,Event Promotion,2024-05-11 00:00:00,82544,868338,1323,9,2024-05-20 00:00:00
CAMP100862,TikTok,Beauty,Product Launch,2024-05-12 00:00:00,2619,769848,2554,7,2024-05-19 00:00:00
CAMP100863,YouTube,Fitness,Event Promotion,2024-05-13 00:00:00,80535,695736,3430,2,2024-05-15 00:00:00
CAMP100864,Instagram,Travel,Product Launch,2024-05-14 00:00:00,76466,910412,1392,11,2024-05-25 00:00:00
CAMP100865,Twitter,Gaming,Seasonal Sale,2024-05-15 00:00:00,1673,689335,3910,19,2024-06-03 00:00:00
CAMP100866,TikTok,Fashion,Giveaway,2024-05-16 00:00:00,25496,998467,2528,23,2024-06-08 00:00:00
CAMP100867,TikTok,Tech,Brand Awareness,2024-05-17 00:00:00,68477,428311,173,17,2024-06-03 00:00:00
CAMP100868,Instagram,Travel,Giveaway,2024-05-18 00:00:00,27549,493884,4174,13,2024-05-31 00:00:00
CAMP100869,Instagram,Tech,Brand Awareness,2024-05-19 00:00:00,4773,352308,2308,2,2024-05-21 00:00:00
CAMP100870,TikTok,Fashion,Seasonal Sale,2024-05-20 00:00:00,49744,970369,2865,20,2024-06-09 00:00:00
CAMP100871,Instagram,Fitness,Event Promotion,2024-05-21 00:00:00,45348,422582,2700,19,2024-06-09 00:00:00
CAMP100872,Twitter,Tech,Brand Awareness,2024-05-22 00:00:00,23329,165570,2215,1,2024-05-23 00:00:00
CAMP100873,Instagram,Gaming,Product Launch,2024-05-23 00:00:00,75377,431509,2911,11,2024-06-03 00:00:00
CAMP100874,TikTok,Food,Event Promotion,2024-05-24 00:00:00,80108,716979,3385,6,2024-05-30 00:00:00
CAMP100875,TikTok,Tech,Seasonal Sale,2024-05-25 00:00:00,98574,578767,12,14,2024-06-08 00:00:00
CAMP100876,Instagram,Fitness,Brand Awareness,2024-05-26 00:00:00,80622,856059,934,7,2024-06-02 00:00:00
CAMP100877,Instagram,Travel,Giveaway,2024-05-27 00:00:00,26713,194511,2219,21,2024-06-17 00:00:00
CAMP100878,YouTube,Tech,Product Launch,2024-05-28 00:00:00,8077,245907,4225,29,2024-06-26 00:00:00
CAMP100879,YouTube,Travel,Product Launch,2024-05-29 00:00:00,31308,996074,66,5,2024-06-03 00:00:00
CAMP100880,YouTube,Fashion,Giveaway,2024-05-30 00:00:00,62743,157929,4056,25,2024-06-24 00:00:00
CAMP100881,YouTube,Tech,Brand Awareness,2024-05-31 00:00:00,8798,392153,4861,19,2024-06-19 00:00:00
CAMP100882,Twitter,Fitness,Product Launch,2024-06-01 00:00:00,2532,85785,3176,15,2024-06-16 00:00:00
CAMP100883,YouTube,Beauty,Product Launch,2024-06-02 00:00:00,22197,765841,1467,23,2024-06-25 00:00:00
CAMP100884,Instagram,Fitness,Product Launch,2024-06-03 00:00:00,99394,57012,1837,20,2024-06-23 00:00:00
CAMP100885,Instagram,Tech,Giveaway,2024-06-04 00:00:00,9803,894048,3542,19,2024-06-23 00:00:00
CAMP100886,Instagram,Beauty,Giveaway,2024-06-05 00:00:00,87152,250231,708,14,2024-06-19 00:00:00
CAMP100887,Instagram,Fashion,Seasonal Sale,2024-06-06 00:00:00,30987,123623,320,7,2024-06-13 00:00:00
CAMP100888,Instagram,Gaming,Brand Awareness,2024-06-07 00:00:00,30626,34019,3265,26,2024-07-03 00:00:00
CAMP100889,YouTube,Food,Brand Awareness,2024-06-08 00:00:00,65962,763905,4892,18,2024-06-26 00:00:00
CAMP100890,Instagram,Food,Event Promotion,2024-06-09 00:00:00,22763,460744,4733,10,2024-06-19 00:00:00
CAMP100891,Twitter,Fashion,Brand Awareness,2024-06-10 00:00:00,3762,814428,1758,20,2024-06-30 00:00:00
CAMP100892,Instagram,Tech,Brand Awareness,2024-06-11 00:00:00,44300,365165,394,29,2024-07-10 00:00:00
CAMP100893,Instagram,Tech,Seasonal Sale,2024-06-12 00:00:00,69961,758182,1421,17,2024-06-29 00:00:00
CAMP100894,TikTok,Beauty,Giveaway,2024-06-13 00:00:00,9309,355640,3543,20,2024-07-03 00:00:00
CAMP100895,TikTok,Tech,Seasonal Sale,2024-06-14 00:00:00,6709,169997,2409,1,2024-06-15 00:00:00
CAMP100896,Instagram,Tech,Giveaway,2024-06-15 00:00:00,4271,832812,1342,24,2024-07-09 00:00:00
CAMP100897,Instagram,Fashion,Brand Awareness,2024-06-16 00:00:00,65423,363530,3255,22,2024-07-08 00:00:00
CAMP100898,Instagram,Fitness,Giveaway,2024-06-17 00:00:00,38168,432390,2799,18,2024-07-05 00:00:00
CAMP100899,YouTube,Food,Brand Awareness,2024-06-18 00:00:00,96783,84870,738,1,2024-06-19 00:00:00
CAMP100900,YouTube,Travel,Giveaway,2024-06-19 00:00:00,79677,971547,53,5,2024-06-24 00:00:00
CAMP100901,Instagram,Beauty,Giveaway,2024-06-20 00:00:00,59219,486773,618,7,2024-06-27 00:00:00
CAMP100902,Instagram,Fashion,Seasonal Sale,2024-06-21 00:00:00,58989,845793,4769,13,2024-07-04 00:00:00
CAMP100903,YouTube,Beauty,Product Launch,2024-06-22 00:00:00,56480,250018,107,13,2024-07-05 00:00:00
CAMP100904,Twitter,Fitness,Seasonal Sale,2024-06-23 00:00:00,33260,986239,2272,10,2024-07-03 00:00:00
CAMP100905,YouTube,Travel,Brand Awareness,2024-06-24 00:00:00,79757,195407,1680,22,2024-07-16 00:00:00
CAMP100906,YouTube,Fitness,Brand Awareness,2024-06-25 00:00:00,76418,344209,419,18,2024-07-13 00:00:00
CAMP100907,Instagram,Tech,Brand Awareness,2024-06-26 00:00:00,60596,828327,2325,23,2024-07-19 00:00:00
CAMP100908,Instagram,Fashion,Product Launch,2024-06-27 00:00:00,57079,161545,3949,28,2024-07-25 00:00:00
CAMP100909,Instagram,Gaming,Product Launch,2024-06-28 00:00:00,40035,820742,4858,22,2024-07-20 00:00:00
CAMP100910,TikTok,Beauty,Brand Awareness,2024-06-29 00:00:00,84720,962717,3501,19,2024-07-18 00:00:00
CAMP100911,TikTok,Fashion,Seasonal Sale,2024-06-30 00:00:00,3280,664996,1074,12,2024-07-12 00:00:00
CAMP100912,Twitter,Tech,Brand Awareness,2024-07-01 00:00:00,52825,987501,4768,6,2024-07-07 00:00:00
CAMP100913,Twitter,Travel,Brand Awareness,2024-07-02 00:00:00,98283,84939,4028,8,2024-07-10 00:00:00
CAMP100914,Twitter,Food,Event Promotion,2024-07-03 00:00:00,20933,158981,1506,20,2024-07-23 00:00:00
CAMP100915,Twitter,Fitness,Event Promotion,2024-07-04 00:00:00,80289,273306,1505,10,2024-07-14 00:00:00
CAMP100916,Instagram,Food,Giveaway,2024-07-05 00:00:00,96220,970982,960,23,2024-07-28 00:00:00
CAMP100917,Instagram,Fitness,Event Promotion,2024-07-06 00:00:00,46514,290732,1043,12,2024-07-18 00:00:00
CAMP100918,Instagram,Beauty,Event Promotion,2024-07-07 00:00:00,54995,841989,1661,9,2024-07-16 00:00:00
CAMP100919,YouTube,Travel,Product Launch,2024-07-08 00:00:00,22055,624188,3427,19,2024-07-27 00:00:00
CAMP100920,Instagram,Fitness,Giveaway,2024-07-09 00:00:00,89086,618968,4317,18,2024-07-27 00:00:00
CAMP100921,TikTok,Beauty,Giveaway,2024-07-10 00:00:00,89710,400715,4234,23,2024-08-02 00:00:00
CAMP100922,YouTube,Food,Product Launch,2024-07-11 00:00:00,65907,491545,4143,9,2024-07-20 00:00:00
CAMP100923,YouTube,Travel,Event Promotion,2024-07-12 00:00:00,14524,340308,3091,13,2024-07-25 00:00:00
CAMP100924,Instagram,Tech,Brand Awareness,2024-07-13 00:00:00,11541,700230,1320,18,2024-07-31 00:00:00
CAMP100925,Instagram,Gaming,Product Launch,2024-07-14 00:00:00,17455,476598,1257,15,2024-07-29 00:00:00
CAMP100926,Instagram,Tech,Seasonal Sale,2024-07-15 00:00:00,28089,678970,932,27,2024-08-11 00:00:00
CAMP100927,TikTok,Fitness,Event Promotion,2024-07-16 00:00:00,43803,651320,611,17,2024-08-02 00:00:00
CAMP100928,YouTube,Food,Giveaway,2024-07-17 00:00:00,33358,596036,3594,12,2024-07-29 00:00:00
CAMP100929,TikTok,Food,Giveaway,2024-07-18 00:00:00,52595,315279,4036,9,2024-07-27 00:00:00
CAMP100930,Instagram,Fashion,Seasonal Sale,2024-07-19 00:00:00,28007,765052,2168,14,2024-08-02 00:00:00
CAMP100931,Instagram,Fashion,Event Promotion,2024-07-20 00:00:00,69451,957623,4765,6,2024-07-26 00:00:00
CAMP100932,YouTube,Fitness,Event Promotion,2024-07-21 00:00:00,65175,720471,563,5,2024-07-26 00:00:00
CAMP100933,TikTok,Travel,Event Promotion,2024-07-22 00:00:00,7802,204265,4682,18,2024-08-09 00:00:00
CAMP100934,TikTok,Fitness,Product Launch,2024-07-23 00:00:00,44694,138520,2280,27,2024-08-19 00:00:00
CAMP100935,Instagram,Travel,Product Launch,2024-07-24 00:00:00,98614,407526,2824,28,2024-08-21 00:00:00
CAMP100936,Twitter,Tech,Giveaway,2024-07-25 00:00:00,79217,575037,3426,7,2024-08-01 00:00:00
CAMP100937,Instagram,Travel,Seasonal Sale,2024-07-26 00:00:00,94469,877568,4964,17,2024-08-12 00:00:00
CAMP100938,TikTok,Beauty,Giveaway,2024-07-27 00:00:00,29279,457091,531,12,2024-08-08 00:00:00
CAMP100939,Instagram,Travel,Giveaway,2024-07-28 00:00:00,53699,750206,2471,24,2024-08-21 00:00:00
CAMP100940,Instagram,Tech,Event Promotion,2024-07-29 00:00:00,34661,358324,2572,8,2024-08-06 00:00:00
CAMP100941,TikTok,Beauty,Giveaway,2024-07-30 00:00:00,66065,645941,4909,4,2024-08-03 00:00:00
CAMP100942,Instagram,Travel,Brand Awareness,2024-07-31 00:00:00,22182,159598,918,21,2024-08-21 00:00:00
CAMP100943,YouTube,Tech,Product Launch,2024-08-01 00:00:00,4509,569499,3548,4,2024-08-05 00:00:00
CAMP100944,YouTube,Beauty,Giveaway,2024-08-02 00:00:00,98389,700237,2760,1,2024-08-03 00:00:00
CAMP100945,Instagram,Tech,Product Launch,2024-08-03 00:00:00,28012,669065,531,3,2024-08-06 00:00:00
CAMP100946,TikTok,Beauty,Brand Awareness,2024-08-04 00:00:00,35883,500784,2953,26,2024-08-30 00:00:00
CAMP100947,TikTok,Tech,Seasonal Sale,2024-08-05 00:00:00,26912,586022,2109,17,2024-08-22 00:00:00
CAMP100948,TikTok,Tech,Giveaway,2024-08-06 00:00:00,73289,521001,3016,25,2024-08-31 00:00:00
CAMP100949,Instagram,Travel,Giveaway,2024-08-07 00:00:00,22590,279885,977,4,2024-08-11 00:00:00
CAMP100950,YouTube,Food,Product Launch,2024-08-08 00:00:00,1208,350758,4830,10,2024-08-18 00:00:00
CAMP100951,Instagram,Tech,Seasonal Sale,2024-08-09 00:00:00,97434,983959,4849,5,2024-08-14 00:00:00
CAMP100952,Instagram,Gaming,Event Promotion,2024-08-10 00:00:00,48694,559500,4649,16,2024-08-26 00:00:00
CAMP100953,Instagram,Fitness,Product Launch,2024-08-11 00:00:00,38989,153817,377,26,2024-09-06 00:00:00
CAMP100954,Twitter,Beauty,Seasonal Sale,2024-08-12 00:00:00,58971,268554,4875,4,2024-08-16 00:00:00
CAMP100955,TikTok,Fashion,Event Promotion,2024-08-13 00:00:00,40453,421532,447,17,2024-08-30 00:00:00
CAMP100956,TikTok,Food,Brand Awareness,2024-08-14 00:00:00,65858,969351,4808,7,2024-08-21 00:00:00
CAMP100957,YouTube,Tech,Seasonal Sale,2024-08-15 00:00:00,63148,864210,4994,18,2024-09-02 00:00:00
CAMP100958,YouTube,Travel,Product Launch,2024-08-16 00:00:00,30451,779048,2058,25,2024-09-10 00:00:00
CAMP100959,YouTube,Travel,Brand Awareness,2024-08-17 00:00:00,30469,541213,4408,23,2024-09-09 00:00:00
CAMP100960,YouTube,Tech,Brand Awareness,2024-08-18 00:00:00,47207,842309,4939,21,2024-09-08 00:00:00
CAMP100961,YouTube,Food,Giveaway,2024-08-19 00:00:00,87382,986466,184,24,2024-09-12 00:00:00
CAMP100962,Instagram,Tech,Seasonal Sale,2024-08-20 00:00:00,24181,513941,1052,4,2024-08-24 00:00:00
CAMP100963,Instagram,Food,Event Promotion,2024-08-21 00:00:00,85825,11518,4760,12,2024-09-02 00:00:00
CAMP100964,Twitter,Beauty,Seasonal Sale,2024-08-22 00:00:00,61969,368521,4325,14,2024-09-05 00:00:00
CAMP100965,YouTube,Beauty,Event Promotion,2024-08-23 00:00:00,34346,498013,2639,11,2024-09-03 00:00:00
CAMP100966,Twitter,Tech,Product Launch,2024-08-24 00:00:00,24338,919344,298,18,2024-09-11 00:00:00
CAMP100967,Instagram,Tech,Event Promotion,2024-08-25 00:00:00,20338,583306,1049,13,2024-09-07 00:00:00
CAMP100968,YouTube,Fitness,Product Launch,2024-08-26 00:00:00,2423,680534,1258,21,2024-09-16 00:00:00
CAMP100969,Instagram,Fashion,Brand Awareness,2024-08-27 00:00:00,4707,874765,3253,13,2024-09-09 00:00:00
CAMP100970,Instagram,Fitness,Brand Awareness,2024-08-28 00:00:00,39516,708267,4203,29,2024-09-26 00:00:00
CAMP100971,Instagram,Beauty,Seasonal Sale,2024-08-29 00:00:00,13968,345818,589,16,2024-09-14 00:00:00
CAMP100972,Instagram,Travel,Seasonal Sale,2024-08-30 00:00:00,11520,230813,4397,15,2024-09-14 00:00:00
CAMP100973,Twitter,Beauty,Giveaway,2024-08-31 00:00:00,73547,281624,3134,18,2024-09-18 00:00:00
CAMP100974,Instagram,Food,Product Launch,2024-09-01 00:00:00,38487,353411,792,6,2024-09-07 00:00:00
CAMP100975,YouTube,Tech,Seasonal Sale,2024-09-02 00:00:00,58372,444318,3729,3,2024-09-05 00:00:00
CAMP100976,YouTube,Fashion,Seasonal Sale,2024-09-03 00:00:00,13159,408533,2467,21,2024-09-24 00:00:00
CAMP100977,YouTube,Gaming,Seasonal Sale,2024-09-04 00:00:00,70970,386654,340,18,2024-09-22 00:00:00
CAMP100978,YouTube,Tech,Seasonal Sale,2024-09-05 00:00:00,12458,690320,3856,2,2024-09-07 00:00:00
CAMP100979,Instagram,Beauty,Giveaway,2024-09-06 00:00:00,54008,283412,1296,3,2024-09-09 00:00:00
CAMP100980,Twitter,Gaming,Brand Awareness,2024-09-07 00:00:00,94489,291659,3708,26,2024-10-03 00:00:00
CAMP100981,TikTok,Beauty,Seasonal Sale,2024-09-08 00:00:00,40750,583999,4079,6,2024-09-14 00:00:00
CAMP100982,TikTok,Beauty,Giveaway,2024-09-09 00:00:00,51278,236573,1508,4,2024-09-13 00:00:00
CAMP100983,YouTube,Beauty,Giveaway,2024-09-10 00:00:00,47964,276234,1512,17,2024-09-27 00:00:00
CAMP100984,Instagram,Fashion,Giveaway,2024-09-11 00:00:00,20351,453521,4136,11,2024-09-22 00:00:00
CAMP100985,Twitter,Gaming,Seasonal Sale,2024-09-12 00:00:00,15889,704679,4539,11,2024-09-23 00:00:00
CAMP100986,Instagram,Fitness,Giveaway,2024-09-13 00:00:00,9727,958908,2579,23,2024-10-06 00:00:00
CAMP100987,Instagram,Fashion,Event Promotion,2024-09-14 00:00:00,46920,798950,3323,11,2024-09-25 00:00:00
CAMP100988,Instagram,Gaming,Seasonal Sale,2024-09-15 00:00:00,90772,946166,3335,26,2024-10-11 00:00:00
CAMP100989,TikTok,Fitness,Seasonal Sale,2024-09-16 00:00:00,75539,35970,2733,29,2024-10-15 00:00:00
CAMP100990,YouTube,Fitness,Seasonal Sale,2024-09-17 00:00:00,43507,8926,393,3,2024-09-20 00:00:00
CAMP100991,TikTok,Food,Brand Awareness,2024-09-18 00:00:00,95332,779332,3082,5,2024-09-23 00:00:00
CAMP100992,TikTok,Food,Product Launch,2024-09-19 00:00:00,93783,457078,677,21,2024-10-10 00:00:00
CAMP100993,Instagram,Tech,Event Promotion,2024-09-20 00:00:00,98036,542885,2046,6,2024-09-26 00:00:00
CAMP100994,Twitter,Travel,Event Promotion,2024-09-21 00:00:00,22563,456338,4230,7,2024-09-28 00:00:00
CAMP100995,YouTube,Fashion,Giveaway,2024-09-22 00:00:00,64470,327764,2838,21,2024-10-13 00:00:00
CAMP100996,YouTube,Food,Seasonal Sale,2024-09-23 00:00:00,27888,52993,2628,9,2024-10-02 00:00:00
CAMP100997,Instagram,Tech,Brand Awareness,2024-09-24 00:00:00,59515,924889,2787,7,2024-10-01 00:00:00
CAMP100998,Twitter,Food,Product Launch,2024-09-25 00:00:00,25653,879661,4645,15,2024-10-10 00:00:00